DEPTH_LSF,UCAV,RHON,GR_RAB,GRMA,BPHI,TNPH,A40B,RES_BD,P16B,VCO,VSH
0.1348,8.671005,1.402081,7.57595,,,,0.5914746,0.2832057,0.6091384,,
0.2872,8.791258,1.385705,12.68741,,,,0.6244271,0.2836373,0.6275796,,
0.4396,9.234136,1.358488,20.45794,1.550004,78.2805,76.583,0.6655473,0.3495328,0.6441994,,
0.592,9.187814,1.354235,29.8743,3.260399,76.7572,73.069,0.7035133,0.4333472,0.6638923,,
0.7444,8.867629,1.368756,34.88909,6.369422,82.571,87.7254,0.7409315,0.49919,0.682845,,
0.8968,8.889997,1.398667,36.02594,7.97659,76.0455,74.5799,0.7691683,0.5165228,0.7316166,,
1.0492,8.868129,1.439892,38.90244,8.406051,74.2058,73.4775,0.8095732,0.6148863,0.761301,,
1.2016,8.916947,1.494797,41.46163,6.319276,70.6079,69.6173,0.8395126,0.588059,0.8044546,,
1.354,8.958128,1.537635,43.08964,12.40496,65.5683,62.5157,0.8653269,0.505169,0.8447148,,
1.5064,9.044688,1.582692,45.42294,18.11183,62.6393,59.6429,0.9064939,0.6244115,0.9109544,,
1.6588,9.426934,1.609184,44.8082,22.68578,67.6515,70.6774,0.9434404,0.7234258,0.9784994,,
1.8112,9.225904,1.626296,41.95258,21.55041,63.6945,63.7933,0.977337,0.7104686,1.016009,,
1.9636,9.189378,1.62507,43.17605,20.15838,60.313,57.6844,1.000243,0.7089053,1.029492,,
2.116,9.23678,1.64945,46.04739,19.82528,57.9335,54.8264,1.060829,0.6880338,1.08639,,
2.2684,9.16474,1.655208,46.77017,23.39613,61.3295,60.9329,1.102087,0.7571719,1.097134,,
2.4208,9.123997,1.659536,49.32003,26.50686,57.5643,54.6625,1.144138,1.005667,1.135802,,
2.5732,9.10693,1.651868,54.03304,30.07907,62.9634,63.7914,1.169572,0.8442293,1.15763,,
2.7256,9.028781,1.64136,55.68003,28.53753,60.0642,58.0242,1.192052,1.040405,1.140269,,
2.878,9.231653,1.625059,53.83216,30.75256,62.4901,61.5019,1.199896,1.112646,1.100309,,
3.0304,9.121852,1.617731,51.67237,32.90813,64.4231,64.7078,1.202427,1.124729,1.055069,,
3.1828,8.869075,1.601983,50.29058,34.02897,60.3118,56.6177,1.225926,0.8452424,0.9615031,,
3.3352,9.077502,1.597065,49.76334,34.01731,63.1684,61.2927,1.242254,0.9603981,0.946778,,
3.4876,9.151563,1.583696,49.05704,33.31009,62.8414,60.0435,1.239831,1.201606,0.9648978,,
3.64,9.178906,1.588094,48.64764,35.14579,63.4005,61.2498,1.237882,1.346296,1.013121,,
3.7924,9.13648,1.621074,48.73972,35.81449,65.6361,67.2659,1.25033,1.002881,1.045869,,
3.9448,8.90044,1.65182,48.361,37.2316,62.7837,63.4482,1.263611,1.497845,1.063046,,
4.0972,9.205897,1.661049,48.70903,39.95298,61.292,61.1606,1.267748,1.472692,1.09243,,
4.2496,9.04267,1.6663,48.37569,43.94797,62.2335,63.1821,1.270764,1.177354,1.105819,,
4.402,9.007496,1.656062,46.84602,44.62014,66.3928,70.9639,1.281589,0.9544675,1.115893,,
4.5544,8.988491,1.630238,47.26814,44.41915,63.8468,64.2961,1.282873,1.014463,1.105169,,
4.7068,8.802139,1.60548,49.66502,42.17454,64.5331,64.2439,1.274036,1.439909,1.110606,,
4.8592,8.901235,1.577388,51.19345,42.4181,66.3093,66.0663,1.3076,1.194854,1.106105,,
5.0116,8.768938,1.537319,51.72956,41.48789,65.3106,62.0391,1.30781,1.411523,1.125974,,
5.164,8.88975,1.519777,53.69537,42.58618,71.8013,73.7064,1.309957,1.385531,1.184006,,
5.3164,8.887499,1.516304,57.02204,43.40406,71.3961,72.608,1.316865,1.285295,1.175057,,
5.4688,8.831072,1.51083,58.59121,46.54589,71.5673,72.6109,1.328624,1.2962,1.150032,,
5.6212,8.775753,1.522443,57.11709,47.77649,75.4838,82.4761,1.343911,1.165307,1.129174,,
5.7736,8.747293,1.54758,55.71812,51.14898,64.135,60.4969,1.335453,1.11238,1.14359,,
5.926,8.716775,1.59317,55.08333,52.07708,63.1142,60.9981,1.334179,1.192188,1.181687,,
6.0784,8.764368,1.628361,53.14789,52.0144,61.0943,59.1853,1.325392,1.336776,1.2849,,
6.2308,8.880887,1.654901,52.05415,52.31421,54.9038,50.2972,1.345538,1.314295,1.287053,,
6.3832,8.855827,1.696134,53.4689,53.9929,57.1089,55.5126,1.334105,1.24591,1.293841,,
6.5356,8.953785,1.728861,53.99767,54.41224,57.2492,57.2333,1.337644,1.398336,1.299559,,
6.688,9.157351,1.754663,54.25978,52.7257,54.5053,53.6998,1.351481,1.453725,1.31704,,
6.8404,9.203551,1.784885,54.7993,50.43787,54.817,55.5368,1.363187,1.330491,1.319795,,
6.9928,9.123552,1.813995,54.07341,52.52752,51.6127,51.3717,1.374786,1.441368,1.313681,,
7.1452,9.2783,1.808178,54.12974,54.75118,53.4847,54.2583,1.374625,1.380474,1.29141,,
7.2976,9.392083,1.795814,54.34666,54.58473,53.7212,54.1323,1.378044,1.619908,1.262727,,
7.45,9.367877,1.769461,55.82775,51.69021,56.4527,57.7131,1.385974,1.525051,1.222154,,
7.6024,9.54072,1.766836,58.18536,48.77446,63.5196,71.7292,1.407983,1.70723,1.130647,,
7.7548,9.444072,1.748323,58.09642,47.84523,62.217,67.7533,1.423929,1.488539,1.12596,,
7.9072,9.538427,1.751403,55.61918,46.80194,65.4986,75.276,1.459047,1.433424,1.12036,,
8.0596,9.311877,1.741971,55.06752,46.8269,54.8469,53.7297,1.444573,1.628237,1.20066,,
8.212,9.380189,1.739772,57.67664,46.49416,53.2455,51.0524,1.44445,1.391942,1.320727,,
8.3644,9.251486,1.725777,56.97464,47.67605,59.2317,60.6473,1.461573,1.29355,1.292564,,
8.5168,9.174399,1.712252,54.19677,48.11876,54.6785,52.2228,1.469129,1.420233,1.343075,,
8.6692,9.324492,1.699324,55.79133,48.91028,58.3757,57.8256,1.472441,1.466286,1.305279,,
8.8216,9.70311,1.693417,57.87625,49.58228,57.0143,55.2348,1.482427,1.866177,1.261296,,
8.974,9.974066,1.644134,56.78849,50.36012,59.4258,57.0657,1.481677,1.597458,1.261225,,
9.1264,9.71333,1.615884,55.38343,48.91773,60.5678,57.687,1.468863,1.700982,1.289902,,
9.2788,9.616965,1.573723,53.792,47.41614,65.9735,65.2168,1.472567,1.489103,1.292593,,
9.4312,9.643811,1.523181,54.55145,45.9811,64.4268,59.7879,1.47857,1.554474,1.265847,,
9.5836,9.230997,1.488576,56.80001,45.95681,68.1805,64.6095,1.479144,1.538339,1.218302,,
9.736,9.556977,1.487156,57.56602,46.42009,73.1943,74.5117,1.475079,1.759467,1.218235,,
9.8884,9.437516,1.47901,57.67176,45.76346,67.8975,63.5762,1.480683,1.333082,1.17719,,
10.0408,9.221154,1.525504,56.82529,47.59163,64.37,59.8056,1.4645,1.516063,1.208367,,
10.1932,9.679179,1.575535,56.29827,47.87029,63.6269,61.014,1.445289,1.941867,1.262735,,
10.3456,9.738203,1.609168,56.2455,49.81884,66.7033,68.711,1.435472,1.551565,1.258824,,
10.498,10.16899,1.631618,56.53,50.34824,64.2532,65.152,1.421422,1.735304,1.301203,,
10.6504,10.1979,1.635786,55.49786,50.99692,61.9886,61.1418,1.431825,1.514742,1.296629,,
10.8028,10.94326,1.622766,54.77747,49.16096,65.7456,67.5847,1.420991,1.534521,1.243142,,
10.9552,11.86759,1.624099,59.07663,46.955,65.0438,66.2681,1.418699,1.772493,1.21465,,
11.1076,11.1125,1.610345,61.76951,46.35725,62.2671,60.3593,1.430296,1.549759,1.170472,,
11.26,10.90594,1.600772,58.63406,47.10678,61.5518,58.6474,1.429046,1.542361,1.177442,,
11.4124,10.81421,1.607891,58.33245,48.5175,63.2962,62.0806,1.44625,1.252519,1.202329,,
11.5648,10.13607,1.616011,60.89138,49.51088,61.404,59.1258,1.445563,1.475587,1.22665,,
11.7172,10.26716,1.627146,60.48185,51.60293,60.256,57.6848,1.443892,1.726452,1.246074,,
11.8696,10.16292,1.634083,59.30977,53.36722,60.7694,58.896,1.443571,1.40839,1.230461,,
12.022,10.19946,1.623758,59.4978,53.61894,62.8586,62.1062,1.432479,1.613293,1.18333,,
12.1744,10.7209,1.619828,60.34148,51.2066,66.3161,68.5644,1.445576,1.809051,1.148988,,
12.3268,10.51665,1.604636,60.71234,47.48335,66.0599,67.1492,1.454592,1.73429,1.057924,,
12.4792,11.20378,1.566338,59.93123,42.76213,63.7026,60.6835,1.481549,1.551092,1.02331,,
12.6316,10.6661,1.549585,57.96424,42.16219,69.2298,70.2211,1.496704,1.678975,1.018314,,
12.784,9.539139,1.561968,57.36185,43.89577,67.4964,67.4871,1.480007,1.640218,1.074085,,
12.9364,9.383821,1.581228,59.67095,47.74216,62.8462,59.9299,1.473405,1.698656,1.15664,,
13.0888,9.609594,1.60703,61.12956,49.48949,62.3187,60.285,1.484059,1.717676,1.071007,,
13.2412,10.22032,1.67343,61.75658,51.80927,63.5322,66.0944,1.467829,1.427002,1.285248,,
13.3936,10.04304,1.729421,62.35781,52.90974,58.6241,59.7132,1.471491,1.608518,1.309766,,
13.546,10.06028,1.762283,61.42366,54.17484,54.4063,53.8584,1.468448,1.541858,1.332722,,
13.6984,9.763157,1.76946,60.2976,54.03857,55.1156,55.3701,1.464794,1.629379,1.344263,,
13.8508,9.733176,1.765887,59.2509,55.60175,52.7707,51.3316,1.474919,1.760669,1.352027,,
14.0032,9.60873,1.764215,59.3442,56.16704,54.9847,54.9162,1.476855,1.46961,1.359347,,
14.1556,9.519781,1.737165,60.13677,56.4894,59.2966,61.3446,1.483616,1.571724,1.351058,,
14.308,9.67626,1.702372,61.06917,54.51455,59.2375,59.4987,1.486701,1.327063,1.327905,,
14.4604,9.733719,1.679739,61.94331,54.27811,64.7656,68.9836,1.491661,1.612842,1.319271,,
14.6128,9.496908,1.650823,61.94774,51.56412,59.7519,57.933,1.500468,1.423414,1.293115,,
14.7652,9.817616,1.630085,62.55912,51.55865,60.8618,58.8643,1.510103,1.681893,1.253436,,
14.9176,9.628489,1.641603,62.01283,50.32358,62.9487,63.2126,1.514288,1.497297,1.274166,,
15.07,9.347083,1.658783,59.96121,52.1539,60.589,59.7807,1.518158,1.642732,1.308059,,
15.2224,9.25935,1.686923,58.12366,53.36015,58.4333,57.3473,1.504326,1.618368,1.384121,,
15.3748,9.130006,1.724515,61.97689,56.43237,56.8924,56.4153,1.513592,1.29793,1.394101,,
15.5272,9.087973,1.753443,72.00117,57.4449,55.6707,55.6135,1.515984,1.614044,1.396336,,
15.6796,9.042713,1.773563,78.7957,57.85771,54.668,54.7835,1.528105,1.722582,1.424323,,
15.832,9.048582,1.787447,80.6436,57.06929,59.1823,63.7641,1.53788,1.456926,1.406211,,
15.9844,9.206471,1.792356,74.98789,58.65131,55.3892,56.8771,1.549994,1.622927,1.410949,,
16.1368,9.208334,1.781951,65.4979,57.14271,53.7516,53.5951,1.553127,1.446798,1.403464,,
16.2892,9.210856,1.793896,64.62341,57.41264,53.954,54.4466,1.56097,1.497021,1.412915,,
16.4416,9.355617,1.799981,71.33504,55.12664,56.3723,59.0172,1.567449,1.774638,1.43584,,
16.594,9.29468,1.813049,76.66233,55.63725,52.1064,52.1446,1.559351,1.976224,1.438489,,
16.7464,9.212179,1.827442,78.0084,55.30817,52.1211,52.7584,1.589327,2.072644,1.45796,,
16.8988,9.083749,1.849478,78.97098,56.71393,51.0467,51.8589,1.578117,1.321471,1.513231,,
17.0512,9.045358,1.849735,81.39729,59.90097,54.9044,58.6807,1.576455,1.215141,1.492733,,
17.2036,9.074165,1.855888,84.70592,60.10103,45.3981,43.346,1.566638,1.496764,1.512284,,
17.356,9.042002,1.858674,84.59567,60.69015,49.995,50.4877,1.553408,2.109576,1.499505,,
17.5084,9.089995,1.859733,82.66356,58.80053,48.4241,48.0149,1.563399,1.374316,1.493675,,
17.6608,9.099999,1.832111,82.21559,59.46371,54.1089,56.4047,1.559165,1.637799,1.490553,,
17.8132,9.097708,1.81947,79.51938,58.10813,51.1088,50.769,1.554644,1.715143,1.461242,,
17.9656,9.095973,1.822967,76.20642,57.84721,55.1164,57.8046,1.567306,1.834171,1.437549,,
18.118,8.972529,1.813609,76.20433,56.03486,53.1208,53.8699,1.552469,1.543651,1.346142,,
18.2704,9.136236,1.813475,77.55582,55.04667,48.7481,46.8598,1.523008,1.649938,1.317172,,
18.4228,9.040786,1.802972,76.85804,54.66485,54.7572,56.2401,1.527573,1.396352,1.225198,,
18.5752,9.084463,1.773705,76.33318,53.04529,51.6717,49.8945,1.560804,1.424586,1.364452,,
18.7276,9.07025,1.743763,78.31574,51.4296,54.2556,52.8327,1.529784,2.056201,1.265784,,
18.88,9.07375,1.726918,80.25542,49.2495,58.4117,59.2052,1.49708,2.547246,1.17864,,
19.0324,9.09025,1.703506,81.01791,51.61736,60.3529,61.5979,1.501469,1.237367,1.088645,,
19.1848,9.034376,1.705707,80.83192,53.68355,56.2465,54.4945,1.570173,1.320181,1.112315,,
19.3372,9.103745,1.717001,80.48914,55.15891,56.5331,55.4664,1.54114,1.405077,1.216239,,
19.4896,9.189741,1.738279,81.69024,54.41816,55.5078,54.6718,1.543931,1.259063,1.267229,,
19.642,9.239994,1.767953,82.34875,54.8712,52.6909,51.2849,1.570368,1.252637,1.349041,,
19.7944,9.193131,1.784537,81.31108,55.62564,54.0161,54.1492,1.578238,1.332519,1.386956,,
19.9468,9.22134,1.798881,80.48529,56.97852,54.73,56.0081,1.602066,1.492453,1.515565,,
20.0992,9.662459,1.821123,81.46604,56.07566,54.2346,56.1331,1.626693,1.589382,1.593889,,
20.2516,9.426679,1.822827,83.60866,57.76168,51.9982,52.3638,1.656289,0.9193462,1.590549,,
20.404,9.510596,1.833494,82.4724,58.28994,48.6175,47.3696,1.658083,1.728208,1.598462,,
20.5564,9.254431,1.829659,79.01951,59.64497,52.9992,54.3456,1.65211,1.832387,1.591612,,
20.7088,9.22828,1.84632,77.13224,58.64284,47.827,46.6148,1.656536,1.770942,1.554334,,
20.8612,9.208495,1.851662,75.61879,56.80265,52.1946,53.8974,1.66244,1.459612,1.417094,,
21.0136,8.933233,1.850458,75.59033,56.26915,47.9312,46.9208,1.663521,2.043216,1.386583,,
21.166,9.240236,1.843895,76.90926,56.59548,51.6293,52.6088,1.64004,2.336438,1.485348,,
21.3184,9.307494,1.841316,75.95377,56.77864,54.0032,56.6323,1.628876,1.781496,1.531615,,
21.4708,9.308437,1.831601,74.432,56.0571,51.9438,52.6313,1.604349,2.000196,1.547947,,
21.6232,9.213014,1.825076,75.24419,55.68055,56.4701,60.4327,1.597601,2.334149,1.523354,,
21.7756,9.147115,1.790376,78.89441,55.32906,52.7334,52.255,1.570739,2.446017,1.483676,,
21.928,9.283141,1.740275,80.66924,51.76245,56.1952,55.9263,1.562225,1.755515,1.371435,,
22.0804,9.364082,1.708963,78.87048,49.14236,53.4516,50.1714,1.535184,2.132092,1.34171,,
22.2328,9.484761,1.663811,76.72579,46.74512,55.6213,51.7471,1.53764,2.046359,1.212534,,
22.3852,9.568864,1.612352,74.87038,48.35291,60.0163,56.5997,1.476719,1.167848,1.251583,,
22.5376,9.46974,1.552896,74.35959,45.90947,69.8533,71.73,1.4616,0.9738383,1.1343,,
22.69,9.33894,1.490411,75.62074,41.84126,65.5601,60.0933,1.44908,1.271906,1.02779,,
22.8424,9.387915,1.444178,76.97785,37.47264,70.4792,66.3611,1.395319,1.470379,0.957045,,
22.9948,9.102194,1.404624,75.43751,36.38924,70.1269,63.5297,1.338415,1.236076,0.9711224,,
23.1472,8.997923,1.375153,72.30784,36.93016,70.831,63.1779,1.388453,1.739476,0.9772376,,
23.2996,8.845763,1.362585,70.24828,37.35556,78.8573,78.1604,1.400494,0.8198701,1.005794,,
23.452,9.123432,1.341058,67.69735,37.27436,73.832,66.6079,1.452545,1.324953,1.016924,,
23.6044,9.532231,1.289244,63.81543,37.04224,78.8884,73.0914,1.522159,1.097668,0.9147693,,
23.7568,9.457044,1.23338,60.66532,34.74474,85.9545,84.6492,1.440463,0.9187594,0.6485055,,
23.9092,8.808778,1.162212,58.35171,28.64932,89.9468,88.5717,1.364343,1.077652,0.4530256,,
24.0616,8.297282,1.063425,55.8846,20.82384,89.7979,79.9789,1.257577,0.9791365,0.3614841,,
24.214,8.235679,1.017183,53.41464,15.17619,99.485,101.7951,1.185266,0.7558265,0.3298828,,
24.3664,7.956903,1.038075,52.88755,11.26991,100.3742,107.4715,1.131892,0.6992397,0.3309886,,
24.5188,8.25142,1.104305,54.15818,11.65716,95.1647,97.6758,1.123762,0.7022467,0.3534979,,
24.6712,8.360434,1.193946,54.8842,15.6876,83.8925,76.8683,1.129551,0.7133495,0.4251507,,
24.8236,8.910303,1.275956,54.99301,25.51485,78.6863,71.8178,1.107673,0.6256233,0.5858628,,
24.976,9.338424,1.317452,56.92068,33.53675,83.2926,85.128,1.121645,0.4766559,0.7128235,,
25.1284,8.914402,1.360704,61.92909,37.52832,77.7219,75.5334,1.096186,0.561893,0.7928925,,
25.2808,8.794178,1.386927,64.78731,36.92606,74.3852,70.4128,1.080808,0.5389395,0.8978613,,
25.4332,9.117959,1.386066,63.66022,37.1253,76.6906,75.0897,1.08163,0.8150972,0.9411554,,
25.5856,9.486162,1.366781,62.72557,36.62155,77.1856,74.8121,1.158019,0.84478,1.050623,,
25.738,9.393834,1.338381,60.97579,36.13672,78.3146,75.2421,1.178636,0.8286263,0.9431203,,
25.8904,9.260599,1.278536,56.13783,31.01726,81.0977,76.9675,1.115212,0.8971478,0.6380201,,
26.0428,9.117808,1.193578,53.38006,26.14854,84.4323,78.0016,0.9558792,1.025063,0.3777489,,
26.1952,8.730948,1.124476,54.17271,20.17151,92.5861,92.1713,0.8510715,0.9121564,0.2839333,,
26.3476,8.113976,1.101862,52.40413,16.14807,96.6392,102.1432,0.7674404,0.9219813,0.260667,,
26.5,8.314169,1.117885,50.01747,13.68828,88.2907,80.8147,0.6887891,0.5461614,0.2494992,,
26.6524,8.553753,1.202615,48.85536,13.0603,88.2776,87.8582,0.7219557,0.410443,0.2641107,,
26.8048,8.737393,1.317558,46.53523,18.18202,83.2012,84.9073,0.8368806,0.3819846,0.3391316,,
26.9572,8.989454,1.394044,45.89414,25.49783,77.989,78.5286,0.8590024,0.4350027,0.4435518,,
27.1096,9.047496,1.462924,48.8146,32.51191,77.2187,82.0148,0.9652209,0.425012,0.6508167,,
27.262,9.175488,1.525808,53.90527,37.82462,72.7816,76.2939,1.009856,0.4750249,0.7758119,,
27.4144,9.110633,1.566759,61.9292,41.53629,67.4399,67.6585,1.099861,0.458207,0.9182194,,
27.5668,9.336841,1.605957,70.94608,43.83364,63.8795,63.0489,1.228414,0.4970075,1.064978,,
27.7192,9.367899,1.660375,75.06384,45.65127,60.7938,60.225,1.327574,0.5121521,1.186955,,
27.8716,9.281884,1.720497,76.19347,46.79229,54.1833,51.7676,1.395452,0.8756825,1.314019,,
28.024,9.338732,1.772097,77.30402,49.38204,53.0846,52.0853,1.497775,0.8840316,1.536444,,
28.1764,9.204793,1.800464,77.87701,50.16248,52.6318,52.4985,1.559218,0.873014,1.460971,,
28.3288,9.220636,1.809562,77.36508,52.45155,53.4995,54.3416,1.608736,1.305816,1.434631,,
28.4812,9.371243,1.800809,76.52608,53.8006,54.4636,55.6272,1.604717,1.565844,1.392037,,
28.6336,9.257187,1.772656,77.79208,54.99757,55.5073,56.1889,1.611017,1.662081,1.27484,,
28.786,9.192084,1.745409,80.23146,53.39211,51.3481,48.3368,1.618593,1.69699,1.140666,,
28.9384,8.918049,1.730753,80.80872,51.31295,53.1009,50.4712,1.595,2.323463,1.146016,,
29.0908,9.316122,1.720273,78.76842,52.19297,56.7135,55.9178,1.579123,0.6663414,1.13465,,
29.2432,9.16948,1.719571,78.13317,52.14436,54.8435,52.7866,1.635007,1.28337,1.125567,,
29.3956,9.184499,1.773697,80.03108,53.74281,53.9136,53.5171,1.585827,0.995571,1.242435,,
29.548,9.104603,1.806563,80.75701,54.25542,51.7281,51.2638,1.598711,1.248822,1.336639,,
29.7004,9.191024,1.831414,81.06881,56.4387,47.377,45.4286,1.618633,1.606624,1.461037,,
29.8528,9.311255,1.808769,80.1675,58.61509,51.8215,51.5027,1.623172,1.320714,1.435074,,
30.0052,9.339445,1.766695,77.85099,58.66415,57.5091,59.4954,1.575955,2.129871,1.3127,,
30.1576,9.551109,1.727712,79.42809,56.06609,63.1041,68.3903,1.515104,0.9837053,1.137862,,
30.31,9.543863,1.696991,79.43127,51.2227,62.2933,64.9671,1.559723,1.566008,0.9963936,,
30.4624,9.446252,1.662697,75.38046,48.54794,55.3085,51.2191,1.545844,0.9914094,1.006167,,
30.6148,9.503333,1.644952,74.63901,46.78521,60.2811,58.5685,1.48551,1.408605,1.021047,,
30.7672,9.556896,1.635359,74.67897,48.96876,60.4271,58.3639,1.570353,1.105877,0.9727527,,
30.9196,9.428757,1.652261,75.70898,48.98289,65.7858,69.4408,1.477521,1.32839,0.9956596,,
31.072,9.487103,1.673637,77.51331,49.80477,61.871,62.8869,1.504698,1.111545,0.8863515,,
31.2244,9.41105,1.690898,76.57333,49.10067,58.1123,56.9777,1.556942,1.765019,0.894065,,
31.3768,9.30199,1.727281,78.62423,48.5744,56.126,55.2319,1.470219,1.38392,1.087282,,
31.5292,9.259463,1.761386,83.08856,50.83677,56.8135,57.9787,1.565872,0.8250251,1.24688,,
31.6816,9.469481,1.809817,85.70722,53.01841,51.746,51.422,1.642221,1.062209,1.328615,,
31.834,9.207534,1.848829,87.43346,55.61776,52.516,54.3318,1.640032,1.299248,1.476015,,
31.9864,9.425424,1.895827,87.86753,57.94917,51.8491,55.1952,1.643988,1.579009,1.540625,,
32.1388,9.316867,1.903449,84.73049,59.65458,51.4061,54.7355,1.655566,1.494335,1.616144,,
32.2912,9.225247,1.89837,80.55463,61.02026,47.5017,47.9604,1.690979,2.113247,1.632059,,
32.4436,9.17719,1.880507,79.24274,59.82817,49.8591,51.1167,1.70569,1.538256,1.615187,,
32.596,9.231937,1.867088,77.57213,58.60363,49.2946,49.6714,1.801023,1.907886,1.312785,,
32.7484,9.283499,1.822524,75.4795,57.53934,51.7508,51.9393,1.723276,0.7702677,1.366365,,
32.9008,9.329998,1.785523,74.92,56.32986,51.1031,49.453,1.655695,1.267843,1.356825,,
33.0532,9.155017,1.762722,75.72202,52.62768,60.392,64.8305,1.649757,2.0942,1.182153,,
33.2056,9.247697,1.772571,78.6123,50.47385,50.5682,48.1509,1.639286,2.694951,1.118192,,
33.358,9.263501,1.754453,82.96751,48.80993,52.4772,50.416,1.626493,1.809055,1.241527,,
33.5104,9.272836,1.755928,85.6515,52.72039,56.9989,58.0527,1.605692,2.098701,1.302022,,
33.6628,9.379418,1.761993,84.2096,56.28495,54.9515,54.7614,1.586312,1.279814,1.611067,,
33.8152,9.625114,1.762281,82.18999,59.24686,56.2308,56.985,1.572935,2.104837,1.485565,,
33.9676,10.39622,1.767449,81.77805,59.15546,54.6981,54.5693,1.544886,1.903625,1.490719,,
34.12,10.59989,1.7807,81.68356,58.38383,56.9902,59.2228,1.51903,1.604923,1.408139,,
34.2724,10.69249,1.779315,82.50001,59.07874,55.6013,56.6563,1.50388,1.36071,1.42335,,
34.4248,10.57121,1.781144,83.54661,59.44095,53.7485,53.5556,1.49422,1.437194,1.437744,,
34.5772,10.23438,1.790404,83.78894,58.39372,54.0569,54.4706,1.497594,1.408766,1.439676,,
34.7296,10.09563,1.79887,84.40984,56.33844,52.6386,52.4456,1.495875,1.623873,1.459102,,
34.882,10.02875,1.822106,83.90128,56.46002,53.1372,54.2597,1.500032,1.690517,1.466378,,
35.0344,10.14124,1.825773,81.72424,57.36003,53.3893,54.8531,1.502087,1.353572,1.475647,,
35.1868,10.19437,1.818285,80.1068,57.15548,51.3661,51.1401,1.511947,1.288009,1.478031,,
35.3392,10.15517,1.817747,78.52029,55.76213,51.0031,50.5315,1.507326,1.747319,1.480992,,
35.4916,10.10749,1.813693,79.13267,55.05613,57.2641,61.3818,1.515742,1.637397,1.478333,,
35.644,10.04033,1.801816,81.78295,57.49887,53.2799,53.6393,1.496289,1.498055,1.471891,,
35.7964,10.11124,1.799603,82.64697,58.65143,52.9611,53.0111,1.521461,1.494563,1.475184,,
35.9488,10.0525,1.797959,81.80809,57.86151,55.931,58.1107,1.524075,1.446812,1.47128,,
36.1012,10.07012,1.794604,81.12076,56.95781,56.1852,58.4153,1.528251,1.396059,1.475389,,
36.2536,10.05594,1.799409,83.04529,56.22856,54.2073,55.1198,1.530444,1.596409,1.48222,,
36.406,10.03656,1.808561,84.86722,56.56022,59.4082,65.3823,1.544125,1.425907,1.501598,,
36.5584,9.990001,1.843159,85.16404,58.23293,50.2102,50.2355,1.547897,1.665696,1.508329,,
36.7108,9.914171,1.861875,85.10891,58.89351,50.1249,50.825,1.55813,1.422153,1.523329,,
36.8632,9.799913,1.884951,86.55328,63.11877,47.714,47.8131,1.567071,1.474947,1.531731,,
37.0156,9.743756,1.903308,86.8592,62.76916,46.9901,47.3326,1.57718,1.460222,1.546722,,
37.168,9.713443,1.919097,83.07053,62.62586,47.8112,49.2259,1.584993,1.520703,1.557751,,
37.3204,9.516221,1.924903,83.94741,59.27056,48.614,50.7795,1.589884,1.68689,1.58377,,
37.4728,9.391255,1.935515,88.18933,59.69227,46.3861,47.5256,1.593458,1.713461,1.594882,,
37.6252,9.421606,1.933219,88.64372,60.46909,46.8062,48.1152,1.607,1.441921,1.597491,,
37.7776,9.416874,1.930843,85.42434,63.97395,44.8264,44.9339,1.602201,1.548548,1.607758,,
37.93,9.41625,1.925679,82.71199,63.39664,45.8923,46.3987,1.607577,1.879648,1.600613,,
38.0824,9.406881,1.9037,81.78544,64.54173,46.9516,47.284,1.610704,2.051037,1.592412,,
38.2348,9.505007,1.896152,80.40356,62.80975,48.2872,49.1384,1.611795,1.62288,1.573535,,
38.3872,9.715209,1.899393,79.63076,62.02343,52.0122,55.6471,1.614232,1.649586,1.556463,,
38.5396,9.816956,1.897081,79.42109,63.56841,48.3369,49.2546,1.602224,1.993377,1.558216,,
38.692,9.812707,1.897285,80.75719,62.07481,50.2409,52.4363,1.607434,1.900487,1.562682,,
38.8444,9.781391,1.901581,84.09442,61.5561,49.0841,50.654,1.601334,1.619436,1.563097,,
38.9968,9.747325,1.902297,86.81223,58.9493,45.1897,44.538,1.606068,1.703933,1.570941,,
39.1492,9.747191,1.910957,86.13531,60.21744,44.4686,43.75,1.605036,1.668953,1.572015,,
39.3016,9.763515,1.911852,82.90129,61.1567,47.864,49.0399,1.609015,1.587142,1.571047,,
39.454,9.829597,1.906908,82.0355,58.19094,50.267,52.8777,1.61001,1.698283,1.576963,,
39.6064,9.681824,1.901556,83.98329,59.06141,47.1714,47.5542,1.612766,1.755977,1.577356,,
39.7588,9.928428,1.905832,83.77966,57.17545,49.2204,51.0488,1.614386,1.850677,1.586344,,
39.9112,9.691723,1.911163,81.37113,58.73677,45.408,45.1622,1.615182,1.71189,1.588108,,
40.0636,9.735621,1.906346,81.36609,56.61463,46.1519,46.1341,1.621052,1.89578,1.575212,,
40.216,9.672288,1.896392,81.72418,58.68968,47.5306,47.9356,1.618102,1.710617,1.586242,,
40.3684,9.547501,1.894144,80.94479,59.7464,47.0556,47.1086,1.619877,1.646932,1.591537,,
40.5208,9.732674,1.87734,82.37103,59.41657,49.0506,49.6664,1.625926,1.619982,1.59372,,
40.6732,9.850243,1.857661,82.85378,59.0281,50.083,50.5907,1.625467,1.564343,1.593179,,
40.8256,9.684838,1.84429,82.00078,57.11293,49.4974,49.1365,1.629045,1.678534,1.590469,,
40.978,9.80607,1.833702,83.05523,57.87502,52.2606,53.2526,1.632399,1.829763,1.591359,,
41.1304,9.960941,1.837442,86.36227,55.967,47.8026,46.2712,1.631822,1.768749,1.583449,,
41.2828,10.40988,1.841077,87.52194,55.66935,52.2371,53.5226,1.652349,1.702966,1.547392,,
41.4352,10.27761,1.843542,87.23942,54.40223,49.6904,49.4173,1.634641,1.705528,1.565091,,
41.5876,10.14538,1.842688,89.10304,55.78045,49.6226,49.2769,1.635534,1.625335,1.595386,,
41.74,9.81996,1.842488,86.83928,58.28241,49.0217,48.3201,1.634377,1.608972,1.619169,,
41.8924,9.476089,1.847576,82.53645,58.60968,50.9193,51.5704,1.634497,1.269481,1.616383,,
42.0448,9.419537,1.852812,82.425,57.90626,49.6703,49.7333,1.64213,1.677212,1.621196,,
42.1972,9.532001,1.864302,83.76752,58.91143,52.6465,55.2332,1.648962,1.597437,1.615503,,
42.3496,9.559583,1.876977,83.74944,60.63878,52.2902,55.1564,1.648959,1.703378,1.615788,,
42.502,9.634216,1.883776,82.49108,60.98676,47.9102,48.079,1.657146,1.693457,1.62073,,
42.6544,9.719814,1.885696,80.75016,59.50169,51.828,54.7155,1.659537,1.884728,1.623891,,
42.8068,9.764683,1.910651,81.88303,58.71559,49.0582,50.9668,1.669041,1.877533,1.62941,,
42.9592,9.834053,1.932692,82.6815,59.11024,47.8183,49.7516,1.676024,1.650694,1.632205,,
43.1116,9.708889,1.947934,81.82217,59.77932,44.9852,45.7543,1.668299,1.670171,1.634174,,
43.264,9.544746,1.951421,83.38799,60.44765,46.8535,48.8617,1.673446,1.629389,1.647191,,
43.4164,9.318236,1.94528,83.72733,62.49893,44.6751,45.1835,1.672174,1.740773,1.649125,,
43.5688,9.235772,1.950802,83.46275,64.24667,45.7576,47.0654,1.673132,1.696392,1.657134,,
43.7212,9.174381,1.941105,82.7285,64.56188,43.6137,43.4469,1.677377,2.045475,1.655695,,
43.8736,9.23188,1.926161,79.62568,65.35866,48.5131,50.6566,1.661604,1.936123,1.65566,,
44.026,9.296875,1.889472,79.61603,63.62954,54.6569,60.1429,1.661254,1.666433,1.651747,,
44.1784,9.303758,1.86048,82.74284,61.74539,50.0232,50.6006,1.665807,2.121437,1.612235,,
44.3308,9.86828,1.821008,82.18458,58.39145,53.0156,54.0025,1.666774,1.982096,1.513529,,
44.4832,10.11561,1.787814,78.85269,56.00278,54.1994,54.6011,1.65754,1.689685,1.458428,,
44.6356,10.09878,1.748258,78.13119,55.93377,53.4824,51.7652,1.644012,2.149982,1.52329,,
44.788,9.938456,1.726259,80.63924,56.32542,54.0607,51.8041,1.611439,2.081958,1.559672,,
44.9404,10.1731,1.7176,83.37424,56.74423,56.5678,55.5507,1.6213,1.533786,1.510476,,
45.0928,10.39701,1.720367,82.08453,56.75349,57.9771,58.1144,1.616919,1.096468,1.499207,,
45.2452,10.23869,1.737633,77.96146,57.31026,51.3974,48.1283,1.622552,1.570088,1.502106,,
45.3976,10.48461,1.73789,78.58398,55.7626,56.7546,56.7848,1.619929,2.285074,1.504354,,
45.55,10.65635,1.726683,81.2233,53.74195,50.8324,46.8985,1.61462,1.48514,1.526852,,
45.7024,9.827541,1.716598,80.30827,51.6297,54.5494,52.1919,1.641606,1.267589,1.470397,,
45.8548,10.24228,1.722899,80.78535,54.65715,57.1953,56.8635,1.617462,1.311231,1.539095,,
46.0072,10.3165,1.706844,82.24641,55.96431,57.4717,56.6069,1.610239,1.439925,1.567104,,
46.1596,10.76209,1.728793,82.17612,56.7676,55.1639,53.6937,1.634207,1.678993,1.520649,,
46.312,11.4663,1.755209,82.6713,55.15527,57.2481,58.4663,1.62463,1.467166,1.544493,,
46.4644,11.29541,1.781232,82.9123,53.8381,52.9679,52.2675,1.625064,1.78141,1.554627,,
46.6168,11.23155,1.795323,83.15334,53.53754,51.537,50.5155,1.621191,1.707949,1.563968,,
46.7692,11.01609,1.825185,84.19153,50.96739,50.0077,49.2303,1.621503,1.447798,1.57311,,
46.9216,10.68036,1.82057,85.03833,52.4514,52.4875,53.0895,1.619163,1.495947,1.578224,,
47.074,10.46846,1.806751,86.41634,52.79087,49.3624,47.5519,1.619923,1.479922,1.576337,,
47.2264,10.07626,1.797341,86.20746,57.32605,53.6293,54.0399,1.613806,1.241555,1.588416,,
47.3788,10.14301,1.813025,83.77848,57.81332,52.6297,53.0138,1.61186,1.613053,1.590785,,
47.5312,10.22285,1.796388,83.37629,59.48131,52.5238,52.1544,1.6195,1.618627,1.574719,,
47.6836,10.52373,1.824597,84.73019,57.63134,50.4337,49.8818,1.627675,1.590069,1.555114,,
47.836,10.28271,1.832759,82.66008,57.61191,53.1189,54.6869,1.620475,1.573407,1.54817,,
47.9884,10.27624,1.819492,77.88517,57.56223,51.0581,50.6874,1.619903,1.902568,1.56823,,
48.1408,10.0525,1.810943,76.90302,59.03072,50.4362,49.3664,1.619853,1.445448,1.583451,,
48.2932,9.552587,1.803518,80.27437,59.83164,48.5142,46.1643,1.623617,1.622137,1.603925,,
48.4456,9.474379,1.792841,83.34361,60.24541,52.3739,51.7651,1.653495,1.586842,1.528632,,
48.598,9.471666,1.785278,84.53787,61.20998,54.2528,54.5822,1.666109,1.552054,1.523802,,
48.7504,9.266777,1.798642,84.74944,61.11364,50.917,49.6585,1.65338,1.993931,1.534826,,
48.9028,9.299069,1.790375,84.02742,59.719,52.1762,51.3456,1.634317,1.933775,1.596377,,
49.0552,9.51287,1.7959,83.26018,57.42978,51.1728,49.9572,1.625598,1.858081,1.623247,,
49.2076,9.414272,1.815465,84.02326,56.85205,51.6302,51.4574,1.630609,1.325985,1.599735,,
49.36,9.427089,1.819388,86.15208,57.41653,53.2255,54.2933,1.631997,2.001768,1.599207,,
49.5124,9.456972,1.829562,86.60687,58.08153,51.6186,52.0037,1.628664,1.774964,1.605057,,
49.6648,9.534372,1.835606,84.10938,59.77795,51.7926,52.5407,1.62294,1.455845,1.602636,,
49.8172,9.516251,1.853435,83.08089,60.48235,47.3571,46.1495,1.61461,1.62074,1.610728,,
49.9696,9.518438,1.850081,83.78871,61.6394,50.7611,51.4075,1.612518,1.644137,1.601114,,
50.122,9.546945,1.855964,82.93394,59.97375,49.0888,48.9227,1.606935,1.739364,1.587865,,
50.2744,9.467504,1.855354,82.22612,61.39377,51.444,52.7644,1.594485,1.918775,1.578647,,
50.4268,9.516497,1.867045,84.03468,62.49182,53.0968,56.1609,1.583573,1.698942,1.56793,,
50.5792,9.417868,1.86407,86.34474,64.21134,49.2804,49.5324,1.568059,1.595784,1.542087,,
50.7316,9.298453,1.864073,85.96597,63.33271,51.7113,53.5854,1.565952,1.731838,1.541135,,
50.884,9.244991,1.85217,83.85294,62.28755,51.6089,52.9129,1.533977,1.790287,1.490132,,
51.0364,9.203391,1.861635,81.85909,62.64473,51.2405,52.6779,1.514795,1.440101,1.4786,,
51.1888,9.197502,1.839288,81.60036,63.62398,53.3713,55.4128,1.499175,1.557177,1.468829,,
51.3412,9.20687,1.838572,82.99229,65.23511,54.0293,56.553,1.491841,1.499976,1.438631,,
51.4936,9.173744,1.830299,83.56866,64.93498,52.2396,53.0737,1.490989,1.511984,1.436936,,
51.646,9.121259,1.834542,83.22224,62.93791,50.3854,50.1845,1.48233,1.743159,1.450444,,
51.7984,9.232501,1.836174,82.58434,61.43982,51.0252,51.2891,1.481236,1.224207,1.434374,,
51.9508,9.255116,1.849722,83.08616,60.5397,50.4343,50.854,1.474339,1.615055,1.449701,,
52.1032,9.379997,1.835922,84.96433,62.28109,48.9365,47.9469,1.469069,1.623406,1.439162,,
52.2556,9.272818,1.845097,84.2084,63.12338,51.3105,52.1202,1.463758,1.61648,1.425787,,
52.408,9.293123,1.836512,82.2806,63.39737,53.3917,55.3265,1.462197,1.585063,1.412139,,
52.5604,9.265003,1.841075,83.37936,60.72673,53.6154,55.925,1.458151,1.422136,1.411685,,
52.7128,9.281456,1.833438,83.88268,60.61998,53.907,56.1023,1.460947,1.677462,1.42035,,
52.8652,9.264215,1.82248,81.60303,61.43286,50.3782,49.7111,1.455209,1.585154,1.426589,,
53.0176,9.308962,1.814765,81.18101,62.7291,55.4522,58.0299,1.462485,1.520225,1.433296,,
53.17,9.330009,1.810706,84.12517,60.95399,54.5758,56.2664,1.462517,1.557308,1.429589,,
53.3224,9.386878,1.800529,84.78441,60.11812,54.3748,55.459,1.466489,1.595155,1.426178,,
53.4748,9.412247,1.79905,81.53333,60.35738,53.7433,54.3064,1.475386,1.811753,1.431009,,
53.6272,9.37687,1.794407,81.9192,63.09941,51.2788,50.0675,1.489655,1.427307,1.408968,,
53.7796,9.307921,1.804955,85.42934,64.07396,53.6694,54.4339,1.487633,1.60129,1.42725,,
53.932,9.440249,1.821787,84.28135,65.76497,53.0536,54.1009,1.507415,1.515891,1.422355,,
54.0844,9.336253,1.830847,82.50269,62.48229,52.9709,54.3465,1.506745,1.379703,1.428307,,
54.2368,9.264691,1.851684,85.63508,62.56586,53.2943,55.827,1.530595,1.175864,1.445599,,
54.3892,9.252085,1.875704,87.18071,61.52916,47.1653,46.6298,1.550604,1.655586,1.480286,,
54.5416,9.298744,1.903934,85.12308,65.62004,50.038,52.3603,1.561456,1.533512,1.520253,,
54.694,9.349986,1.921584,83.55224,66.94418,52.3881,57.3465,1.604384,1.479577,1.584106,,
54.8464,9.295583,1.93933,82.32539,66.68806,46.7554,48.2546,1.642591,1.505157,1.648626,,
54.9988,9.099856,1.964503,82.73971,65.90337,46.255,48.3618,1.677074,1.509614,1.708813,,
55.1512,9.000207,1.991225,82.26846,64.43375,44.9103,47.1354,1.723565,1.726551,1.767493,,
55.3036,8.995619,2.000162,80.5946,64.54116,41.3545,41.9407,1.750825,1.786348,1.8048,,
55.456,8.937125,2.005724,82.40513,63.88811,43.8918,46.006,1.773667,1.950418,1.835544,,
55.6084,8.933754,2.012571,82.54275,64.42128,44.3879,47.0413,1.807199,1.862884,1.879288,,
55.7608,8.990417,2.011344,79.65668,63.39539,41.4921,42.487,1.81585,1.958026,1.89241,,
55.9132,9.01,2.001512,81.46384,62.37305,43.071,44.5749,1.827018,2.211999,1.895731,,
56.0656,9.018333,1.998773,85.89429,63.20583,43.4823,45.1242,1.83257,2.0036,1.904446,,
56.218,9.049543,1.983787,85.70812,62.32938,46.0298,48.6996,1.835483,2.109429,1.910205,,
56.3704,9.151865,1.978151,82.5398,63.55518,45.3085,47.3142,1.83051,2.218103,1.899491,,
56.5228,9.104797,1.980837,80.129,62.12748,42.8887,43.6245,1.831161,2.094689,1.889432,,
56.6752,9.099872,1.981045,78.26296,63.55414,44.2747,45.7685,1.828869,2.478747,1.877434,,
56.8276,9.082502,1.995263,79.73104,62.51334,46.5403,49.9906,1.820479,2.355058,1.867791,,
56.98,9.094389,2.002656,83.5192,61.81384,43.0452,44.5758,1.814348,2.018553,1.833563,,
57.1324,9.169505,2.00319,83.31256,61.24952,42.5502,43.8298,1.81468,1.981685,1.838933,,
57.2848,9.209056,2.001678,82.44109,62.10217,43.6858,45.5416,1.819817,2.107515,1.86247,,
57.4372,9.146248,2.00813,83.08047,59.8148,44.2618,46.6831,1.818819,2.052772,1.832493,,
57.5896,9.127254,2.003237,81.71932,59.62702,43.6669,45.5666,1.810177,2.082708,1.816104,,
57.742,9.176877,1.993446,82.38717,59.91115,41.4195,41.8362,1.804299,1.981047,1.782699,,
57.8944,9.276427,1.974413,87.9269,63.29533,43.7864,44.7862,1.800978,1.811634,1.768085,,
58.0468,9.424815,1.966546,91.91019,66.27673,48.1142,51.5708,1.793251,1.605707,1.751205,,
58.1992,9.541616,1.943405,89.25359,64.62558,51.6533,56.9701,1.782762,1.820809,1.720241,,
58.3516,9.471993,1.952994,84.5728,65.25347,46.0135,47.5538,1.784367,1.848121,1.712177,,
58.504,9.514682,1.946256,82.51089,62.17359,46.9219,48.7826,1.774656,1.704339,1.691031,,
58.6564,9.589649,1.941697,81.56238,62.41078,45.8118,46.8313,1.76982,1.828684,1.687995,,
58.8088,9.571244,1.938092,79.61513,59.07577,46.6953,48.1119,1.746102,1.970569,1.691691,,
58.9612,9.541628,1.943798,78.66956,60.15498,47.0789,48.9474,1.721103,1.816818,1.691088,,
59.1136,9.558741,1.942361,82.23186,60.67634,42.5168,41.883,1.694064,1.776751,1.676438,,
59.266,9.485763,1.940352,85.15471,64.19118,43.9077,43.8607,1.670397,1.770234,1.67757,,
59.4184,9.598911,1.931507,81.73257,64.64214,47.5892,49.3257,1.642568,1.920647,1.679778,,
59.5708,9.660305,1.923066,80.35477,64.89851,46.9064,47.9067,1.618869,1.760006,1.656151,,
59.7232,9.508886,1.919365,83.44087,63.69446,45.9447,46.2605,1.582682,1.652572,1.634675,,
59.8756,9.238256,1.899451,84.10465,62.45581,49.7034,51.6068,1.544529,1.982753,1.594687,,
60.028,9.122366,1.878075,85.59406,62.53132,49.105,49.7794,1.50119,1.54167,1.476321,,
60.1804,9.1275,1.861861,86.09726,62.98693,54.3864,58.2878,1.460871,1.828371,1.400059,,
60.3328,9.186556,1.851885,84.13008,65.15452,51.6138,52.9093,1.431793,1.459241,1.360233,,
60.4852,9.179585,1.833039,83.75387,65.25217,51.5561,52.0405,1.418369,1.435908,1.344659,,
60.6376,9.196038,1.83731,80.70448,64.68945,54.0027,56.4478,1.392697,1.584954,1.325127,,
60.79,9.176998,1.829674,77.23044,63.08189,53.6684,55.5113,1.380975,1.503719,1.322757,,
60.9424,9.164822,1.832858,78.15742,61.65715,56.6625,61.1927,1.38277,1.38265,1.324624,,
61.0948,9.163996,1.83378,80.8914,61.48759,55.4751,58.978,1.376357,1.580451,1.329224,,
61.2472,9.137706,1.826657,83.11304,60.88711,53.8711,55.7344,1.37148,1.460956,1.324613,,
61.3996,9.113928,1.815464,82.49522,62.32215,54.7194,56.7371,1.371533,1.53072,1.323146,,
61.552,9.098751,1.801128,80.93103,62.24508,52.1891,51.7958,1.370774,1.496809,1.330326,,
61.7044,9.107917,1.775618,81.57591,62.5438,59.3663,63.4896,1.369772,1.475906,1.331825,,
61.8568,9.13578,1.752799,81.81112,61.22176,56.1676,56.4403,1.371416,1.426133,1.328452,,
62.0092,9.181664,1.746331,79.63832,59.22806,61.9412,67.0601,1.370424,1.354785,1.327795,,
62.1616,9.203053,1.754483,77.50487,60.68576,74.1836,100.7804,1.363695,1.599268,1.329035,,
62.314,9.202679,1.763479,77.84184,62.46857,58.1636,60.5504,1.360007,1.372208,1.337559,,
62.4664,9.224508,1.772345,78.65846,64.69004,57.1008,59.019,1.364985,1.386166,1.33448,,
62.6188,9.259584,1.794713,79.23298,63.95006,56.5799,59.1429,1.365247,1.453723,1.339762,,
62.7712,9.263744,1.797176,80.95159,60.96535,56.248,58.6506,1.359945,1.310825,1.339059,,
62.9236,9.233226,1.790652,81.56763,59.68221,53.2291,53.0836,1.360591,1.460205,1.334059,,
63.076,9.30814,1.779271,79.53812,58.73042,57.2583,59.646,1.351479,1.288061,1.32504,,
63.2284,9.42979,1.772893,77.35791,59.78473,54.5418,54.5371,1.349851,1.384998,1.302823,,
63.3808,9.420938,1.761987,76.40937,60.57294,57.5942,59.4206,1.340107,1.242843,1.287438,,
63.5332,9.442751,1.761998,75.90611,60.81015,56.7752,57.9371,1.332016,1.281391,1.267756,,
63.6856,9.455626,1.753214,75.74414,63.5427,57.0189,57.9594,1.326276,1.320602,1.260997,,
63.838,9.594995,1.750286,76.61611,64.78781,56.6783,57.2193,1.326377,1.353907,1.256777,,
63.9904,9.620623,1.746583,78.78636,64.95947,60.5806,64.3171,1.327396,1.33194,1.256646,,
64.1428,9.673031,1.736372,81.33538,61.85826,56.0161,55.4449,1.324002,1.370489,1.262339,,
64.2952,9.740376,1.729139,84.15054,60.98045,59.9002,62.0691,1.334627,0.8954282,1.285725,,
64.4476,9.764253,1.742648,86.66698,61.55967,60.0021,62.9731,1.333004,1.224683,1.270641,,
64.6,9.775538,1.731562,86.91337,62.616,54.4295,52.6101,1.361111,1.222292,1.246402,,
64.7524,9.791245,1.749101,85.16032,61.34964,54.5255,53.4961,1.347574,1.667761,1.283977,,
64.9048,9.765001,1.761109,79.56307,62.67655,57.2207,58.6975,1.343,1.354092,1.295104,,
65.0572,9.780272,1.761005,75.18702,62.32194,50.1447,47.0955,1.338199,1.535891,1.304668,,
65.2096,9.720248,1.760886,79.04744,64.16784,56.8729,58.0598,1.335555,1.247808,1.301082,,
65.362,9.707344,1.770015,83.39433,62.9943,54.7493,54.7651,1.337771,1.224809,1.29128,,
65.5144,9.698541,1.747833,84.76408,62.25009,58.7029,60.7715,1.336843,1.231215,1.289963,,
65.6668,9.667,1.747144,84.8337,61.52451,56.9658,57.5807,1.332942,1.366049,1.288829,,
65.8192,9.618752,1.747812,83.04485,60.66897,59.0093,61.3454,1.337307,1.528747,1.286573,,
65.9716,9.589169,1.760086,82.10313,61.92044,58.9924,61.9445,1.334853,1.412395,1.289704,,
66.124,9.570252,1.762166,82.84019,61.52451,53.6253,52.5602,1.334014,1.307628,1.295927,,
66.2764,9.552503,1.7678,82.75829,63.55673,54.1652,53.6858,1.332343,1.299734,1.301802,,
66.4288,9.475503,1.781353,82.50254,65.6524,54.6633,55.1128,1.32977,1.333282,1.302224,,
66.5812,9.330603,1.784729,83.04704,67.75172,56.7075,58.8958,1.33067,1.346404,1.297727,,
66.7336,9.220823,1.775818,84.30792,68.10855,55.3137,55.992,1.329788,1.331884,1.293495,,
66.886,9.161455,1.795516,85.6753,66.81247,55.6697,57.5215,1.324137,1.416978,1.292293,,
67.0384,9.140536,1.799018,83.29014,66.56193,57.4913,61.0692,1.329148,1.466267,1.286981,,
67.1908,9.159686,1.805084,81.1375,65.32834,51.757,51.2495,1.323238,1.524225,1.285973,,
67.3432,9.145714,1.811548,81.74808,64.28976,57.8797,62.4679,1.319881,1.33936,1.283752,,
67.4956,9.14775,1.800093,80.97952,64.19477,54.5988,55.8293,1.319947,1.359075,1.280534,,
67.648,9.158125,1.79803,80.76895,63.93759,53.777,54.3186,1.325385,1.384778,1.277578,,
67.8004,9.123753,1.798327,81.82923,63.69136,54.1779,55.0196,1.323791,1.447016,1.278762,,
67.9528,9.116073,1.786131,81.50417,62.24508,55.2879,56.4112,1.321526,1.541358,1.275496,,
68.1052,9.178273,1.766045,80.06588,63.40243,61.3261,66.9279,1.321003,1.293601,1.272527,,
68.2576,9.18729,1.765702,79.9635,62.41426,54.1391,53.5534,1.325336,1.34299,1.266001,,
68.41,9.174113,1.770442,79.9634,62.22911,56.7746,58.3349,1.327969,1.295735,1.276267,,
68.5624,9.198236,1.783419,79.6776,61.6508,55.3595,56.4145,1.331493,1.351921,1.284963,,
68.7148,9.118965,1.786577,82.03892,63.5866,53.7559,53.7944,1.331984,1.403923,1.292235,,
68.8672,9.163747,1.800699,84.36211,65.83262,57.5185,61.2063,1.345552,1.490677,1.29556,,
69.0196,9.142812,1.810726,84.27113,66.96706,57.7924,62.2534,1.350989,1.456344,1.300193,,
69.172,9.131374,1.822542,81.69654,67.99953,54.524,56.7096,1.350672,1.427127,1.312083,,
69.3244,9.131249,1.836703,79.12907,67.56821,55.0467,58.321,1.357308,1.46039,1.324007,,
69.4768,9.094584,1.848711,78.4689,66.2635,52.0555,53.5298,1.368224,1.581499,1.332695,,
69.6292,9.100625,1.842161,78.74892,65.68411,51.472,52.2694,1.371969,1.688328,1.341349,,
69.7816,9.093906,1.841578,81.38324,66.07224,53.0964,55.0285,1.375857,1.693326,1.355327,,
69.934,9.101874,1.832893,84.01575,66.3129,53.7004,55.7095,1.382069,1.470474,1.359761,,
70.0864,9.100312,1.827819,83.52608,66.3118,54.042,56.0885,1.38084,1.569135,1.361072,,
70.2388,9.105309,1.822272,81.67858,65.43992,53.5926,55.0513,1.384281,1.533464,1.358697,,
70.3912,9.091251,1.812004,82.57532,66.80167,54.1395,55.5548,1.37305,1.452374,1.35698,,
70.5436,9.097591,1.812288,86.45464,66.31178,57.2588,61.2975,1.383892,1.409071,1.35378,,
70.696,9.023757,1.816192,88.71966,66.17328,53.4913,54.611,1.37255,1.475512,1.349125,,
70.8484,9.06958,1.812682,88.15973,64.28383,50.4598,49.4667,1.372454,1.425797,1.33953,,
71.0008,9.04708,1.822698,86.36088,64.17444,54.3275,56.3657,1.372378,1.428646,1.340549,,
71.1532,9.013333,1.817732,81.84648,63.50454,53.923,55.4289,1.364006,1.440942,1.330209,,
71.3056,9.019231,1.803626,77.97771,62.04864,53.9212,54.8076,1.363079,1.43745,1.321646,,
71.458,9.036375,1.807807,79.64312,61.1934,54.6174,56.2078,1.362516,1.477247,1.315865,,
71.6104,9.101604,1.799143,83.02869,60.73679,54.777,56.0997,1.352022,1.617206,1.311925,,
71.7628,9.148997,1.788948,84.59886,59.65504,56.3279,58.4036,1.35196,1.428606,1.30847,,
71.9152,9.189163,1.785667,82.77766,60.0063,56.3034,58.2038,1.358675,1.548507,1.308137,,
72.0676,9.207747,1.784587,78.23346,59.83142,58.9648,63.1774,1.347151,1.420382,1.305383,,
72.22,9.225207,1.774539,78.20916,61.20521,58.8095,62.3438,1.340848,1.434204,1.296526,,
72.3724,9.219375,1.773958,81.99493,60.45067,58.3935,61.5143,1.338631,1.321046,1.285357,,
72.5248,9.220621,1.77401,79.89104,58.64574,56.4375,57.8958,1.34016,1.497843,1.279475,,
72.6772,9.197029,1.763848,77.13346,58.64579,55.3908,55.5912,1.341621,1.467448,1.288556,,
72.8296,9.180997,1.77024,79.28255,58.05659,58.0085,60.597,1.340553,1.471318,1.302808,,
72.982,9.149377,1.787595,78.55035,60.61927,54.7867,55.6007,1.34445,1.487639,1.302364,,
73.1344,9.166391,1.782084,76.49322,60.73546,53.1012,52.5174,1.348072,1.410172,1.313619,,
73.2868,9.217501,1.792488,77.40778,61.89621,51.0287,49.5976,1.349191,1.326835,1.312404,,
73.4392,9.266145,1.795464,78.78288,60.68089,57.936,61.7415,1.36076,1.555058,1.311434,,
73.5916,9.214287,1.77763,79.52675,60.76099,54.3478,54.4115,1.344722,1.45556,1.309945,,
73.744,9.178753,1.767695,80.07101,60.62844,57.4815,59.4914,1.34726,1.346537,1.305478,,
73.8964,9.142754,1.773152,80.42076,62.03882,61.2661,67.2163,1.33801,1.376472,1.303273,,
74.0488,9.119127,1.767342,79.99252,62.31496,58.0039,60.4434,1.34575,1.43632,1.29386,,
74.2012,9.14126,1.779278,79.7011,63.18469,55.6953,56.8173,1.347583,1.375832,1.288904,,
74.3536,9.184795,1.791695,80.74517,63.98883,55.7839,57.5488,1.343934,1.367831,1.289885,,
74.506,9.202324,1.793604,81.42561,63.70276,53.8334,54.2246,1.350816,1.271693,1.290984,,
74.6584,9.217005,1.807938,80.99311,64.0165,53.617,54.4709,1.348009,1.346935,1.296535,,
74.8108,9.244748,1.82234,80.62509,62.15983,51.9174,52.2055,1.359527,1.46927,1.303638,,
74.9632,9.237509,1.827189,78.69115,63.3097,52.2373,52.9397,1.367258,1.268071,1.306341,,
75.1156,9.367709,1.82391,76.76734,62.88411,55.4739,58.502,1.382238,1.490993,1.318741,,
75.268,9.390313,1.825564,79.52538,63.63669,50.2811,49.6731,1.389204,1.423791,1.336589,,
75.4204,9.381563,1.831657,82.50932,62.91973,53.3461,55.0326,1.399621,1.48396,1.351166,,
75.5728,9.361876,1.847274,82.21237,62.4729,50.6221,51.0653,1.41081,1.399947,1.385834,,
75.7252,9.253917,1.841253,83.43604,64.80966,53.4923,55.7128,1.433028,1.489246,1.408364,,
75.8776,9.249063,1.851129,84.85488,65.78793,51.8563,53.2899,1.4383,1.417582,1.415281,,
76.03,9.244519,1.859337,84.41333,66.4532,55.963,61.176,1.450209,1.396119,1.432045,,
76.1824,9.165471,1.861406,82.75546,64.27214,50.1313,50.8133,1.457712,1.258734,1.442278,,
76.3348,9.177798,1.858864,79.40178,62.75852,52.9478,55.5263,1.462472,1.343394,1.450452,,
76.4872,9.10393,1.879315,78.14185,61.68604,53.1595,56.8298,1.46232,1.390757,1.447152,,
76.6396,9.107911,1.877929,80.28608,61.40503,50.9322,52.8226,1.461767,1.498923,1.439396,,
76.792,9.062854,1.87686,80.69019,63.27433,50.4897,52.0259,1.461062,1.453743,1.43231,,
76.9444,9.022494,1.891239,79.89553,63.48571,50.9323,53.3767,1.453354,1.581482,1.428225,,
77.0968,8.939792,1.88293,81.39846,64.54682,50.9175,53.0046,1.457409,1.530844,1.429307,,
77.2492,8.927187,1.880642,81.60126,64.68019,49.3168,50.2232,1.436914,1.547716,1.433565,,
77.4016,8.9325,1.878041,79.72118,65.53367,51.0992,53.1134,1.442084,1.48586,1.433203,,
77.554,8.924822,1.865121,79.1463,64.97436,56.7346,63.0106,1.441634,1.628462,1.424451,,
77.7064,8.919501,1.857475,80.53342,62.76456,50.937,51.994,1.438684,1.566664,1.411048,,
77.8588,8.936499,1.85135,82.74632,61.10759,52.0614,53.6502,1.419508,1.589495,1.396855,,
78.0112,8.951248,1.840072,84.71694,60.71412,52.7211,54.3084,1.415673,1.562668,1.363235,,
78.1636,8.969768,1.840042,84.07201,61.72135,52.6377,54.163,1.413608,1.665679,1.328026,,
78.316,8.976878,1.817234,83.89557,63.75901,55.103,57.5081,1.412107,1.788572,1.30339,,
78.4684,8.993624,1.811609,87.06878,64.43706,54.9962,57.0552,1.401752,1.520815,1.299371,,
78.6208,8.985835,1.814135,89.28957,65.60474,59.9305,66.7874,1.402665,1.50447,1.307644,,
78.7732,9.002497,1.811018,88.83183,67.35298,55.573,58.072,1.40214,1.379687,1.313861,,
78.9256,8.962292,1.813344,85.8871,68.58894,53.1836,53.9605,1.41075,1.407664,1.30991,,
79.078,8.954861,1.812314,83.61476,68.03669,57.0971,60.9871,1.412452,1.37442,1.319116,,
79.2304,8.9425,1.816262,83.27676,68.8211,54.3077,56.0395,1.416317,1.414264,1.320429,,
79.3828,8.954999,1.815125,81.25838,67.97781,53.9807,55.414,1.416834,1.43277,1.325108,,
79.5352,8.98906,1.809949,79.28785,68.40993,52.9314,53.3894,1.420107,1.582069,1.324744,,
79.6876,8.975001,1.800498,79.31683,65.76434,52.3506,52.0338,1.42732,1.434435,1.339796,,
79.84,8.977291,1.806185,77.25937,65.19099,55.5813,57.8594,1.425112,1.452466,1.346148,,
79.9924,8.980502,1.805302,76.93819,65.97205,60.7343,67.9818,1.430305,1.36348,1.357655,,
80.1448,8.98708,1.81933,80.28772,63.04344,53.1772,54.2053,1.422547,1.278525,1.366835,,
80.2972,8.966254,1.824757,79.84525,61.52335,53.067,54.2484,1.420347,1.450092,1.368289,,
80.4496,8.991949,1.83598,77.97017,59.84427,51.1691,51.5161,1.415163,1.396718,1.369044,,
80.602,9.023231,1.834112,79.43175,62.9222,53.9411,56.1911,1.414955,1.461281,1.369407,,
80.7544,9.028889,1.823002,82.04595,62.80711,55.9215,59.2897,1.406791,1.420064,1.3706,,
80.9068,9.028333,1.819766,82.09066,62.40917,54.4992,56.5381,1.402429,1.716987,1.371687,,
81.0592,9.012917,1.828963,78.95664,62.37939,53.4299,55.0598,1.406017,1.562011,1.367725,,
81.2116,9.025625,1.821869,77.44542,63.62379,52.6375,53.3929,1.396443,1.459223,1.362,,
81.364,9.027322,1.815856,80.50628,65.11816,51.6375,51.4817,1.395176,1.477664,1.36245,,
81.5164,8.989378,1.814556,83.48252,63.9771,56.4959,59.9553,1.387621,1.39304,1.361795,,
81.6688,9.00225,1.82397,81.81646,64.94356,55.2262,58.048,1.388306,1.527483,1.364999,,
81.8212,9.006457,1.827784,78.7991,63.81389,51.2921,51.3919,1.382755,1.554198,1.370289,,
81.9736,9.01188,1.824604,76.49857,65.06763,52.1446,52.6757,1.372882,1.432918,1.355176,,
82.126,9.034645,1.821612,77.64571,63.90235,55.9158,59.2114,1.379435,1.518377,1.337823,,
82.2784,9.043468,1.824005,80.75861,63.22816,54.8412,57.3475,1.383647,1.447408,1.328603,,
82.4308,9.018436,1.819502,80.77837,61.97611,53.9566,55.5655,1.369288,1.461112,1.307286,,
82.5832,9.008125,1.820283,81.4192,61.30517,51.6835,51.7343,1.371803,1.434022,1.303039,,
82.7356,9.003751,1.821652,82.8326,61.48256,52.8589,53.7595,1.374064,1.525789,1.306525,,
82.888,9.01875,1.809985,83.37241,62.04759,53.9383,55.1138,1.371599,1.398708,1.306901,,
83.0404,9.019108,1.809731,82.62595,62.98252,56.8634,60.4113,1.369437,1.450197,1.304432,,
83.1928,9.002501,1.803626,82.72906,64.27266,56.3341,59.1186,1.370647,1.416854,1.307159,,
83.3452,8.99975,1.797165,83.01311,63.51339,51.0208,49.7623,1.371538,1.495559,1.310545,,
83.4976,8.999375,1.795812,80.65621,64.91709,57.3195,60.5798,1.371403,1.409443,1.312089,,
83.65,8.989376,1.812117,79.99764,63.77002,56.3276,59.5192,1.380427,1.352635,1.315248,,
83.8024,8.975002,1.81278,81.05171,62.55862,54.8107,56.7763,1.380353,1.588363,1.322208,,
83.9548,8.977856,1.820474,81.70969,61.28838,52.947,53.8596,1.372952,1.452754,1.324217,,
84.1072,8.968228,1.829165,80.64535,63.29419,52.2263,53.0015,1.375303,1.452837,1.327162,,
84.2596,8.963121,1.83318,79.53265,64.39808,53.4868,55.3444,1.380494,1.315174,1.322954,,
84.412,8.947501,1.839539,81.30219,62.95584,48.6854,47.686,1.382914,1.419831,1.327273,,
84.5644,8.951875,1.833378,82.68874,61.3514,53.8122,55.9283,1.387454,1.65288,1.323973,,
84.7168,8.950625,1.831247,83.03993,59.8174,54.6542,57.3438,1.396019,1.311985,1.326796,,
84.8692,8.9575,1.817367,83.7613,58.33671,55.0121,57.349,1.389353,1.692391,1.328705,,
85.0216,8.959063,1.815253,82.02612,55.72796,55.4159,57.9839,1.388175,1.539304,1.343414,,
85.174,8.957001,1.819892,80.10687,58.18343,55.7945,58.9021,1.39305,1.561007,1.354481,,
85.3264,8.967187,1.829392,80.73128,59.76339,53.7908,55.7123,1.40389,1.426905,1.36694,,
85.4788,8.97354,1.825193,80.18872,60.8511,53.6348,55.2519,1.400714,1.577292,1.381129,,
85.6312,9.00583,1.818432,80.26038,58.68814,52.2602,52.6142,1.403726,1.479237,1.395571,,
85.7836,9.001251,1.803993,80.24332,56.83148,55.035,56.7743,1.406997,1.59703,1.406954,,
85.936,8.987957,1.793502,77.87476,56.87418,57.068,59.9906,1.410884,1.54262,1.393673,,
86.0884,9.000629,1.787129,76.80079,57.91534,53.2964,53.0476,1.401842,1.679701,1.370889,,
86.2408,9.02068,1.775142,78.93373,60.89302,55.9608,57.0965,1.397837,1.552453,1.349733,,
86.3932,9.005363,1.77296,82.00592,61.2836,52.4253,51.0534,1.390249,1.459297,1.336834,,
86.5456,9.04403,1.76888,82.33837,60.1768,54.5352,54.3512,1.391853,1.378307,1.339009,,
86.698,9.065501,1.767486,81.38365,58.56791,59.1811,62.6936,1.393656,1.519285,1.322225,,
86.8504,9.08177,1.765686,79.67841,58.17284,54.1632,53.5918,1.392547,1.341617,1.315433,,
87.0028,9.072322,1.771841,78.48174,58.59833,58.4673,61.5457,1.387441,1.373038,1.317564,,
87.1552,9.080501,1.774668,79.43118,59.89002,53.9936,53.688,1.391978,1.233995,1.31899,,
87.3076,9.060804,1.783683,79.71693,61.20672,53.6698,53.526,1.385993,1.479266,1.351708,,
87.46,9.095465,1.781698,79.12661,61.40214,57.6815,60.5557,1.38001,1.617647,1.355982,,
87.6124,9.170301,1.792786,78.68642,61.05249,56.4908,58.884,1.378959,1.559289,1.343564,,
87.7648,9.118325,1.793067,79.16795,59.62806,57.6363,61.043,1.369036,1.484617,1.339823,,
87.9172,9.082,1.79426,80.30343,59.79912,55.1431,56.5233,1.367448,1.625859,1.325672,,
88.0696,9.078754,1.79629,81.56223,60.3568,57.1729,60.3263,1.362907,1.417276,1.320611,,
88.222,9.100161,1.796663,81.57372,60.65909,56.3007,58.7213,1.352624,1.377818,1.312833,,
88.3744,9.055251,1.808349,79.72911,62.16346,52.2346,52.1606,1.344673,1.635645,1.303132,,
88.5268,9.065272,1.821461,78.35239,62.28981,54.4361,56.502,1.343739,1.476668,1.301866,,
88.6792,9.11221,1.814587,79.65459,64.47003,52.9707,53.6506,1.34137,1.509827,1.304792,,
88.8316,9.068611,1.810897,81.25957,64.37104,51.2551,50.6651,1.329239,1.475513,1.30017,,
88.984,9.067308,1.806546,81.46037,65.31494,54.1995,55.4168,1.320983,1.437994,1.288308,,
89.1364,9.054377,1.80145,83.30697,64.98632,56.4457,59.2198,1.322473,1.385497,1.277552,,
89.2888,8.985631,1.796614,82.73431,65.04819,54.5343,55.5602,1.307759,1.383797,1.265041,,
89.4412,8.977501,1.789034,79.18891,63.76237,56.9511,59.5526,1.306238,1.387428,1.25396,,
89.5936,8.975938,1.788923,78.85039,63.84858,56.5329,58.7759,1.298236,1.441808,1.237817,,
89.746,8.978123,1.78934,80.00616,63.64137,56.273,58.3214,1.291113,1.489866,1.235594,,
89.8984,8.971572,1.778713,78.99735,64.57917,53.8404,53.6022,1.28071,1.272836,1.236441,,
90.0508,9.025902,1.773922,79.81079,63.5782,55.341,55.9533,1.285484,1.362803,1.23697,,
90.2032,9.080373,1.764224,82.95116,61.95681,57.5648,59.4745,1.289421,1.255616,1.24185,,
90.3556,9.198141,1.746195,83.28708,60.45819,58.2299,59.813,1.289385,1.280528,1.246849,,
90.508,9.356668,1.748133,82.62331,60.76051,57.5942,58.7494,1.293194,1.218045,1.254412,,
90.6604,9.370713,1.74228,81.51934,59.77874,61.0077,64.9293,1.298407,1.291281,1.253944,,
90.8128,9.345417,1.737554,79.8406,60.68406,57.6484,58.3418,1.304046,1.414276,1.253748,,
90.9652,9.286876,1.736205,79.25817,58.97479,60.8374,64.2567,1.30707,1.356416,1.258727,,
91.1176,9.23667,1.743683,79.68407,60.51944,61.1686,65.3301,1.309889,1.218595,1.267858,,
91.27,9.178233,1.744372,81.17765,60.1327,59.4316,61.9678,1.308691,1.330936,1.281462,,
91.4224,9.21944,1.749265,81.97512,61.32296,62.9767,69.4256,1.323762,1.328316,1.292051,,
91.5748,9.24989,1.746768,81.20737,61.61022,59.3891,62.0109,1.332037,1.321222,1.296629,,
91.7272,9.32363,1.74492,78.71408,61.48986,57.2587,57.9951,1.335243,1.455566,1.313811,,
91.8796,9.343773,1.747272,77.23558,58.45564,55.9805,55.8669,1.33533,1.359134,1.312036,,
92.032,9.464911,1.74829,78.30485,56.12331,56.9693,57.6392,1.338726,1.343742,1.311881,,
92.1844,9.424222,1.736321,77.48863,54.35025,60.7746,64.1395,1.335472,1.409626,1.312067,,
92.3368,9.447497,1.717421,75.19898,55.9091,55.4801,53.7287,1.332318,1.32312,1.303493,,
92.4892,9.430943,1.718711,74.75079,56.9621,58.6904,59.3066,1.333012,1.627779,1.28048,,
92.6416,9.391749,1.720854,75.46941,56.16036,57.4385,57.1895,1.328922,1.467913,1.287883,,
92.794,9.364843,1.716677,75.97622,56.12875,58.8633,59.5198,1.333087,1.390476,1.270943,,
92.9464,9.383498,1.720714,77.33259,56.73082,60.6854,63.1251,1.323056,1.440671,1.259171,,
93.0988,9.334169,1.719861,78.23337,56.48762,56.9195,56.2476,1.328258,1.390863,1.269575,,
93.2512,9.469849,1.715648,77.20285,56.58652,58.8445,59.4356,1.320593,1.300244,1.246632,,
93.4036,9.351457,1.720578,76.9401,57.29636,59.1036,60.1491,1.313037,1.385077,1.254519,,
93.556,9.256474,1.721019,77.71467,58.97911,58.161,58.4692,1.313566,1.26519,1.268672,,
93.7084,9.322648,1.727794,77.65521,57.29204,59.8919,61.9823,1.31339,1.379993,1.279245,,
93.8608,9.180153,1.745449,78.36691,57.71338,56.9634,57.496,1.320717,1.458596,1.285369,,
94.0132,9.164993,1.763301,79.88085,58.431,56.1181,56.8304,1.320981,1.271608,1.302536,,
94.1656,9.123034,1.777962,76.8249,60.96459,53.9708,53.7884,1.321426,1.117996,1.31084,,
94.318,9.112082,1.783098,72.77508,59.54821,54.878,55.5579,1.330079,1.292396,1.285665,,
94.4704,9.085359,1.759211,73.8718,58.32821,57.0851,58.3598,1.340674,1.52733,1.270305,,
94.6228,9.097084,1.71291,77.2703,54.89092,59.4974,60.4886,1.339917,1.562178,1.236377,,
94.7752,9.117188,1.670165,79.24468,51.92369,62.205,63.3329,1.357266,1.507837,1.063269,,
94.9276,9.160254,1.593798,77.33247,48.18278,69.7269,74.1692,1.344889,1.425346,1.001213,,
95.08,9.327846,1.499858,76.28498,43.8901,72.8873,74.7241,1.336242,0.6351331,0.8634882,,
95.2324,9.280318,1.445459,78.80497,42.09617,76.8978,79.8924,1.344489,0.6268966,0.8058755,,
95.3848,9.194022,1.419856,79.53011,41.37938,71.3166,66.5288,1.334199,0.5921217,0.8081012,,
95.5372,9.51249,1.414443,80.12827,42.95926,73.594,70.583,1.316814,1.810739,0.9012292,,
95.6896,9.473329,1.504003,83.05035,44.06696,68.9118,66.8544,1.384968,0.629942,0.8965794,,
95.842,9.348989,1.58303,84.01627,47.12024,70.3629,74.8541,1.33445,1.779189,1.101248,,
95.9944,11.46373,1.668313,79.56329,53.29762,60.3946,59.9005,1.330652,1.580948,1.330844,,
96.1468,9.835431,1.75151,75.52615,58.64221,55.8038,55.7517,1.359397,1.56558,1.43166,,
96.2992,9.205415,1.817172,77.99273,62.30605,50.2981,49.3804,1.371162,1.671589,1.391453,,
96.4516,9.178888,1.818803,77.43929,62.41667,55.5061,58.3165,1.387082,1.358574,1.383104,,
96.604,9.175625,1.829924,72.40858,61.95313,52.8169,54.0382,1.426521,1.616326,1.420914,,
96.7564,9.223125,1.827174,74.27801,61.20547,52.3587,53.1414,1.446879,1.61323,1.426496,,
96.9088,9.259582,1.79591,78.03074,60.47061,54.6125,55.6645,1.43838,1.654895,1.334201,,
97.0612,9.331244,1.728122,78.7719,56.98812,55.8696,54.833,1.428721,1.71211,1.184502,,
97.2136,9.400305,1.667797,79.59495,51.57225,61.6979,62.2541,1.384971,1.821775,1.108087,,
97.366,9.296951,1.605132,79.65298,44.52505,69.3209,74.0342,1.370734,1.020326,0.9056201,,
97.5184,9.353799,1.57295,79.4343,39.656,62.42,58.7932,1.55469,1.617966,0.8064972,,
97.6708,9.567257,1.557736,78.56768,40.61366,62.418,58.0657,1.487122,1.177063,0.94741,,
97.8232,9.387737,1.558337,78.09383,45.83468,60.6427,55.1999,1.39003,1.692359,1.111016,,
97.9756,9.309367,1.576028,79.37978,51.67981,67.9804,69.3031,1.376762,1.754307,1.154879,,
98.128,9.25431,1.605867,82.21934,50.81306,67.6387,70.4452,1.359679,1.816359,1.013271,,
98.2804,9.305534,1.603572,83.31317,49.38254,68.6805,72.5215,1.37154,0.8808271,0.8643872,,
98.4328,9.50332,1.587305,80.34703,46.87886,67.1492,68.3023,1.353989,0.7130203,0.9194239,,
98.5852,9.158958,1.573439,77.52081,45.59926,71.2599,76.2182,1.367621,1.114568,0.9453635,,
98.7376,9.234999,1.56165,76.82893,45.71188,68.5413,69.565,1.36578,1.022118,1.004481,,
98.89,9.577689,1.54758,77.91508,44.63353,65.1619,62.309,1.367861,1.20764,1.004585,,
99.0424,9.430951,1.533383,79.26225,46.29037,69.2828,69.3327,1.360767,0.8695611,0.9552319,,
99.1948,9.415127,1.547947,79.62566,46.18406,64.7943,61.6727,1.365436,0.9138711,0.935132,,
99.3472,9.388024,1.550849,80.80801,47.14193,65.8359,63.7061,1.346978,0.9847088,0.9930506,,
99.4996,9.610997,1.537296,82.40463,47.73373,64.3294,60.3202,1.368509,1.343637,1.023975,,
99.652,9.307881,1.528474,80.92242,47.73322,63.2008,57.9872,1.3615,1.244928,1.071973,,
99.8044,9.34304,1.51307,77.99774,49.13217,70.7162,70.9869,1.360692,1.392805,1.115881,,
99.9568,9.517983,1.488666,77.21722,48.37296,67.9697,64.2336,1.36061,0.9025746,1.059397,,
100.1092,9.30816,1.456282,76.61755,47.04018,72.1911,70.405,1.38105,1.228006,0.9423222,,
100.2616,9.694263,1.401441,76.26633,44.55708,69.3684,62.0547,1.410396,1.475527,0.8829087,,
100.414,9.613118,1.34729,77.50334,40.75636,76.6252,72.3581,1.371803,1.148363,0.9062474,,
100.5664,9.38625,1.333728,79.13412,38.4802,78.6745,75.7002,1.435458,1.300157,0.8042666,,
100.7188,8.888142,1.32789,77.26569,37.08311,80.4932,79.2899,1.44305,1.117507,0.8161898,,
100.8712,9.392675,1.340411,72.56194,38.06359,74.0114,66.9075,1.479468,0.9940569,0.8325412,,
101.0236,9.708736,1.365252,72.43056,39.18383,79.6514,80.1989,1.416925,1.020116,0.8460912,,
101.176,9.840608,1.404018,76.03567,40.88231,72.6836,68.1718,1.473715,1.009957,0.7586746,,
101.3284,9.738559,1.417242,77.75555,43.21952,73.7401,71.0528,1.376006,2.079262,0.8127557,,
101.4808,9.704454,1.445671,78.09948,43.72439,74.8368,75.2369,1.388789,0.9845821,0.8425086,,
101.6332,9.686259,1.47346,80.96914,43.27076,74.4655,76.3718,1.400448,1.147476,0.7965278,,
101.7856,9.85377,1.485186,83.45401,44.10687,67.5621,63.3101,1.407191,1.266018,0.8570688,,
101.938,9.991285,1.510984,81.73911,43.94005,67.1439,63.9441,1.389822,1.336221,1.095121,,
102.0904,9.904695,1.548308,78.99736,44.59894,66.6634,65.1059,1.449381,2.302448,1.192917,,
102.2428,9.735662,1.587669,76.57809,42.89145,59.1921,54.1747,1.537866,1.322591,1.321667,,
102.3952,10.46001,1.614272,74.64022,44.72148,60.78,57.9692,1.719652,1.950918,1.263304,,
102.5476,10.769,1.61975,75.50706,46.39697,60.7211,58.1273,1.60253,1.985168,1.253346,,
102.7,11.60226,1.615245,77.72155,47.28278,60.5554,57.634,1.500512,2.332183,1.070776,,
102.8524,11.51751,1.611969,78.04234,44.58526,65.5269,66.5233,1.348144,2.665852,0.8520135,,
103.0048,11.44938,1.59441,79.60944,39.96981,66.647,67.7187,1.240503,0.9776362,0.7076774,,
103.1572,11.32947,1.620324,83.82379,39.0224,62.8948,61.9937,1.254089,1.377738,0.6752692,,
103.3096,10.20245,1.663528,85.03687,41.5854,66.4244,71.5123,1.309599,0.7466058,0.81788,,
103.462,9.968909,1.715822,83.76666,49.71122,54.7182,52.4264,1.364923,1.895506,1.143929,,
103.6144,9.929143,1.781776,82.59637,54.30416,52.9025,52.1767,1.558059,0.7903544,1.503042,,
103.7668,9.788633,1.870773,81.97272,57.78923,49.12,49.5245,1.51233,0.6819845,1.553795,,
103.9192,9.764977,1.920738,81.88602,57.10772,46.58,47.3013,1.616743,1.677306,1.620502,,
104.0716,9.536743,1.956188,79.97388,57.09539,44.4044,45.13,1.617403,1.842663,1.672009,,
104.224,9.464996,1.956733,80.7777,56.71652,47.9169,50.84,1.643607,1.964059,1.671779,,
104.3764,9.382642,1.943423,83.18969,56.45134,46.5316,48.0375,1.662556,1.902757,1.671177,,
104.5288,9.497839,1.938344,80.51946,58.55168,46.8951,48.4416,1.675176,1.919531,1.661653,,
104.6812,9.68124,1.94861,76.83006,59.32344,44.2592,44.6554,1.682869,1.866959,1.645089,,
104.8336,9.717914,1.945083,77.32742,60.95591,44.6564,45.1462,1.669264,1.964112,1.633511,,
104.986,9.62876,1.944879,79.4388,60.22469,45.3707,46.2458,1.656298,1.920417,1.613899,,
105.1384,9.630625,1.926258,80.5265,58.43119,49.1632,51.7599,1.641959,2.062788,1.621169,,
105.2908,9.492324,1.913341,78.95975,57.37166,45.895,45.9721,1.631958,1.580627,1.627842,,
105.4432,9.637762,1.90158,77.36648,57.92703,48.0944,49.0233,1.613611,1.781661,1.60337,,
105.5956,9.561184,1.886276,79.79495,60.27851,49.0022,49.922,1.604846,1.872447,1.555745,,
105.748,9.15501,1.851117,81.25078,58.38461,49.5563,49.4816,1.583705,1.912666,1.495942,,
105.9004,9.224787,1.825384,80.9667,57.42817,50.2038,49.5406,1.558577,2.060022,1.501487,,
106.0528,9.180928,1.817791,80.66103,57.21439,54.2569,56.0172,1.549058,1.559525,1.433456,,
106.2052,9.0425,1.822656,78.63878,59.0375,50.9436,50.6204,1.519125,1.697872,1.424511,,
106.3576,9.053929,1.82532,79.84258,60.24556,52.4922,53.2892,1.510521,1.789201,1.431596,,
106.51,9.089464,1.830011,82.12067,60.50552,52.0878,52.8013,1.497976,1.131403,1.45558,,
106.6624,9.08125,1.823283,76.71304,61.83195,54.1587,56.0889,1.497789,1.619842,1.476172,,
106.8148,9.053039,1.807638,72.45446,60.52208,53.1557,53.669,1.497907,1.69995,1.517521,,
106.9672,9.227122,1.813499,75.77123,59.91809,54.3925,56.0636,1.497474,1.686994,1.543143,,
107.1196,9.131734,1.80803,78.48405,58.44376,60.4061,67.4396,1.495362,1.755103,1.537424,,
107.272,9.078748,1.803282,79.08508,60.04841,51.0864,50.099,1.485563,1.810316,1.508229,,
107.4244,9.068515,1.794192,77.19878,60.90107,55.6593,57.4385,1.470866,2.395161,1.4297,,
107.5768,9.026244,1.818363,74.76591,63.93361,53.7186,55.0977,1.443222,2.043178,1.387476,,
107.7292,8.981253,1.834509,76.37057,64.92841,52.2252,53.2206,1.431548,1.726205,1.373355,,
107.8816,9.004793,1.845979,78.05944,64.72794,51.435,52.3601,1.4205,1.497266,1.3486,,
108.034,9.027389,1.852025,78.50478,61.68434,48.7753,48.2779,1.409364,1.62998,1.342702,,
108.1864,9.036874,1.847012,79.07899,59.21334,49.9211,49.911,1.408324,1.446881,1.342519,,
108.3388,9.011818,1.840411,79.03207,58.2604,53.0383,54.8736,1.399847,1.547772,1.348987,,
108.4912,8.987779,1.831336,76.81307,60.09599,54.6305,57.303,1.396928,1.366286,1.355251,,
108.6436,8.972501,1.820209,75.3909,61.00516,54.3954,56.3712,1.392569,1.48363,1.349567,,
108.796,8.975,1.813183,78.14124,65.29923,53.6179,54.6968,1.391794,1.65081,1.347165,,
108.9484,9.000176,1.812393,79.75016,65.54059,53.7278,54.853,1.386413,1.477719,1.348205,,
109.1008,9.018278,1.803113,79.71099,64.67055,53.2307,53.6048,1.382535,1.460717,1.353048,,
109.2532,9.039375,1.816951,80.54869,61.42787,57.7241,62.4425,1.386113,1.506624,1.355562,,
109.4056,9.037992,1.811257,80.39694,59.10134,54.9556,56.9638,1.382994,1.5261,1.355183,,
109.558,8.986636,1.805997,78.02122,59.23292,52.0205,51.7115,1.379196,1.543667,1.35599,,
109.7104,8.775001,1.811649,76.85042,58.33123,55.5994,58.148,1.383458,1.617813,1.359453,,
109.8628,8.772518,1.824199,77.20785,59.1843,51.5125,51.6084,1.372707,1.60507,1.360661,,
110.0152,8.991056,1.819829,76.48457,58.90433,52.2687,52.6847,1.377642,1.528625,1.352891,,
110.1676,8.99625,1.829966,76.75246,59.3933,52.8452,54.0877,1.369421,1.530951,1.339222,,
110.32,9.014999,1.82111,77.15842,59.76142,53.9154,55.5624,1.366964,1.45868,1.327498,,
110.4724,9.017813,1.830202,76.23193,59.60701,55.5512,58.9444,1.352571,1.412842,1.302005,,
110.6248,8.998058,1.825346,74.39441,58.19737,56.7557,60.9886,1.343657,1.377047,1.288997,,
110.7772,8.982002,1.812703,73.93887,56.02545,51.4803,51.0984,1.33959,1.246535,1.285765,,
110.9296,9.009996,1.8071,76.45199,57.09027,55.3445,57.4715,1.346333,1.506006,1.292174,,
111.082,9.024002,1.80702,77.67618,60.93103,54.3586,55.7141,1.335983,1.294359,1.30232,,
111.2344,9.031245,1.793617,76.68995,62.2292,55.4826,57.0952,1.34749,1.415554,1.308134,,
111.3868,9.000934,1.785758,77.83041,61.08472,55.7009,57.1221,1.352182,1.371099,1.299172,,
111.5392,8.97036,1.78088,79.20212,58.60126,54.5666,54.9223,1.36112,1.375561,1.289639,,
111.6916,8.984169,1.785522,77.30464,58.18311,55.247,56.3088,1.376297,1.413722,1.282078,,
111.844,9.001964,1.785553,74.26539,58.80061,59.0563,63.4075,1.382661,1.50227,1.277627,,
111.9964,8.993752,1.770086,72.9342,59.86971,54.9712,55.143,1.380222,1.574215,1.276863,,
112.1488,9.057917,1.742708,75.3612,60.32004,55.4913,54.8304,1.38828,1.584476,1.285267,,
112.3012,9.024251,1.709111,77.53539,58.5701,58.1397,57.8669,1.407076,1.665497,1.342755,,
112.4536,9.043214,1.669107,74.95233,56.34871,62.9882,64.7804,1.435752,1.620067,1.429969,,
112.606,9.244733,1.65247,74.13508,55.51298,63.2045,64.2838,1.507997,1.662119,1.439297,,
112.7584,9.434978,1.652148,77.95006,58.22083,55.9921,51.8492,1.511284,1.732991,1.636608,,
112.9108,9.532486,1.667058,83.6554,58.76355,57.9303,55.5902,1.539631,1.697651,1.712343,,
113.0632,9.105328,1.717726,88.18897,60.37022,54.3103,51.8518,1.529975,1.68215,1.660212,,
113.2156,8.968925,1.760776,87.52834,59.75457,54.6487,54.1928,1.478079,3.58877,1.450643,,
113.368,8.950938,1.791415,85.58267,60.80895,53.4835,53.5371,1.428174,1.773061,1.361773,,
113.5204,8.954252,1.816798,81.02187,61.80495,54.761,56.8691,1.40251,1.73904,1.334679,,
113.6728,8.962809,1.819019,75.33641,61.57929,53.4387,54.6397,1.383898,1.623334,1.310201,,
113.8252,8.909998,1.816053,76.20654,63.41162,50.733,50.0257,1.371722,1.542925,1.297598,,
113.9776,8.88341,1.831086,77.02006,63.55175,54.1069,56.3483,1.354963,1.438289,1.289682,,
114.13,8.9,1.825025,75.07536,66.1721,55.3195,58.2668,1.333728,1.419453,1.285874,,
114.2824,8.885208,1.804129,76.95894,64.70044,50.5895,49.3449,1.314757,1.562192,1.264055,,
114.4348,8.896136,1.803264,78.32546,63.84678,51.3452,50.5101,1.312615,1.697867,1.260864,,
114.5872,8.921606,1.801601,75.40452,61.13387,56.9314,60.1336,1.303656,1.363062,1.25781,,
114.7396,8.923282,1.792698,75.29531,60.72781,54.8165,55.8767,1.301617,1.420643,1.257893,,
114.892,8.924999,1.802635,78.33556,61.8653,56.3614,59.119,1.303348,1.372628,1.256791,,
115.0444,8.909218,1.794953,79.88808,63.40033,55.7758,57.6831,1.303906,1.401131,1.258465,,
115.1968,8.905941,1.790403,78.70034,65.10801,54.8215,55.7826,1.302181,1.442266,1.26202,,
115.3492,8.921252,1.794561,76.5527,64.65991,54.9972,56.2776,1.307232,1.432423,1.265524,,
115.5016,8.932999,1.785149,76.21687,63.55428,59.9238,65.1261,1.312254,1.481805,1.266091,,
115.654,8.914066,1.779402,77.26262,60.7928,55.6869,56.8054,1.312214,1.34113,1.270501,,
115.8064,8.954749,1.78504,77.55408,60.6827,55.3737,56.5096,1.31425,1.419193,1.273679,,
115.9588,8.939375,1.790167,75.79356,60.29646,57.1193,59.9204,1.315902,1.501092,1.274144,,
116.1112,8.937501,1.797556,76.22797,60.92459,53.4593,53.7562,1.318951,1.333917,1.269679,,
116.2636,8.929822,1.791104,79.22129,60.28468,51.6811,50.5736,1.322734,1.37895,1.274011,,
116.416,8.942726,1.783441,78.89625,62.22061,57.5805,60.4515,1.32329,1.296218,1.295629,,
116.5684,9.072321,1.795603,77.90582,63.18153,55.6859,57.5517,1.33449,1.560325,1.30272,,
116.7208,9.008402,1.786092,79.43621,64.1479,57.4368,60.3137,1.357519,1.364006,1.303778,,
116.8732,9.023747,1.78848,78.86816,62.71317,52.2213,51.3382,1.354817,1.582516,1.316167,,
117.0256,8.967998,1.787253,76.36018,61.16282,56.358,58.3749,1.358302,1.496796,1.29391,,
117.178,8.954504,1.786696,77.05655,58.38837,54.9831,55.8993,1.349692,1.475687,1.268244,,
117.3304,8.975417,1.787262,78.74329,58.78985,57.9358,61.3181,1.353917,1.390916,1.269985,,
117.4828,8.983438,1.790499,77.5029,59.5728,56.1748,58.196,1.363497,1.553293,1.286863,,
117.6352,8.989168,1.801919,76.22524,60.46491,57.1764,60.6124,1.377192,1.461391,1.316836,,
117.7876,9.00514,1.799599,76.57833,59.1124,54.1324,54.9937,1.399824,1.539042,1.364818,,
117.94,9.045,1.80467,76.29002,59.04107,52.1553,51.8785,1.422503,1.507503,1.433782,,
118.0924,9.040501,1.815503,76.19277,59.80389,56.8137,60.6036,1.451726,1.525219,1.440494,,
118.2448,9.025001,1.822113,76.3463,61.6221,51.9507,52.2478,1.459968,1.7924,1.441123,,
118.3972,9.095709,1.821877,75.25775,61.69213,56.1251,59.6144,1.472086,1.556875,1.494171,,
118.5496,9.053755,1.827534,73.51747,62.22444,53.5845,55.2646,1.491138,1.720721,1.49082,,
118.702,9.04643,1.827905,73.78699,61.0276,50.1823,49.6001,1.498338,1.780695,1.490827,,
118.8544,9.366768,1.837272,77.11426,62.08023,52.0935,53.1121,1.511517,1.590421,1.486278,,
119.0068,9.148836,1.841888,77.54638,61.66133,52.018,53.1761,1.521559,2.321779,1.498526,,
119.1592,9.58044,1.831469,76.58161,62.57561,52.5226,53.5981,1.522413,1.500663,1.509471,,
119.3116,9.226247,1.842711,79.34721,61.07109,49.4969,49.0697,1.530533,1.580864,1.498179,,
119.464,9.199835,1.845396,81.66299,58.50592,53.0443,55.101,1.54646,1.727265,1.502824,,
119.6164,9.608964,1.835738,77.47163,56.39141,52.1249,53.1014,1.550233,1.614904,1.527161,,
119.7688,9.344376,1.822656,72.13963,55.24669,50.402,49.7508,1.559733,1.858985,1.550924,,
119.9212,9.343906,1.819873,73.34499,55.66562,56.721,60.6457,1.56458,1.803515,1.546788,,
120.0736,9.390312,1.820988,75.97343,56.79,54.5196,56.6279,1.567549,1.791848,1.551269,,
120.226,9.574677,1.813209,77.35216,57.84822,53.172,53.9328,1.567458,1.843762,1.553951,,
120.3784,9.33652,1.805226,78.0969,60.53363,53.6306,54.3745,1.562567,1.656163,1.554118,,
120.5308,9.386601,1.806804,76.90243,59.49445,52.4843,52.5083,1.558526,1.639627,1.563224,,
120.6832,9.300727,1.812158,74.52904,57.84715,56.0039,58.9163,1.538568,1.686726,1.557339,,
120.8356,9.373423,1.822598,75.66241,56.498,53.3243,54.597,1.527237,1.932542,1.526484,,
120.988,9.306859,1.826121,79.99795,57.7937,51.5608,51.7642,1.499531,1.809911,1.478018,,
121.1404,9.22124,1.840316,81.19482,60.38176,53.0227,54.8408,1.476948,1.866194,1.440183,,
121.2928,9.155828,1.850631,78.74136,61.94511,54.2628,57.5267,1.455871,1.778786,1.415709,,
121.4452,9.112772,1.871859,76.27478,63.62555,49.9684,50.9511,1.441756,1.757784,1.391888,,
121.5976,9.052498,1.885731,76.92326,65.14444,51.9885,54.9965,1.425276,1.656092,1.37594,,
121.75,9.022186,1.886805,78.58406,65.43823,48.1158,48.5092,1.417699,1.765213,1.365916,,
121.9024,8.967709,1.878218,78.96188,65.38519,49.9074,51.1002,1.402832,1.724183,1.356638,,
122.0548,8.97675,1.880528,78.00046,65.56416,49.0813,49.8305,1.394074,1.591059,1.346437,,
122.2072,9.011248,1.85359,77.08684,65.01482,53.4034,56.1022,1.381388,1.551293,1.34283,,
122.3596,9.040998,1.842896,78.21905,65.01486,52.7749,54.5201,1.374676,1.631178,1.336363,,
122.512,9.032814,1.818968,80.83559,63.7077,52.8166,53.5721,1.371925,1.525788,1.325777,,
122.6644,9.074457,1.806001,82.97413,65.53292,55.5402,57.7739,1.367612,1.448621,1.322739,,
122.8168,9.268112,1.791658,82.92596,64.90334,56.8661,59.5211,1.360307,1.427269,1.326196,,
122.9692,9.207496,1.794209,82.12316,64.43307,56.9402,59.7844,1.362223,1.377806,1.311231,,
123.1216,9.181456,1.79645,81.84432,62.49926,56.4874,59.0525,1.354683,1.513328,1.304854,,
123.274,9.167911,1.80621,81.34415,63.56393,56.2355,59.0581,1.354911,1.492635,1.308777,,
123.4264,9.120934,1.800143,78.61694,64.24835,54.0953,54.9523,1.357907,1.413361,1.318508,,
123.5788,9.074063,1.799625,76.36277,63.83578,54.6531,55.8996,1.359671,1.635048,1.320288,,
123.7312,9.085418,1.797428,78.12447,63.60027,56.6664,59.4318,1.363381,1.563887,1.322557,,
123.8836,9.12475,1.785778,80.75107,62.85403,57.0051,59.4917,1.363599,1.637497,1.321131,,
124.036,9.095626,1.785458,82.72247,62.90088,54.4241,54.8775,1.365036,1.332773,1.323251,,
124.1884,9.10125,1.78818,82.70283,62.00468,54.8977,55.8163,1.365548,1.443946,1.330448,,
124.3408,9.09018,1.785346,80.95827,61.45696,53.8293,53.8617,1.365457,1.511476,1.332323,,
124.4932,9.096249,1.787922,81.10666,61.73513,58.9647,63.3529,1.370889,1.549062,1.330909,,
124.6456,9.066256,1.790426,81.31055,60.52428,59.3917,64.3403,1.373158,1.544358,1.330765,,
124.798,9.033495,1.793939,79.87929,60.24502,55.4707,57.0882,1.378103,1.595924,1.333385,,
124.9504,9.007759,1.801112,77.68125,60.97095,59.2755,64.6928,1.384243,1.535353,1.356514,,
125.1028,9.055633,1.799419,76.91975,60.44515,53.0723,53.1827,1.382199,1.35864,1.362997,,
125.2552,9.10714,1.806054,77.53722,60.10511,52.0889,51.8254,1.383589,1.318876,1.375478,,
125.4076,9.07849,1.809443,77.32939,58.20582,54.6358,56.3105,1.381378,1.40823,1.356573,,
125.56,8.95146,1.795797,79.16855,61.51938,52.8936,52.7341,1.377727,1.544402,1.344707,,
125.7124,8.96528,1.787834,80.32851,63.63037,57.6523,60.8069,1.374964,1.436739,1.352809,,
125.8648,9.06125,1.789458,78.95013,64.40175,53.2447,53.0555,1.376392,1.470871,1.359479,,
126.0172,8.998441,1.795225,81.11016,61.91505,57.4337,60.7644,1.38237,1.347435,1.332211,,
126.1696,9.004999,1.812323,83.96217,61.24876,54.3849,55.9964,1.366434,1.585655,1.348093,,
126.322,9.000625,1.809464,83.04701,60.69735,51.1166,50.3839,1.36528,1.476457,1.342721,,
126.4744,8.971629,1.815835,81.2351,60.61256,51.5042,51.2599,1.354841,1.517625,1.318791,,
126.6268,8.98875,1.815678,78.49052,59.71216,53.0426,53.8161,1.34312,1.346015,1.289365,,
126.7792,8.985833,1.815109,75.65729,56.97901,52.1701,52.3261,1.343951,1.475161,1.293426,,
126.9316,8.98804,1.81938,76.02202,54.81409,54.5382,56.5872,1.341141,1.460805,1.29013,,
127.084,9.013575,1.815507,75.46623,54.25947,52.7893,53.3796,1.335983,1.390661,1.286805,,
127.2364,9.034579,1.808654,72.83884,55.86208,51.9217,51.6551,1.326559,1.37826,1.281077,,
127.3888,8.999791,1.814798,75.60301,59.10099,56.3098,59.6142,1.330198,1.291224,1.279533,,
127.5412,8.982708,1.811649,79.76894,60.58164,55.9731,58.834,1.338215,1.402147,1.274453,,
127.6936,8.9795,1.807494,79.22633,61.03588,54.6428,56.2346,1.33283,1.388895,1.271398,,
127.846,8.968409,1.802613,78.03036,59.54552,55.2261,57.0502,1.330294,1.376931,1.271533,,
127.9984,8.958751,1.811337,78.16175,57.89581,53.4269,54.2875,1.341132,1.484533,1.280358,,
128.1508,8.930627,1.811138,78.95,57.96935,56.1577,59.152,1.349155,1.37408,1.29438,,
128.3032,8.930626,1.81591,79.94469,58.52102,54.4517,56.2756,1.35977,1.41687,1.316725,,
128.4556,8.926355,1.816992,80.34225,61.27897,53.9981,55.524,1.364798,1.309589,1.331498,,
128.608,8.933002,1.822977,79.40839,64.76582,52.6068,53.3838,1.377971,1.338747,1.35339,,
128.7604,8.942658,1.820159,77.38766,63.54853,56.2236,59.7154,1.397006,1.522883,1.357262,,
128.9128,8.959256,1.824764,76.19488,63.04142,51.5852,51.7492,1.413099,1.536255,1.377237,,
129.0652,8.995939,1.825718,77.96967,60.47235,55.0965,57.8898,1.414509,1.53034,1.392621,,
129.2176,9.008755,1.839491,77.34217,61.67598,53.5003,55.6444,1.430627,1.509247,1.404202,,
129.37,9.055126,1.837235,73.77183,61.21053,51.2109,51.6315,1.436817,1.64893,1.404804,,
129.5224,9.075419,1.832716,75.16605,62.66154,54.8043,57.6821,1.446142,1.59114,1.405332,,
129.6748,9.15625,1.835723,79.32539,62.51266,53.1347,54.8353,1.456486,1.516381,1.420731,,
129.8272,9.216249,1.835186,79.45667,62.11238,57.9452,63.8541,1.470288,1.693923,1.420743,,
129.9796,9.119797,1.827551,76.76434,60.00511,52.9329,54.1337,1.475031,1.593128,1.419941,,
130.132,9.10547,1.813794,75.76112,59.29727,53.05,53.7483,1.484953,1.840706,1.434781,,
130.2844,9.080627,1.810058,75.58451,58.06685,53.478,54.3195,1.498465,1.778795,1.449864,,
130.4368,9.099884,1.798596,74.3331,57.07543,55.3564,57.098,1.507735,1.527151,1.464499,,
130.5892,9.073395,1.787329,72.55934,57.1372,55.4408,56.7313,1.532775,1.547788,1.50336,,
130.7416,9.081946,1.770115,72.43143,59.26797,53.9828,53.475,1.548769,1.625402,1.51667,,
130.894,8.980692,1.758663,75.88676,61.48827,53.3721,52.0013,1.557929,1.840515,1.540455,,
131.0464,8.961255,1.754292,77.84376,60.74884,57.2901,58.4927,1.561115,1.786212,1.547988,,
131.1988,8.997397,1.740536,76.28928,58.59024,58.5321,60.0869,1.574289,1.679309,1.528003,,
131.3512,9.015225,1.746264,78.04404,57.11605,53.5929,51.8561,1.580536,1.802689,1.567746,,
131.5036,8.983749,1.746392,78.20234,57.19453,53.4188,51.5821,1.596685,1.839321,1.5591,,
131.656,8.989911,1.733081,74.34673,56.94473,56.3762,55.9085,1.606484,1.72399,1.554609,,
131.8084,8.991249,1.72946,75.81065,55.67363,57.7012,58.0507,1.610133,1.646985,1.553348,,
131.9608,9.026941,1.747017,78.78109,57.92048,53.5447,51.8088,1.631332,1.715292,1.560663,,
132.1132,8.976006,1.753654,78.16859,58.03253,51.3455,48.6292,1.62242,1.623401,1.552387,,
132.2656,9.052073,1.769713,78.69746,60.03645,49.5465,46.5104,1.631354,1.680785,1.540473,,
132.418,9.080791,1.742516,80.34781,58.3109,54.3479,52.9245,1.622681,1.834134,1.529665,,
132.5704,9.032809,1.72026,79.87926,59.7921,58.7355,59.4615,1.627666,1.820374,1.540368,,
132.7228,9.013116,1.701829,78.3925,60.29896,54.2905,51.1845,1.650296,1.836696,1.542367,,
132.8752,8.955777,1.686894,77.77956,59.95453,59.1976,58.6743,1.67844,1.773132,1.634701,,
133.0276,8.932364,1.660159,78.70565,57.93647,57.199,54.09,1.758732,1.522625,1.699809,,
133.18,8.958744,1.658501,80.42921,57.17211,54.4527,49.7499,1.800777,1.744625,1.789676,,
133.3324,8.889588,1.692143,83.37184,57.66272,55.3178,52.4126,1.783164,1.724516,1.870722,,
133.4848,8.979375,1.723645,86.38681,58.07518,53.3384,50.5578,1.781551,2.478184,1.777599,,
133.6372,8.952084,1.739111,85.34467,58.82738,61.1196,64.9754,1.734067,1.817916,1.687013,,
133.7896,8.97475,1.756578,80.63995,60.06873,52.6775,50.8073,1.708006,4.243345,1.661741,,
133.942,9.007497,1.770556,76.27814,61.09356,54.7757,54.8286,1.683631,2.547587,1.579695,,
134.0944,8.99932,1.782705,75.2254,60.88094,52.1501,50.9934,1.668196,2.072796,1.54365,,
134.2468,9.002778,1.791971,76.5305,59.75117,54.233,54.8325,1.667382,1.984881,1.559497,,
134.3992,9.073748,1.797936,79.1109,58.09956,52.5899,52.319,1.664721,2.056865,1.569897,,
134.5516,9.064365,1.807775,80.83015,57.12092,52.0926,51.9001,1.66962,1.699281,1.532373,,
134.704,9.014884,1.822601,80.39471,55.08429,50.8348,50.4406,1.652537,2.142992,1.532995,,
134.8564,9.069107,1.843001,78.33203,55.79873,49.0151,48.3196,1.639648,1.656992,1.50318,,
135.0088,9.066529,1.854622,76.63558,58.8123,52.8469,55.1557,1.641437,1.832603,1.497669,,
135.1612,9.084433,1.871007,76.90079,61.45013,47.2363,46.5662,1.607583,1.784997,1.520548,,
135.3136,9.082503,1.858429,76.51448,61.18214,50.1418,50.7086,1.611715,1.790431,1.521842,,
135.466,9.163998,1.841671,77.30616,57.70453,50.619,50.8325,1.620482,1.94567,1.538162,,
135.6184,8.918006,1.812376,78.47224,56.89905,54.7866,56.7108,1.666565,1.768412,1.599474,,
135.7708,9.120615,1.798809,77.68211,56.21056,52.4583,52.1381,1.709942,1.556897,1.686633,,
135.9232,9.546328,1.774922,75.52364,56.58438,54.2482,54.1236,1.759139,1.947606,1.68633,,
136.0756,9.448939,1.757516,74.08806,56.5428,53.2188,51.7076,1.784798,2.024158,1.670819,,
136.228,9.528224,1.728164,76.68735,57.51576,55.1514,53.6402,1.772271,1.973343,1.65354,,
136.3804,9.56501,1.71732,79.3393,58.32977,60.6113,62.8017,1.780641,1.825368,1.646753,,
136.5328,9.611871,1.710319,80.28084,56.17612,57.2238,56.3352,1.808641,2.12186,1.705015,,
136.6852,9.584999,1.704007,80.14416,54.74611,55.6614,53.456,1.876799,1.900914,1.756665,,
136.8376,9.5704,1.703064,79.21959,52.9171,55.3399,52.8973,1.849379,1.503822,1.869092,,
136.99,9.688243,1.709943,79.21088,53.96017,55.2445,53.0287,1.902388,2.390429,2.068212,,
137.1424,9.839574,1.721209,77.9826,55.31282,56.4815,55.5594,1.916588,2.636883,1.853295,,
137.2948,9.689281,1.755094,78.10912,55.72104,51.6522,49.1526,1.867463,2.336315,1.724762,,
137.4472,9.568393,1.765928,80.99589,57.70493,51.1709,48.8175,1.84851,2.055721,1.708851,,
137.5996,9.469253,1.776246,82.97324,57.57758,53.8867,53.5721,1.720847,1.760263,1.713844,,
137.752,9.489062,1.785533,82.29079,59.95855,53.9671,54.1013,1.713259,2.049225,1.601197,,
137.9044,9.482918,1.795497,79.78273,61.06501,57.4054,60.7233,1.679744,1.745271,1.627676,,
138.0568,9.384179,1.805085,79.14455,61.72655,51.1838,50.3217,1.673884,1.781647,1.550778,,
138.2092,9.338757,1.817622,82.39967,59.24591,47.7048,45.4406,1.646352,1.623529,1.552557,,
138.3616,9.295631,1.809977,84.51821,57.66402,52.5147,52.6882,1.643368,1.785649,1.526491,,
138.514,9.329163,1.807099,81.23926,57.40597,50.9993,50.1042,1.635503,2.3,1.503776,,
138.6664,9.31,1.802548,79.18237,57.73492,55.2283,57.0506,1.640692,1.613572,1.529763,,
138.8188,9.313811,1.821023,80.66302,56.6018,53.2608,54.4177,1.651197,1.865135,1.538903,,
138.9712,9.836662,1.829981,80.45284,56.80796,50.3054,49.8754,1.657123,1.86706,1.503806,,
139.1236,9.782063,1.823732,78.02176,57.45442,48.872,47.4034,1.658906,1.740919,1.524974,,
139.276,9.422498,1.797309,77.38557,57.00623,53.1036,53.1457,1.662737,1.92653,1.54333,,
139.4284,9.341875,1.758505,79.32709,56.41726,53.0834,51.5286,1.694873,1.430451,1.563392,,
139.5808,9.380832,1.735438,79.31344,55.24358,54.3222,52.5906,1.714809,2.019051,1.59689,,
139.7332,9.458467,1.731379,79.15988,54.44805,57.8609,58.4253,1.836476,2.060637,1.693166,,
139.8856,9.412922,1.741464,79.15988,53.10867,54.5077,53.1427,1.898738,2.386009,1.623208,,
140.038,9.796377,1.748695,76.69287,52.26971,56.1324,56.1903,1.901071,2.748375,1.715252,,
140.1904,9.6168,1.755886,74.37418,53.42552,51.7893,49.3919,1.853201,15.71219,1.821294,,
140.3428,9.575567,1.786583,71.89165,54.2061,51.7673,50.5335,1.801468,2.237514,1.667081,,
140.4952,9.293293,1.812731,72.85315,56.76951,52.9761,53.5775,1.761775,2.483244,1.536559,,
140.6476,9.231799,1.806899,77.83138,58.34604,50.5507,49.386,1.722003,1.781907,1.583542,,
140.8,9.323563,1.786613,81.09299,59.14798,50.7292,48.9051,1.741719,1.464904,1.561679,,
140.9524,9.241252,1.771781,80.87079,57.96642,52.0244,50.3669,1.777866,2.006233,1.553912,,
141.1048,9.257086,1.74557,77.7453,57.40173,60.8178,64.7303,1.767583,1.936193,1.577177,,
141.2572,9.32681,1.741788,76.51015,57.60456,53.2402,51.115,1.817135,2.212102,1.469899,,
141.4096,9.417656,1.745383,76.75918,59.76472,57.9193,59.2032,1.79141,2.64233,1.545475,,
141.562,9.385419,1.782336,75.541,61.02438,53.2216,52.721,1.758111,1.900626,1.623377,,
141.7144,9.352815,1.800439,76.42432,62.70727,54.8286,56.2438,1.721341,2.139587,1.684756,,
141.8668,9.172103,1.828608,77.65055,63.25957,48.0688,46.3547,1.688876,2.289498,1.583824,,
142.0192,9.222909,1.830988,75.43661,62.36759,47.2486,45.2159,1.655271,1.7398,1.464624,,
142.1716,9.210485,1.831241,74.70736,61.62407,52.6003,53.7195,1.673143,1.837708,1.368472,,
142.324,9.145634,1.838105,77.17724,57.85679,50.672,50.7797,1.672896,1.517235,1.402282,,
142.4764,9.193044,1.829692,77.10346,56.94549,52.1711,52.9265,1.713392,1.784458,1.481841,,
142.6288,9.456237,1.811991,75.17276,55.80358,48.6505,46.6521,1.711455,1.885573,1.538208,,
142.7812,9.364241,1.796414,76.76316,58.02203,55.3843,57.0468,1.687134,2.086138,1.599763,,
142.9336,9.267773,1.771136,80.02173,58.5243,54.8952,55.0574,1.681673,2.192522,1.5153,,
143.086,9.186259,1.72608,81.71063,59.10252,58.4374,59.2053,1.650684,1.861962,1.461643,,
143.2384,9.408041,1.705502,81.31817,56.4975,56.0172,54.1005,1.621098,2.09331,1.378033,,
143.3908,9.437499,1.684386,80.17,52.77338,61.6842,63.1013,1.648033,1.839607,1.240593,,
143.5432,9.503016,1.668006,81.54005,49.86232,59.2209,57.8201,1.651741,1.64496,1.270316,,
143.6956,9.400217,1.669678,83.59769,51.03698,61.2233,61.4718,1.665597,0.8103667,1.271692,,
143.848,9.261516,1.686008,82.66109,53.57796,54.3831,50.7061,1.605568,0.8308474,1.60297,,
144.0004,9.433516,1.708294,79.96547,56.54284,54.0314,51.0358,1.642457,1.798345,1.418889,,
144.1528,9.367157,1.738782,79.08133,57.23242,53.7856,51.8628,1.616698,1.957681,1.585243,,
144.3052,9.234132,1.751042,78.84885,58.04831,56.8095,57.4808,1.617267,1.623069,1.502273,,
144.4576,9.052506,1.755848,76.82058,57.5893,57.5162,58.9761,1.625262,1.642771,1.519542,,
144.61,9.095628,1.764885,76.46294,60.78303,54.1387,53.5131,1.593296,1.746449,1.530623,,
144.7624,9.120099,1.771055,79.73373,61.26503,54.6805,54.6875,1.588445,1.995486,1.489085,,
144.9148,9.149292,1.771685,83.55193,61.84715,54.7781,54.8809,1.549874,1.88243,1.479928,,
145.0672,9.256253,1.762596,85.78848,57.95354,53.2504,51.9619,1.544034,1.79977,1.393676,,
145.2196,9.346389,1.759777,85.25611,56.35559,56.1943,56.7999,1.539864,1.935319,1.338766,,
145.372,9.18822,1.75535,83.85876,56.4002,58.8696,61.4633,1.538779,1.006906,1.303398,,
145.5244,9.198437,1.768879,82.46654,56.22719,52.6587,51.2613,1.514903,1.057108,1.378811,,
145.6768,9.172379,1.796671,82.0178,58.03346,53.7113,54.143,1.504558,1.683684,1.413077,,
145.8292,9.197497,1.793496,83.63175,58.67382,54.9325,56.1138,1.482688,1.634731,1.461172,,
145.9816,9.158755,1.813601,81.19906,60.63003,48.8194,46.9612,1.474848,1.588981,1.444649,,
146.134,9.144883,1.824566,77.29276,62.7106,51.4151,51.4598,1.472611,1.610802,1.431502,,
146.2864,9.181867,1.829885,77.91817,63.9432,48.8184,47.5387,1.459161,1.504871,1.41224,,
146.4388,9.137698,1.83056,78.28636,65.34848,49.0418,47.9079,1.447876,1.61461,1.407102,,
146.5912,9.141875,1.814833,76.9114,64.75098,51.2207,50.7585,1.440557,1.620764,1.40408,,
146.7436,9.148232,1.806551,76.73801,62.48037,53.3443,53.9406,1.441868,1.581093,1.414375,,
146.896,9.192032,1.817998,76.28987,61.33998,53.8547,55.316,1.442767,1.818298,1.415981,,
147.0484,9.183748,1.807509,74.8347,59.38316,53.5918,54.4039,1.443885,1.521678,1.411913,,
147.2008,9.117144,1.820078,75.94547,59.11185,52.4388,52.9775,1.440418,1.466032,1.402331,,
147.3532,9.125,1.821998,78.20013,58.99889,53.0091,54.0265,1.435296,1.580359,1.394403,,
147.5056,9.112501,1.820845,78.35881,59.67468,53.3057,54.4859,1.436669,1.646285,1.379253,,
147.658,9.13708,1.818662,76.90861,60.34889,54.3261,56.1758,1.439649,1.602722,1.364311,,
147.8104,9.12682,1.813339,73.8625,59.90483,50.6901,49.8512,1.43862,1.545623,1.359054,,
147.9628,9.120001,1.808978,74.38445,58.98981,52.3985,52.4531,1.448846,1.377718,1.389482,,
148.1152,9.218956,1.805625,77.73785,59.39128,53.1826,53.6272,1.446567,1.540472,1.405015,,
148.2676,9.206809,1.783704,77.45409,59.28642,57.6008,60.5008,1.456413,1.413751,1.397895,,
148.42,9.338761,1.778843,76.31542,60.16003,54.0135,53.8937,1.476032,1.518883,1.383497,,
148.5724,9.418239,1.783517,77.08087,60.65008,54.4786,54.8847,1.472688,1.377243,1.43171,,
148.7248,9.4445,1.78805,78.25894,60.21795,57.5291,60.5834,1.477818,1.515979,1.459755,,
148.8772,9.44458,1.787128,77.84163,61.28588,54.6006,55.2528,1.473145,1.543559,1.445324,,
149.0296,9.391877,1.781671,77.57627,59.85376,50.0087,47.6219,1.483034,1.467179,1.43877,,
149.182,9.524105,1.788828,79.22534,60.63348,52.0328,51.0459,1.470603,1.489041,1.440186,,
149.3344,9.419588,1.793157,77.38371,58.53301,53.8677,54.2585,1.478009,1.429192,1.443243,,
149.4868,9.746224,1.777063,74.31261,60.22887,55.8032,56.9022,1.484844,1.951412,1.441173,,
149.6392,9.492527,1.761608,74.41489,58.53416,54.0215,53.1818,1.513933,1.259664,1.401101,,
149.7916,9.638394,1.74753,74.69298,58.53257,56.7031,57.1308,1.497708,1.405601,1.397137,,
149.944,9.59751,1.731838,76.90671,57.54276,53.7602,51.5429,1.49459,1.702014,1.352398,,
150.0964,9.642097,1.7156,79.58652,57.60542,56.3032,55.0112,1.48743,1.439077,1.349287,,
150.2488,9.715234,1.728608,79.92621,55.67684,61.8524,65.8585,1.477006,1.725064,1.250607,,
150.4012,9.877434,1.713348,81.05724,52.7389,57.2148,56.457,1.492051,1.309448,1.201705,,
150.5536,9.85,1.69907,81.30073,53.07337,46.1181,39.3526,1.455772,0.9694597,1.321805,,
150.706,9.853165,1.697342,78.29639,54.73155,56.1376,53.95,1.476356,0.995951,1.233516,,
150.8584,9.824933,1.695456,77.14082,51.72758,60.7218,61.8676,1.448609,1.777649,1.320555,,
151.0108,9.866775,1.663842,79.91756,50.59937,59.2912,57.7458,1.466968,1.524364,1.271594,,
151.1632,9.584784,1.676278,82.30013,50.00153,59.3933,58.5109,1.446485,0.966965,1.339453,,
151.3156,9.570834,1.689206,80.82857,51.4341,58.916,58.2885,1.467636,1.414578,1.244014,,
151.468,9.203533,1.706597,79.51824,49.0909,52.8182,49.1094,1.467856,1.287416,1.242568,,
151.6204,9.42686,1.728195,82.39977,46.57952,55.2595,53.8194,1.470364,1.402798,1.23063,,
151.7728,9.484367,1.733866,82.69171,49.21504,54.9405,53.5332,1.467389,1.315698,1.234425,,
151.9252,9.368185,1.746438,78.3353,52.75472,54.3419,53.0767,1.44936,0.9945523,1.338036,,
152.0776,9.323076,1.76906,76.52403,56.63134,57.3538,59.3188,1.455462,0.827713,1.336686,,
152.23,9.392501,1.768236,77.6152,56.9132,56.7127,58.1142,1.448736,1.826523,1.410221,,
152.3824,9.401258,1.776245,78.24402,56.3008,52.5622,51.3991,1.464983,1.921393,1.40076,,
152.5348,9.453517,1.763329,80.44705,56.63512,56.776,57.9961,1.477882,1.61379,1.372795,,
152.6872,9.636494,1.760687,82.91982,55.03003,55.6197,55.8408,1.485263,1.498604,1.368051,,
152.8396,9.528395,1.760901,80.89825,55.75156,52.171,50.1768,1.511283,1.72513,1.318725,,
152.992,9.59,1.755176,77.64126,55.91848,54.7483,54.118,1.50468,1.528623,1.342277,,
153.1444,9.390633,1.755081,75.76789,58.44788,55.8674,56.0174,1.514916,1.456118,1.318874,,
153.2968,9.473245,1.746503,73.17281,57.27812,56.2105,56.2252,1.485326,1.172883,1.3553,,
153.4492,9.415006,1.747019,71.66966,55.79874,53.5576,51.8281,1.486342,0.6742248,1.281182,,
153.6016,9.409688,1.762116,73.62646,54.75753,54.8723,54.6259,1.506465,1.495161,1.204858,,
153.754,9.415416,1.760158,75.92976,56.04539,52.6194,50.8546,1.530457,1.790364,1.183173,,
153.9064,9.375532,1.755301,76.09906,56.72221,57.3873,58.7157,1.479058,1.682602,1.30928,,
154.0588,9.263992,1.748365,76.61358,55.65594,56.3062,56.4748,1.467529,0.5854331,1.360385,,
154.2112,9.219748,1.728333,81.39075,55.65475,54.1843,52.077,1.48073,1.426678,1.330813,,
154.3636,9.204798,1.725483,85.79469,55.04987,58.4037,59.115,1.475339,1.482467,1.326404,,
154.516,9.254878,1.72221,81.64538,57.19277,63.9396,69.8344,1.481912,1.811553,1.342104,,
154.6684,9.291718,1.715255,78.13483,58.13818,55.5966,53.8243,1.474803,1.7285,1.349743,,
154.8208,9.285373,1.727187,82.05891,59.78036,59.9797,62.115,1.470039,0.9357061,1.403688,,
154.9732,9.17182,1.754334,84.65895,59.59537,52.8376,50.9707,1.473608,1.200761,1.405279,,
155.1256,9.26708,1.754453,83.02445,58.49542,54.746,54.0832,1.462612,1.096645,1.418447,,
155.278,9.478579,1.748626,81.78918,59.60412,54.6035,53.5988,1.475581,1.439998,1.413007,,
155.4304,9.323766,1.725549,81.00946,59.18859,58.53,59.3464,1.472284,1.346818,1.395362,,
155.5828,9.377493,1.693362,79.52685,57.70698,55.93,53.4431,1.455764,1.597398,1.367127,,
155.7352,9.361149,1.645447,78.53809,56.08675,62.1426,61.9153,1.453941,1.480175,1.227205,,
155.8876,9.423742,1.610751,77.22801,54.58017,50.6803,42.8336,1.434101,1.137535,1.242341,,
156.04,9.386691,1.574207,75.4962,53.25446,63.9439,61.5091,1.449077,1.27713,1.203988,,
156.1924,9.49564,1.555674,75.98934,51.90082,60.9381,55.5519,1.437382,0.9324653,1.272973,,
156.3448,9.60793,1.557632,79.75101,51.80878,60.4171,54.8101,1.457025,1.584601,1.264148,,
156.4972,9.655005,1.562108,82.866,55.09841,60.8051,55.6242,1.440586,1.118384,1.313745,,
156.6496,9.72438,1.547305,84.64707,56.7187,62.3808,57.514,1.427474,2.751954,1.31501,,
156.802,9.818954,1.576855,84.75616,60.62368,63.2367,60.3931,1.419089,0.9802159,1.339102,,
156.9544,10.56475,1.587817,83.06375,60.04792,63.6996,61.7711,1.39772,1.347274,1.266643,,
157.1068,11.9552,1.613065,85.10432,58.83756,60.7607,57.8783,1.405492,1.838258,1.199812,,
157.2592,10.70739,1.663112,86.58186,54.95539,55.3958,51.3644,1.390962,1.580023,1.217728,,
157.4116,10.42139,1.648743,86.35671,55.30288,56.8676,53.0783,1.411476,1.447593,1.270703,,
157.564,11.40236,1.642365,91.17287,55.2098,55.2662,50.3508,1.422224,1.34016,1.353063,,
157.7164,9.536798,1.660999,95.14964,55.135,60.0412,58.9153,1.493539,0.7230782,1.334763,,
157.8688,9.752261,1.685459,91.82148,53.81529,55.9771,53.1883,1.504763,0.8421709,1.307526,,
158.0212,9.468533,1.648309,83.6873,50.48337,56.4221,52.3603,1.497594,1.420868,1.340432,,
158.1736,9.673281,1.645915,79.45889,50.438,57.056,53.2585,1.48546,1.865644,1.300246,,
158.326,9.397532,1.640738,81.89957,48.75023,64.2151,65.5894,1.502041,1.555838,1.224278,,
158.4784,9.710691,1.652186,84.39088,50.88246,60.0441,58.4981,1.481565,1.340885,1.161264,,
158.6308,9.882825,1.654744,82.0388,50.32097,60.8707,60.08,1.553279,1.672628,1.061492,,
158.7832,10.21368,1.64628,77.89045,52.7765,61.3664,60.5467,1.475462,1.690473,1.224711,,
158.9356,9.955548,1.61789,77.77615,51.03836,60.3661,57.4356,1.467389,1.520351,1.354198,,
159.088,9.135984,1.613899,79.31171,52.20319,62.3297,60.6458,1.498402,1.286171,1.295015,,
159.2404,9.679052,1.599734,79.85605,50.79869,62.9634,61.061,1.515331,1.249866,1.240255,,
159.3928,9.672882,1.591879,79.57462,52.61964,64.7851,63.978,1.510155,1.922297,1.250205,,
159.5452,9.495652,1.583067,80.06759,51.86683,62.3396,59.1427,1.521991,1.035384,1.249298,,
159.6976,9.737511,1.571041,81.17267,52.10453,60.4158,55.3956,1.511469,0.9588259,1.308207,,
159.85,9.788715,1.5679,79.06714,53.65454,65.3812,63.7888,1.488335,1.48787,1.320227,,
160.0024,9.76116,1.560085,76.41055,54.01863,66.5175,65.4901,1.48114,1.092468,1.218297,,
160.1548,10.52364,1.553126,78.47237,52.54838,68.0593,68.0824,1.506858,1.605356,1.084111,,
160.3072,10.13749,1.544846,81.12427,47.12999,66.6677,64.9231,1.501876,1.504895,1.123416,,
160.4596,9.994536,1.529072,80.03256,45.49979,63.5055,58.521,1.493048,1.69883,1.103046,,
160.612,9.900174,1.549501,79.63097,46.43408,65.527,63.0702,1.464269,1.632451,1.194275,,
160.7644,9.87625,1.578849,82.24909,51.10183,63.449,60.8667,1.473014,1.196798,1.211952,,
160.9168,10.31138,1.620384,85.20757,50.7048,59.9513,56.8541,1.484288,0.8421597,1.242432,,
161.0692,10.38278,1.662016,86.22359,54.21627,55.0477,50.7853,1.483489,1.081764,1.287515,,
161.2216,10.79089,1.677053,85.56804,56.51907,58.3067,56.6707,1.481549,2.504896,1.360409,,
161.374,10.43971,1.676529,84.98922,59.74974,57.1685,54.7443,1.501075,1.361465,1.334751,,
161.5264,10.13041,1.665765,86.54803,55.18155,57.9161,55.5074,1.510949,1.532805,1.391679,,
161.6788,9.940857,1.64119,88.55041,51.74761,59.9042,57.7374,1.554185,1.365048,1.340301,,
161.8312,9.997766,1.648675,87.99013,49.72949,61.537,60.9752,1.592071,1.504317,1.309775,,
161.9836,10.32426,1.641685,85.95753,48.72549,59.8373,57.6464,1.583401,1.469631,1.323795,,
162.136,11.31521,1.612551,83.60768,48.52555,58.4175,54.0098,1.599746,1.470532,1.305609,,
162.2884,10.45339,1.596178,81.62175,49.38837,58.1243,52.8627,1.575055,1.227115,1.353361,,
162.4408,9.788177,1.579224,79.99053,50.5555,65.1855,64.0388,1.576882,0.8919652,1.236138,,
162.5932,9.963037,1.550513,76.97493,49.55693,66.4417,64.8134,1.592207,1.293287,1.179569,,
162.7456,9.93434,1.530259,74.61456,47.26825,65.0577,61.2321,1.561139,1.067493,1.193998,,
162.898,9.680455,1.51103,76.0218,47.22942,65.8381,61.6149,1.546438,1.575232,1.196399,,
163.0504,9.646796,1.517352,78.79713,47.1678,65.1822,60.7948,1.537255,1.631436,1.221918,,
163.2028,9.75301,1.516649,80.18695,47.53648,68.9743,67.7186,1.541966,1.103931,1.18422,,
163.3552,9.748496,1.53035,81.93547,48.32942,66.1554,63.191,1.605521,0.9532182,1.163019,,
163.5076,9.681073,1.551592,82.28477,48.53777,65.1969,62.5828,1.582281,1.740129,1.209598,,
163.66,9.920077,1.558767,79.18536,50.74997,64.3976,61.525,1.565402,1.162963,1.246049,,
163.8124,9.780659,1.573164,78.66062,51.03765,65.2778,63.882,1.560116,1.457653,1.240993,,
163.9648,9.565646,1.582657,81.861,51.37527,61.9838,58.5155,1.549381,1.16834,1.204143,,
164.1172,9.717461,1.57916,82.91286,50.8972,62.9632,60.0299,1.48719,1.273766,1.273871,,
164.2696,9.344588,1.56706,81.60568,51.33963,63.6692,60.6603,1.49055,0.8042331,1.270538,,
164.422,9.405646,1.557915,82.57867,52.02936,62.7059,58.5563,1.496056,1.117826,1.208307,,
164.5744,9.86916,1.545728,83.20348,50.96416,69.4212,70.3832,1.464685,2.030432,1.282233,,
164.7268,9.363758,1.549698,80.52652,51.17272,66.2172,64.3498,1.442178,0.8609138,1.228906,,
164.8792,10.5274,1.565562,78.95004,53.27256,54.3401,46.2171,1.407687,1.728388,1.215235,,
165.0316,11.68168,1.578318,80.76363,56.18418,63.2027,60.4069,1.418839,1.361076,1.202359,,
165.184,11.12027,1.608997,84.47104,58.12173,56.6031,51.0598,1.424448,2.195713,1.154959,,
165.3364,10.83186,1.578374,85.71161,59.868,59.9076,54.9054,1.410051,1.586301,1.215578,,
165.4888,10.18101,1.542597,84.15356,60.23631,60.7345,54.6566,1.410994,1.331546,1.201068,,
165.6412,9.843449,1.554125,87.29932,56.7436,69.0837,70.2137,1.455434,1.063997,1.139579,,
165.7936,9.597199,1.584116,94.06632,50.95045,61.6904,58.0881,1.521667,1.023611,1.080379,,
165.946,9.672909,1.602403,96.40424,46.70356,59.5754,55.4265,1.500886,1.022048,1.159831,,
166.0984,9.603995,1.630013,94.23372,46.45287,56.4367,51.6417,1.47649,0.8710101,1.356691,,
166.2508,9.898511,1.661278,90.00584,48.76324,58.8384,56.8523,1.483617,1.582561,1.501606,,
166.4032,9.452036,1.686984,85.69968,53.34559,57.3099,55.4366,1.577092,1.162991,1.268709,,
166.5556,9.635624,1.690258,84.10622,56.31431,53.2949,49.2126,1.584623,0.9453912,1.289168,,
166.708,9.439256,1.677368,84.69142,57.45737,57.7871,55.8074,1.53205,1.239822,1.471622,,
166.8604,9.477707,1.642628,83.42374,53.58981,60.3497,58.5722,1.537543,1.409253,1.330976,,
167.0128,9.508748,1.616802,80.38852,52.19491,59.1044,55.2966,1.565825,0.6009395,1.10901,,
167.1652,9.573117,1.602648,79.83303,49.62509,67.5383,70.0375,1.556838,1.37183,1.11593,,
167.3176,10.18876,1.602814,78.54067,51.6561,62.503,60.3984,1.551138,1.029956,1.15845,,
167.47,10.1224,1.605916,75.01472,49.63071,64.971,65.1022,1.543786,1.939647,1.173234,,
167.6224,10.13088,1.651342,75.41733,50.64505,64.7527,67.2657,1.553785,1.562264,1.214584,,
167.7748,9.263023,1.680647,79.44366,51.3242,56.6535,54.0786,1.544265,1.437964,1.30033,,
167.9272,9.958743,1.716643,82.3932,53.39798,54.3332,51.842,1.539219,1.448302,1.352556,,
168.0796,10.24809,1.739232,82.70535,56.71229,54.7107,53.38,1.525142,1.486998,1.368241,,
168.232,9.941602,1.751121,82.33715,56.87513,54.1121,52.894,1.530851,1.295927,1.334594,,
168.3844,9.549372,1.735914,81.81023,57.96086,54.6871,53.2031,1.518273,1.100397,1.318705,,
168.5368,9.406271,1.708255,80.31366,58.02113,55.3649,53.1516,1.506493,1.196296,1.321216,,
168.6892,9.382813,1.684707,81.52981,58.82524,61.6789,63.1076,1.486832,1.562642,1.343807,,
168.8416,9.31688,1.687885,84.88241,58.09411,58.4024,57.3317,1.483318,1.057003,1.341423,,
168.994,9.388448,1.683578,84.44065,55.10532,60.5705,60.9797,1.471787,1.362896,1.34397,,
169.1464,9.452304,1.702075,81.21447,50.7611,54.348,51.2833,1.478755,1.680087,1.316025,,
169.2988,9.568792,1.714231,81.36941,50.68216,55.6903,53.9343,1.478055,1.29347,1.337408,,
169.4512,9.556987,1.738123,83.35943,53.03926,52.2899,49.4904,1.466914,1.735153,1.3966,,
169.6036,9.417294,1.76157,82.13355,56.326,55.3469,55.4092,1.464569,2.326351,1.372419,,
169.756,9.428795,1.785695,80.9084,56.11512,50.4944,48.5073,1.463856,1.332196,1.437998,,
169.9084,9.535789,1.792646,83.72573,55.93282,56.1062,58.1699,1.460935,1.408575,1.443806,,
170.0608,9.420764,1.788096,83.88901,58.50808,51.3066,49.8607,1.458834,0.9292701,1.405249,,
170.2132,9.587487,1.769511,79.59499,61.21766,52.9349,51.7294,1.445782,1.56322,1.391096,,
170.3656,9.350215,1.722731,79.89703,62.79264,57.1074,56.6968,1.426918,0.8976381,1.389225,,
170.518,9.663211,1.701321,81.37621,62.98867,57.1866,55.8656,1.394454,1.998598,1.302931,,
170.6704,9.915318,1.702921,79.02171,62.50608,59.3123,59.6548,1.390674,1.33805,1.259447,,
170.8228,10.5964,1.711388,78.40234,62.7028,51.9533,47.9935,1.374291,1.543016,1.225907,,
170.9752,10.10031,1.712732,81.39139,62.68862,46.2908,40.044,1.382267,1.639668,1.230958,,
171.1276,9.931182,1.753589,84.25628,64.31574,52.6011,50.5678,1.386717,1.82241,1.352329,,
171.28,9.50563,1.760735,84.97675,63.3013,49.6397,46.3334,1.403497,1.204214,1.411784,,
171.4324,9.617417,1.78225,86.74329,63.15758,52.8765,52.1487,1.407915,1.08275,1.390198,,
171.5848,9.206762,1.79994,89.98267,62.76054,53.1419,53.3181,1.412828,1.193232,1.394384,,
171.7372,9.118444,1.82443,91.31956,62.77983,52.3613,53.0262,1.408621,1.168675,1.381114,,
171.8896,9.168013,1.820146,88.2141,61.27448,52.5422,53.1532,1.416837,1.390149,1.339019,,
172.042,9.282495,1.810877,83.32631,60.54199,51.4152,50.9178,1.409977,1.053269,1.333959,,
172.1944,9.226873,1.792514,81.883,59.96766,54.9736,56.1406,1.415684,1.304074,1.339608,,
172.3468,9.201876,1.786148,81.92194,60.425,52.3879,51.5115,1.412736,1.460133,1.342841,,
172.4992,9.200624,1.782978,82.88899,61.05623,56.3554,58.1648,1.41564,1.608009,1.339393,,
172.6516,9.394782,1.783711,83.66051,61.80735,55.5248,56.7127,1.408076,1.438885,1.344867,,
172.804,9.29881,1.759249,81.81826,61.781,54.834,54.4361,1.410353,1.786448,1.32213,,
172.9564,9.16814,1.764622,81.53495,61.40565,54.1468,53.5146,1.409592,1.430277,1.334565,,
173.1088,9.425796,1.763983,83.46615,62.40638,53.8403,52.9809,1.408388,1.58856,1.346809,,
173.2612,9.267528,1.762708,83.25311,63.89448,56.2562,57.0418,1.408334,1.783018,1.3437,,
173.4136,9.199229,1.78305,81.6851,63.65375,54.6041,55.0783,1.404722,1.366924,1.379554,,
173.566,9.091014,1.781182,81.78071,61.3966,55.386,56.3533,1.408881,1.667861,1.37951,,
173.7184,9.1754,1.779922,82.17229,61.56757,53.143,52.4902,1.403795,1.341397,1.371874,,
173.8708,9.173746,1.786547,82.74645,62.46053,52.7045,52.0422,1.417983,1.837327,1.332362,,
174.0232,9.125003,1.788764,83.60875,63.01403,55.2848,56.519,1.414376,1.432894,1.358906,,
174.1756,9.171915,1.794456,82.73432,60.73871,49.1257,46.7476,1.427643,1.487817,1.321763,,
174.328,9.1175,1.79872,81.56225,57.31356,51.8338,51.1139,1.416419,1.370972,1.354245,,
174.4804,9.075516,1.802546,81.96489,59.80153,52.4152,52.2161,1.417504,1.881351,1.359009,,
174.6328,9.0695,1.819276,82.48016,60.88861,55.2325,57.8324,1.4135,1.416489,1.368204,,
174.7852,9.060001,1.82854,81.94616,64.69743,51.6421,51.9916,1.411091,1.665146,1.377605,,
174.9376,9.04219,1.831439,80.73995,63.34116,50.9351,50.9445,1.411772,1.63689,1.368797,,
175.09,9.034251,1.834627,80.40887,61.42124,50.1161,49.7457,1.411069,1.180713,1.360051,,
175.2424,8.970252,1.82705,80.45281,60.54478,52.3787,53.1642,1.407522,1.552269,1.366555,,
175.3948,8.978441,1.804344,80.28699,61.34589,53.097,53.4263,1.412376,1.659895,1.362311,,
175.5472,8.996673,1.784326,80.19696,62.76807,54.5656,55.0675,1.419139,1.562489,1.363906,,
175.6996,9.035843,1.775466,80.40404,61.70441,56.3709,57.838,1.410314,1.580443,1.367459,,
175.852,9.111882,1.759478,82.63537,59.69011,56.4823,57.2919,1.411593,1.315964,1.363794,,
176.0044,9.18444,1.756197,81.96978,59.59689,53.9896,52.9023,1.417029,1.631177,1.38735,,
176.1568,9.110503,1.752022,79.17022,59.91833,56.5173,57.0099,1.417724,1.572028,1.388196,,
176.3092,9.230832,1.754719,81.17154,58.99611,57.4318,58.767,1.416656,1.519601,1.402293,,
176.4616,9.383327,1.755008,82.40167,58.488,57.0353,58.0671,1.411925,1.514738,1.396915,,
176.614,9.173765,1.755875,79.2948,56.09724,53.3242,51.8081,1.417305,1.582759,1.396977,,
176.7664,9.113755,1.750167,77.9687,56.19046,53.7926,52.3331,1.417579,1.568109,1.379233,,
176.9188,9.141246,1.749204,79.83978,54.10056,57.0171,57.7621,1.428176,1.803277,1.375044,,
177.0712,9.278013,1.728267,80.03821,55.26755,57.5211,57.674,1.422215,1.985474,1.363754,,
177.2236,9.446466,1.724308,78.0285,55.62746,57.0399,56.6516,1.422051,1.57236,1.345894,,
177.376,9.395893,1.717639,77.29404,57.9678,57.5629,57.2533,1.419921,1.401874,1.317247,,
177.5284,9.504996,1.679408,76.82246,58.80348,54.5721,50.7355,1.407276,1.637716,1.2628,,
177.6808,9.487349,1.639836,74.55988,57.78637,58.9862,56.127,1.377833,1.579419,1.118294,,
177.8332,9.723929,1.636877,73.40897,56.07585,63.953,64.865,1.422266,1.769273,1.099915,,
177.9856,9.533131,1.606346,75.83479,54.60529,66.2003,67.5325,1.415165,1.276337,1.028743,,
178.138,9.639994,1.612779,80.1922,54.79613,56.6309,51.2498,1.41418,1.123045,1.046711,,
178.2904,9.352504,1.639266,81.58269,53.93659,65.639,68.3518,1.384182,1.756389,1.233191,,
178.4428,9.546866,1.670647,80.11369,52.4594,57.3137,54.7265,1.391592,1.037128,1.208812,,
178.5952,9.619681,1.704338,82.86649,52.38405,54.46,51.5479,1.403123,0.9315494,1.35143,,
178.7476,9.546258,1.743893,86.77611,54.93356,54.9801,54.022,1.421557,0.8406428,1.368482,,
178.9,9.679358,1.733425,86.55038,56.10013,59.1691,60.9096,1.429509,0.6109344,1.338823,,
179.0524,9.508935,1.734933,85.62061,57.60632,53.4735,51.2105,1.425987,1.264773,1.35696,,
179.2048,9.430427,1.738564,85.72928,57.21567,56.112,55.6987,1.427186,1.940905,1.361396,,
179.3572,9.477067,1.751291,84.01056,58.15876,55.0262,54.4163,1.42796,1.582613,1.396044,,
179.5096,9.37832,1.746001,79.09783,55.34578,56.0465,55.9186,1.437644,1.620723,1.369699,,
179.662,9.290772,1.747381,76.26257,54.04542,53.6845,52.0454,1.441604,1.812312,1.379646,,
179.8144,9.504828,1.754179,77.70734,54.26766,54.3091,53.344,1.445666,1.247493,1.36988,,
179.9668,9.442504,1.754851,79.14171,55.15801,54.1334,53.0828,1.436861,1.624497,1.425098,,
180.1192,9.532497,1.749413,77.86346,55.03893,56.4253,56.7289,1.449,1.194427,1.367452,,
180.2716,9.374503,1.741312,76.90597,54.51539,55.6575,55.047,1.449533,1.253455,1.334451,,
180.424,9.187509,1.716281,76.40095,54.7797,58.7326,59.2604,1.43754,1.396496,1.321686,,
180.5764,9.262493,1.689029,75.582,53.98149,56.5149,54.2096,1.418155,1.464432,1.336311,,
180.7288,9.128766,1.645894,79.52293,50.70735,57.3156,53.6694,1.424594,2.315688,1.275407,,
180.8812,9.424554,1.624616,81.05358,51.91355,60.5674,58.0917,1.433402,2.175689,1.216886,,
181.0336,9.514717,1.615501,76.34792,51.12568,62.9862,61.9094,1.442966,1.43202,1.198219,,
181.186,9.82541,1.599144,74.33802,53.74666,60.3953,56.6215,1.440152,1.290408,1.194868,,
181.3384,9.78929,1.612599,73.90579,51.22289,60.7465,57.8317,1.441398,1.729381,1.240963,,
181.4908,9.684724,1.610596,74.97837,56.61932,59.0216,54.8901,1.422642,1.036524,1.345588,,
181.6432,9.733265,1.611578,77.79839,56.82041,61.2037,58.5631,1.408123,0.7584926,1.355463,,
181.7956,9.563853,1.625376,78.35725,59.00369,61.7314,60.1555,1.407516,0.7090964,1.319675,,
181.948,9.776797,1.632308,78.04097,56.56297,57.9626,54.1265,1.368066,0.9620709,1.373256,,
182.1004,9.942783,1.619484,78.53643,59.04705,60.6105,57.9237,1.38292,1.327352,1.299016,,
182.2528,9.94,1.641297,78.86607,60.16447,55.889,51.2532,1.37688,1.417361,1.310026,,
182.4052,9.887695,1.628606,77.72773,58.23565,58.0461,54.1022,1.372127,1.654473,1.340778,,
182.5576,10.06832,1.629994,78.55684,57.89604,56.908,52.3668,1.373842,0.8230414,1.334465,,
182.71,10.31632,1.633988,82.38809,57.51286,63.1301,63.1451,1.379416,1.473408,1.281758,,
182.8624,10.08658,1.637978,85.06151,60.95171,58.5237,55.2812,1.368278,1.618464,1.272607,,
183.0148,10.16333,1.642296,84.85232,61.91138,57.0904,53.1607,1.357831,1.604264,1.237835,,
183.1672,10.8662,1.663611,82.23251,63.1493,58.0415,55.6198,1.338044,1.084383,1.269058,,
183.3196,10.57412,1.748326,80.97077,62.8353,49.2769,45.385,1.344163,1.311139,1.305508,,
183.472,10.29788,1.753263,84.4753,61.93675,44.4915,38.7469,1.363201,1.795377,1.318831,,
183.6244,9.798046,1.769107,88.46745,60.62541,45.8797,41.308,1.368316,1.109528,1.361644,,
183.7768,9.539831,1.726469,89.99299,60.45399,50.2111,45.9798,1.397727,1.206316,1.379733,,
183.9292,9.012502,1.747394,94.55521,60.63563,48.9216,44.8437,1.40169,1.32826,1.360666,,
184.0816,9.089306,1.774023,97.9094,60.87809,57.863,60.5077,1.416934,1.121175,1.389462,,
184.234,9.12979,1.781574,92.05897,61.20607,49.3141,46.5754,1.414576,2.04874,1.443299,,
184.3864,9.294628,1.770667,85.35889,60.58831,52.9281,51.7636,1.424214,1.366775,1.388638,,
184.5388,9.16043,1.776952,82.85574,59.57296,52.109,50.6992,1.41664,0.8966305,1.409264,,
184.6912,9.036735,1.781962,81.2297,58.60585,55.3638,56.3486,1.429624,1.034236,1.364679,,
184.8436,9.602379,1.770144,83.04809,57.8931,59.1524,62.7737,1.431167,1.359732,1.377434,,
184.996,9.612585,1.770614,88.34772,58.74702,53.4871,52.6725,1.419589,1.394908,1.401765,,
185.1484,9.162513,1.77583,87.79864,58.46634,55.0632,55.5507,1.430811,1.62033,1.379276,,
185.3008,9.234384,1.758853,84.32806,59.78918,52.3443,50.3661,1.434175,1.714587,1.347656,,
185.4532,9.28875,1.732385,84.63885,58.58002,57.5394,57.8986,1.440385,1.804995,1.310211,,
185.6056,9.288818,1.713355,80.52097,57.82644,56.2685,54.8528,1.431265,0.9396321,1.30825,,
185.758,10.1386,1.686863,75.80227,55.2464,55.8732,53.0793,1.435675,1.476021,1.291665,,
185.9104,9.248756,1.660626,79.1037,55.21476,59.5806,58.0933,1.406564,1.684559,1.339404,,
186.0628,9.600828,1.641382,82.77023,54.82089,,,1.432905,1.735066,1.295607,,
186.2152,9.76638,1.618007,81.44624,54.74931,,,1.408491,1.484753,1.349504,,
186.3676,9.342532,1.622105,80.86612,55.88993,,,1.411477,1.248174,1.30798,,
186.52,9.382079,,81.8829,57.8149,,,1.391025,1.14663,1.283353,,
186.6724,9.659602,,80.71024,59.21611,,,1.380766,1.187477,1.253862,,
186.8248,9.470033,,80.35112,59.31748,,,,1.609017,1.253858,,
186.9772,9.438832,,81.61807,59.21975,,,,1.471812,,,
187.1296,9.851037,,78.88306,62.76164,,,,1.110035,,,
187.282,10.23951,,76.64545,63.97265,,,,1.257011,,,
187.4344,10.59038,,78.99659,62.38826,,,,1.69981,,,
187.5868,10.20922,,80.34547,60.43026,,,,1.673219,,,
187.7392,9.937302,,85.41981,59.48355,,,,1.045349,,,
187.8916,10.16499,,94.18005,60.38732,,,,0.9691855,,,
188.044,9.396266,,94.48614,59.24035,,,,1.17065,,,
188.1964,9.39625,,88.50675,59.61319,,,,1.275567,,,
0.0129,,,5.399876,,,,,,,,
0.0434,,,5.944551,,,,,,,,
0.0739,,,6.488374,,,,,,,,
0.1044,,,7.03196,,,,,,,,
0.1653,,,8.599414,,,,,,,,
0.1958,,,9.620385,,,,,,,,
0.2263,,,10.64181,,,,,,,,
0.2568,,,11.66278,,,,,,,,
0.3177,,,14.24103,,,,,,,,
0.3482,,,15.79397,,,,,,,,
0.3787,,,17.34759,,,,,,,,
0.4092,,,18.90054,,,,,,,,
0.4701,,,22.34112,1.891901,,,,,,,
0.5006,,,24.22347,2.233648,,,,,,,
0.5311,,,26.10665,2.575546,,,,,,,
0.5616,,,27.99277,2.917978,,,,,,,
0.6225,,,30.8773,3.882167,,,,,,,
0.653,,,31.87986,4.503662,,,,,,,
0.6835,,,32.88285,5.12543,,,,,,,
0.714,,,33.88742,5.748169,,,,,,,
0.7749,,,35.1163,6.690857,,,,,,,
0.8054,,,35.34341,7.01215,,,,,,,
0.8359,,,35.57062,7.333585,,,,,,,
0.8664,,,35.79818,7.655522,,,,,,,
0.9273,,,36.60112,8.062604,,,,,,,
0.9578,,,37.17606,8.148581,,,,,,,
0.9883,,,37.75125,8.234593,,,,,,,
1.0188,,,38.32734,8.320742,,,,,,,
1.0797,,,39.4142,7.988384,,,,,,,
1.1102,,,39.92575,7.5709,,,,,,,
1.1407,,,40.43855,7.152397,,,,,,,
1.1712,,,40.95009,6.734914,,,,,,,
1.2321,,,41.78713,7.536155,,,,,,,
1.2626,,,42.11248,8.752501,,,,,,,
1.2931,,,42.43863,9.971813,,,,,,,
1.3236,,,42.76398,11.18816,,,,,,,
1.3845,,,43.5563,13.54611,,,,,,,
1.415,,,44.0237,14.68906,,,,,,,
1.4455,,,44.49036,15.83022,,,,,,,
1.476,,,44.95682,16.97088,,,,,,,
1.5369,,,45.30009,19.02659,,,,,,,
1.5674,,,45.17704,19.94278,,,,,,,
1.5979,,,45.05419,20.85753,,,,,,,
1.6284,,,44.9314,21.77189,,,,,,,
1.6893,,,44.2371,22.45876,,,,,,,
1.7198,,,43.66512,22.23139,,,,,,,
1.7503,,,43.09402,22.00437,,,,,,,
1.7808,,,42.52318,21.77746,,,,,,,
1.8417,,,42.19719,21.27205,,,,,,,
1.8722,,,42.44218,20.99325,,,,,,,
1.9027,,,42.68679,20.71489,,,,,,,
1.9332,,,42.93129,20.43665,,,,,,,
1.9941,,,43.75136,20.0916,,,,,,,
2.0246,,,44.32528,20.02497,,,,,,,
2.0551,,,44.89944,19.95833,,,,,,,
2.0856,,,45.47335,19.8917,,,,,,,
2.1465,,,46.19199,20.54047,,,,,,,
2.177,,,46.33624,21.25392,,,,,,,
2.2075,,,46.48055,21.96769,,,,,,,
2.238,,,46.62479,22.68114,,,,,,,
2.2989,,,47.27986,24.0181,,,,,,,
2.3294,,,47.78932,24.6398,,,,,,,
2.3599,,,48.299,25.26176,,,,,,,
2.3904,,,48.80847,25.88346,,,,,,,
2.4513,,,50.26265,27.22151,,,,,,,
2.4818,,,51.20485,27.93585,,,,,,,
2.5123,,,52.14746,28.65051,,,,,,,
2.5428,,,53.09155,29.36628,,,,,,,
2.6037,,,54.3626,29.77058,,,,,,,
2.6342,,,54.69201,29.46223,,,,,,,
2.6647,,,55.02156,29.15374,,,,,,,
2.6952,,,55.35163,28.84477,,,,,,,
2.7561,,,55.31056,28.98044,,,,,,,
2.7866,,,54.94125,29.42316,,,,,,,
2.8171,,,54.57177,29.86607,,,,,,,
2.8476,,,54.20173,30.30967,,,,,,,
2.9085,,,53.40026,31.18364,,,,,,,
2.939,,,52.96854,31.61452,,,,,,,
2.9695,,,52.53664,32.0456,,,,,,,
3.0,,,52.10406,32.47734,,,,,,,
3.0609,,,51.39603,33.13231,,,,,,,
3.0914,,,51.11982,33.35638,,,,,,,
3.1219,,,50.84293,33.581,,,,,,,
3.1524,,,50.56672,33.80507,,,,,,,
3.2133,,,50.18517,34.02667,,,,,,,
3.2438,,,50.0798,34.02437,,,,,,,
3.2743,,,49.97417,34.02206,,,,,,,
3.3048,,,49.8688,34.01976,,,,,,,
3.3657,,,49.6221,33.87581,,,,,,,
3.3962,,,49.48065,33.73409,,,,,,,
3.4267,,,49.33941,33.59259,,,,,,,
3.4572,,,49.19823,33.45115,,,,,,,
3.5181,,,48.97517,33.67719,,,,,,,
3.5486,,,48.89316,34.04485,,,,,,,
3.5791,,,48.81129,34.41194,,,,,,,
3.6096,,,48.72944,34.77887,,,,,,,
3.6705,,,48.66606,35.27949,,,,,,,
3.701,,,48.68451,35.41339,,,,,,,
3.7315,,,48.70293,35.54708,,,,,,,
3.762,,,48.72135,35.68071,,,,,,,
3.8229,,,48.66398,36.09782,,,,,,,
3.8534,,,48.58812,36.3816,,,,,,,
3.8839,,,48.51239,36.66494,,,,,,,
3.9144,,,48.43668,36.94815,,,,,,,
3.9753,,,48.43074,37.77682,,,,,,,
4.0058,,,48.5003,38.32073,,,,,,,
4.0363,,,48.5699,38.86487,,,,,,,
4.0668,,,48.63947,39.40878,,,,,,,
4.1277,,,48.64237,40.75335,,,,,,,
4.1582,,,48.57587,41.55178,,,,,,,
4.1887,,,48.50935,42.35055,,,,,,,
4.2192,,,48.44286,43.14898,,,,,,,
4.2801,,,48.06968,44.08244,,,,,,,
4.3106,,,47.7638,44.21685,,,,,,,
4.3411,,,47.45778,44.35132,,,,,,,
4.3716,,,47.15128,44.486,,,,,,,
4.4325,,,46.93029,44.58009,,,,,,,
4.463,,,47.01451,44.54007,,,,,,,
4.4935,,,47.09878,44.50003,,,,,,,
4.524,,,47.18317,44.45992,,,,,,,
4.5849,,,47.74747,43.97017,,,,,,,
4.6154,,,48.22658,43.52139,,,,,,,
4.6459,,,48.70591,43.0724,,,,,,,
4.6764,,,49.18598,42.62272,,,,,,,
4.7373,,,49.9707,42.22331,,,,,,,
4.7678,,,50.27624,42.27206,,,,,,,
4.7983,,,50.58192,42.32083,,,,,,,
4.8288,,,50.88807,42.36967,,,,,,,
4.8897,,,51.30058,42.23199,,,,,,,
4.9202,,,51.40765,42.04597,,,,,,,
4.9507,,,51.51477,41.85987,,,,,,,
4.9812,,,51.62206,41.67347,,,,,,,
5.0421,,,52.12257,41.70751,,,,,,,
5.0726,,,52.51541,41.92704,,,,,,,
5.1031,,,52.90921,42.1471,,,,,,,
5.1336,,,53.30205,42.36663,,,,,,,
5.1945,,,54.36062,42.74963,,,,,,,
5.225,,,55.02559,42.91301,,,,,,,
5.2555,,,55.69217,43.07678,,,,,,,
5.286,,,56.35713,43.24015,,,,,,,
5.3469,,,57.3359,44.03235,,,,,,,
5.3774,,,57.65026,44.66162,,,,,,,
5.4079,,,57.96412,45.2899,,,,,,,
5.4384,,,58.27784,45.91792,,,,,,,
5.4993,,,58.29645,46.7919,,,,,,,
5.5298,,,58.00123,47.03829,,,,,,,
5.5603,,,57.70647,47.28429,,,,,,,
5.5908,,,57.41184,47.5302,,,,,,,
5.6517,,,56.83734,48.45089,,,,,,,
5.6822,,,56.55716,49.12634,,,,,,,
5.7127,,,56.27741,49.80073,,,,,,,
5.7432,,,55.99779,50.47483,,,,,,,
5.8041,,,55.59121,51.33457,,,,,,,
5.8346,,,55.4641,51.52045,,,,,,,
5.8651,,,55.33719,51.70605,,,,,,,
5.8956,,,55.21033,51.89156,,,,,,,
5.9565,,,54.69555,52.06452,,,,,,,
5.987,,,54.30871,52.05199,,,,,,,
6.0175,,,53.9217,52.03945,,,,,,,
6.048,,,53.53487,52.02692,,,,,,,
6.1089,,,52.92864,52.07433,,,,,,,
6.1394,,,52.70992,52.13411,,,,,,,
6.1699,,,52.4911,52.19393,,,,,,,
6.2004,,,52.27238,52.25371,,,,,,,
6.2613,,,52.3371,52.64997,,,,,,,
6.2918,,,52.61993,52.98558,,,,,,,
6.3223,,,52.90289,53.32133,,,,,,,
6.3528,,,53.18628,53.65762,,,,,,,
6.4137,,,53.57465,54.0769,,,,,,,
6.4442,,,53.68035,54.16085,,,,,,,
6.4747,,,53.7861,54.24485,,,,,,,
6.5052,,,53.89202,54.32897,,,,,,,
6.5661,,,54.05006,54.07505,,,,,,,
6.5966,,,54.10243,53.738,,,,,,,
6.6271,,,54.15482,53.40081,,,,,,,
6.6576,,,54.2073,53.06308,,,,,,,
6.7185,,,54.36773,52.26799,,,,,,,
6.749,,,54.47564,51.81048,,,,,,,
6.7795,,,54.58358,51.35278,,,,,,,
6.81,,,54.69171,50.89435,,,,,,,
6.8709,,,54.65411,50.8557,,,,,,,
6.9014,,,54.509,51.27335,,,,,,,
6.9319,,,54.36381,51.69118,,,,,,,
6.9624,,,54.2184,52.10966,,,,,,,
7.0233,,,54.08466,52.97226,,,,,,,
7.0538,,,54.09592,53.4168,,,,,,,
7.0843,,,54.1072,53.86242,,,,,,,
7.1148,,,54.11845,54.30696,,,,,,,
7.1757,,,54.17307,54.718,,,,,,,
7.2062,,,54.21646,54.68477,,,,,,,
7.2367,,,54.25979,54.65159,,,,,,,
7.2672,,,54.3031,54.61842,,,,,,,
7.3281,,,54.64279,54.00596,,,,,,,
7.3586,,,54.93937,53.42628,,,,,,,
7.3891,,,55.23549,52.84751,,,,,,,
7.4196,,,55.53149,52.26899,,,,,,,
7.4805,,,56.29922,51.10714,,,,,,,
7.511,,,56.77143,50.52316,,,,,,,
7.5415,,,57.24292,49.94009,,,,,,,
7.572,,,57.71418,49.35728,,,,,,,
7.6329,,,58.16762,48.58865,,,,,,,
7.6634,,,58.14985,48.40256,,,,,,,
7.6939,,,58.13211,48.21676,,,,,,,
7.7244,,,58.11438,48.03104,,,,,,,
7.7853,,,57.60106,47.6366,,,,,,,
7.8158,,,57.10493,47.42766,,,,,,,
7.8463,,,56.60957,47.21903,,,,,,,
7.8768,,,56.11443,47.0105,,,,,,,
7.9377,,,55.50843,46.80697,,,,,,,
7.9682,,,55.39794,46.81199,,,,,,,
7.9987,,,55.28741,46.81701,,,,,,,
8.0292,,,55.17692,46.82203,,,,,,,
8.0901,,,55.58949,46.76025,,,,,,,
8.1206,,,56.11123,46.69363,,,,,,,
8.1511,,,56.6332,46.62697,,,,,,,
8.1816,,,57.15494,46.56035,,,,,,,
8.2425,,,57.53642,46.73055,,,,,,,
8.273,,,57.39627,46.96682,,,,,,,
8.3035,,,57.25605,47.20319,,,,,,,
8.334,,,57.11562,47.43994,,,,,,,
8.3949,,,56.4189,47.76455,,,,,,,
8.4254,,,55.8634,47.85301,,,,,,,
8.4559,,,55.30766,47.9415,,,,,,,
8.4864,,,54.75105,48.03014,,,,,,,
8.5473,,,54.51558,48.27703,,,,,,,
8.5778,,,54.83425,48.43524,,,,,,,
8.6083,,,55.15306,48.59352,,,,,,,
8.6388,,,55.47237,48.75204,,,,,,,
8.6997,,,56.20839,49.04465,,,,,,,
8.7302,,,56.62527,49.17895,,,,,,,
8.7607,,,57.04233,49.31332,,,,,,,
8.7912,,,57.46005,49.44789,,,,,,,
8.8521,,,57.65876,49.73792,,,,,,,
8.8826,,,57.44137,49.89349,,,,,,,
8.9131,,,57.22345,50.04944,,,,,,,
8.9436,,,57.00605,50.20501,,,,,,,
9.0045,,,56.50755,50.0717,,,,,,,
9.035,,,56.22673,49.78342,,,,,,,
9.0655,,,55.94523,49.49443,,,,,,,
9.096,,,55.66441,49.20615,,,,,,,
9.1569,,,55.06513,48.61748,,,,,,,
9.1874,,,54.74634,48.31675,,,,,,,
9.2179,,,54.42804,48.0165,,,,,,,
9.2484,,,54.10988,47.71638,,,,,,,
9.3093,,,53.94381,47.12915,,,,,,,
9.3398,,,54.09586,46.84172,,,,,,,
9.3703,,,54.24767,46.55473,,,,,,,
9.4008,,,54.39942,46.26788,,,,,,,
9.4617,,,55.00109,45.97623,,,,,,,
9.4922,,,55.45144,45.97135,,,,,,,
9.5227,,,55.90108,45.96649,,,,,,,
9.5532,,,56.35053,45.96162,,,,,,,
9.6141,,,56.95318,46.04946,,,,,,,
9.6446,,,57.10661,46.14226,,,,,,,
9.6751,,,57.25978,46.23491,,,,,,,
9.7056,,,57.4129,46.32753,,,,,,,
9.7665,,,57.58722,46.28851,,,,,,,
9.797,,,57.60836,46.15725,,,,,,,
9.8275,,,57.62951,46.02592,,,,,,,
9.858,,,57.65065,45.89466,,,,,,,
9.9189,,,57.5022,46.12973,,,,,,,
9.9494,,,57.33306,46.4951,,,,,,,
9.9799,,,57.16385,46.86064,,,,,,,
10.0104,,,56.99471,47.22601,,,,,,,
10.0713,,,56.71987,47.64722,,,,,,,
10.1018,,,56.6145,47.70278,,,,,,,
10.1323,,,56.50909,47.75838,,,,,,,
10.1628,,,56.40372,47.81394,,,,,,,
10.2237,,,56.28769,48.26002,,,,,,,
10.2542,,,56.27712,48.64957,,,,,,,
10.2847,,,56.26655,49.03929,,,,,,,
10.3152,,,56.25596,49.42962,,,,,,,
10.3761,,,56.30247,49.92469,,,,,,,
10.4066,,,56.35942,50.03049,,,,,,,
10.4371,,,56.41639,50.13634,,,,,,,
10.4676,,,56.47346,50.24235,,,,,,,
10.5285,,,56.3236,50.47809,,,,,,,
10.559,,,56.11729,50.60789,,,,,,,
10.5895,,,55.9109,50.73774,,,,,,,
10.62,,,55.70417,50.86779,,,,,,,
10.6809,,,55.35356,50.62983,,,,,,,
10.7114,,,55.20931,50.2629,,,,,,,
10.7419,,,55.065,49.89581,,,,,,,
10.7724,,,54.92047,49.52815,,,,,,,
10.8333,,,55.63718,48.7198,,,,,,,
10.8638,,,56.49652,48.27882,,,,,,,
10.8943,,,57.35796,47.83677,,,,,,,
10.9248,,,58.21729,47.39579,,,,,,,
10.9857,,,59.61532,46.83542,,,,,,,
11.0162,,,60.15377,46.7159,,,,,,,
11.0467,,,60.69353,46.59608,,,,,,,
11.0772,,,61.23198,46.47656,,,,,,,
11.1381,,,61.14246,46.5071,,,,,,,
11.1686,,,60.51444,46.65719,,,,,,,
11.1991,,,59.88739,46.80703,,,,,,,
11.2296,,,59.26063,46.95682,,,,,,,
11.2905,,,58.57367,47.38887,,,,,,,
11.321,,,58.51319,47.6714,,,,,,,
11.3515,,,58.4528,47.9535,,,,,,,
11.382,,,58.39245,48.23546,,,,,,,
11.4429,,,58.84418,48.71611,,,,,,,
11.4734,,,59.35672,48.91503,,,,,,,
11.5039,,,59.86845,49.11364,,,,,,,
11.5344,,,60.37996,49.31216,,,,,,,
11.5953,,,60.80951,49.9292,,,,,,,
11.6258,,,60.7275,50.34818,,,,,,,
11.6563,,,60.64562,50.7665,,,,,,,
11.6868,,,60.56378,51.18463,,,,,,,
11.7477,,,60.247,51.95642,,,,,,,
11.7782,,,60.01273,52.30906,,,,,,,
11.8087,,,59.77836,52.66185,,,,,,,
11.8392,,,59.54409,53.01449,,,,,,,
11.9001,,,59.34737,53.41785,,,,,,,
11.9306,,,59.38488,53.46836,,,,,,,
11.9611,,,59.42241,53.51889,,,,,,,
11.9916,,,59.45992,53.5694,,,,,,,
12.0525,,,59.66653,53.13668,,,,,,,
12.083,,,59.83519,52.65463,,,,,,,
12.1135,,,60.00393,52.17237,,,,,,,
12.144,,,60.17292,51.68936,,,,,,,
12.2049,,,60.41572,50.46219,,,,,,,
12.2354,,,60.48992,49.7181,,,,,,,
12.2659,,,60.56416,48.97369,,,,,,,
12.2964,,,60.63851,48.22811,,,,,,,
12.3573,,,60.55623,46.53906,,,,,,,
12.3878,,,60.40018,45.59518,,,,,,,
12.4183,,,60.24407,44.65089,,,,,,,
12.4488,,,60.08772,43.70513,,,,,,,
12.5097,,,59.53785,42.64204,,,,,,,
12.5402,,,59.14463,42.522,,,,,,,
12.5707,,,58.75124,42.4019,,,,,,,
12.6012,,,58.35724,42.28162,,,,,,,
12.6621,,,57.84364,42.50872,,,,,,,
12.6926,,,57.7231,42.8551,,,,,,,
12.7231,,,57.6025,43.20163,,,,,,,
12.7536,,,57.48171,43.54871,,,,,,,
12.8145,,,57.8236,44.66497,,,,,,,
12.845,,,58.28516,45.43383,,,,,,,
12.8755,,,58.74784,46.20457,,,,,,,
12.906,,,59.20939,46.97343,,,,,,,
12.9669,,,59.96264,48.09153,,,,,,,
12.9974,,,60.2542,48.44074,,,,,,,
13.0279,,,60.54647,48.79081,,,,,,,
13.0584,,,60.83804,49.14001,,,,,,,
13.1193,,,61.25494,49.95338,,,,,,,
13.1498,,,61.38051,50.418,,,,,,,
13.1803,,,61.50588,50.88188,,,,,,,
13.2108,,,61.6312,51.34557,,,,,,,
13.2717,,,61.87683,52.0293,,,,,,,
13.3022,,,61.99728,52.24969,,,,,,,
13.3327,,,62.11753,52.46973,,,,,,,
13.3632,,,62.23774,52.68967,,,,,,,
13.4241,,,62.17102,53.16272,,,,,,,
13.4546,,,61.98395,53.41611,,,,,,,
13.4851,,,61.79716,53.6691,,,,,,,
13.5156,,,61.61047,53.92198,,,,,,,
13.5765,,,61.1985,54.14756,,,,,,,
13.607,,,60.97298,54.12025,,,,,,,
13.6375,,,60.74782,54.09299,,,,,,,
13.668,,,60.52275,54.06573,,,,,,,
13.7289,,,60.08788,54.35177,,,,,,,
13.7594,,,59.87867,54.6642,,,,,,,
13.7899,,,59.66937,54.97677,,,,,,,
13.8204,,,59.46017,55.2892,,,,,,,
13.8813,,,59.26954,55.71498,,,,,,,
13.9118,,,59.28812,55.82793,,,,,,,
13.9423,,,59.30671,55.94094,,,,,,,
13.9728,,,59.32529,56.0539,,,,,,,
14.0337,,,59.50267,56.23167,,,,,,,
14.0642,,,59.66107,56.29626,,,,,,,
14.0947,,,59.81954,56.36089,,,,,,,
14.1252,,,59.97825,56.42562,,,,,,,
14.1861,,,60.32322,56.0944,,,,,,,
14.2166,,,60.50957,55.69958,,,,,,,
14.2471,,,60.69601,55.30458,,,,,,,
14.2776,,,60.88275,54.90896,,,,,,,
14.3385,,,61.24401,54.46742,,,,,,,
14.369,,,61.41878,54.42032,,,,,,,
14.3995,,,61.59362,54.37319,,,,,,,
14.43,,,61.76873,54.326,,,,,,,
14.4909,,,61.94416,53.73529,,,,,,,
14.5214,,,61.94501,53.1927,,,,,,,
14.5519,,,61.94587,52.64988,,,,,,,
14.5824,,,61.94672,52.1062,,,,,,,
14.6433,,,62.07005,51.56308,,,,,,,
14.6738,,,62.1923,51.56205,,,,,,,
14.7043,,,62.3146,51.56102,,,,,,,
14.7348,,,62.4371,51.55998,,,,,,,
14.7957,,,62.44995,51.31156,,,,,,,
14.8262,,,62.34083,51.06458,,,,,,,
14.8567,,,62.23144,50.817,,,,,,,
14.8872,,,62.12232,50.57002,,,,,,,
14.9481,,,61.60259,50.68958,,,,,,,
14.9786,,,61.19171,51.05616,,,,,,,
15.0091,,,60.78147,51.42216,,,,,,,
15.0396,,,60.37141,51.788,,,,,,,
15.1005,,,59.59362,52.39504,,,,,,,
15.131,,,59.22544,52.63655,,,,,,,
15.1615,,,58.85785,52.87769,,,,,,,
15.192,,,58.49041,53.11873,,,,,,,
15.2529,,,58.89399,53.9745,,,,,,,
15.2834,,,59.66552,54.58981,,,,,,,
15.3139,,,60.43585,55.20417,,,,,,,
15.3444,,,61.20584,55.81825,,,,,,,
15.4053,,,63.98135,56.63483,,,,,,,
15.4358,,,65.98895,56.83762,,,,,,,
15.4663,,,67.99341,57.0401,,,,,,,
15.4968,,,69.99698,57.24248,,,,,,,
15.5577,,,73.35983,57.52745,,,,,,,
15.5882,,,74.7206,57.61014,,,,,,,
15.6187,,,76.07925,57.6927,,,,,,,
15.6492,,,77.43731,57.77522,,,,,,,
15.7101,,,79.16642,57.69961,,,,,,,
15.7406,,,79.53624,57.54189,,,,,,,
15.7711,,,79.90623,57.38411,,,,,,,
15.8016,,,80.27605,57.22639,,,,,,,
15.8625,,,79.51302,57.38587,,,,,,,
15.893,,,78.38292,57.7023,,,,,,,
15.9235,,,77.25233,58.01888,,,,,,,
15.954,,,76.12224,58.33531,,,,,,,
16.0149,,,73.0897,58.34953,,,,,,,
16.0454,,,71.19234,58.04788,,,,,,,
16.0759,,,69.29416,57.74611,,,,,,,
16.1064,,,67.393,57.44386,,,,,,,
16.1673,,,65.32255,57.19685,,,,,,,
16.1978,,,65.14726,57.25097,,,,,,,
16.2283,,,64.97192,57.30511,,,,,,,
16.2588,,,64.79628,57.35934,,,,,,,
16.3197,,,65.96552,56.95538,,,,,,,
16.3502,,,67.30703,56.49832,,,,,,,
16.3807,,,68.64914,56.04105,,,,,,,
16.4112,,,69.99335,55.58307,,,,,,,
16.4721,,,72.40047,55.22879,,,,,,,
16.5026,,,73.46543,55.33088,,,,,,,
16.5331,,,74.53085,55.43303,,,,,,,
16.5636,,,75.59795,55.53533,,,,,,,
16.6245,,,76.9315,55.57137,,,,,,,
16.655,,,77.20055,55.50552,,,,,,,
16.6855,,,77.47026,55.4395,,,,,,,
16.716,,,77.73932,55.37365,,,,,,,
16.7769,,,78.20081,55.58918,,,,,,,
16.8074,,,78.39314,55.87008,,,,,,,
16.8379,,,78.58595,56.15166,,,,,,,
16.8684,,,78.77827,56.43255,,,,,,,
16.9293,,,79.4561,57.3513,,,,,,,
16.9598,,,79.94199,57.98965,,,,,,,
16.9903,,,80.4271,58.62702,,,,,,,
17.0208,,,80.91201,59.2641,,,,,,,
17.0817,,,82.05896,59.94096,,,,,,,
17.1122,,,82.72166,59.98101,,,,,,,
17.1427,,,83.38334,60.02101,,,,,,,
17.1732,,,84.04472,60.06098,,,,,,,
17.2341,,,84.68391,60.21888,,,,,,,
17.2646,,,84.66187,60.33692,,,,,,,
17.2951,,,84.63987,60.45477,,,,,,,
17.3256,,,84.61787,60.57256,,,,,,,
17.3865,,,84.20932,60.31227,,,,,,,
17.417,,,83.82235,59.9338,,,,,,,
17.4475,,,83.436,59.55593,,,,,,,
17.478,,,83.0498,59.17822,,,,,,,
17.5389,,,82.57383,58.93342,,,,,,,
17.5694,,,82.48431,59.06598,,,,,,,
17.5999,,,82.39475,59.19861,,,,,,,
17.6304,,,82.30524,59.33117,,,,,,,
17.6913,,,81.67566,59.19213,,,,,,,
17.7218,,,81.13704,58.92121,,,,,,,
17.7523,,,80.59818,58.65018,,,,,,,
17.7828,,,80.05957,58.37926,,,,,,,
17.8437,,,78.85668,58.05608,,,,,,,
17.8742,,,78.19427,58.00404,,,,,,,
17.9047,,,77.53159,57.95199,,,,,,,
17.9352,,,76.86918,57.89996,,,,,,,
17.9961,,,76.20591,57.48476,,,,,,,
18.0266,,,76.2054,57.12247,,,,,,,
18.0571,,,76.20488,56.76003,,,,,,,
18.0876,,,76.20437,56.39701,,,,,,,
18.1485,,,76.47469,55.83723,,,,,,,
18.179,,,76.74494,55.63968,,,,,,,
18.2095,,,77.01531,55.44205,,,,,,,
18.24,,,77.2861,55.24411,,,,,,,
18.3009,,,77.41629,54.9704,,,,,,,
18.3314,,,77.27681,54.89416,,,,,,,
18.3619,,,77.13728,54.81787,,,,,,,
18.3924,,,76.99752,54.74148,,,,,,,
18.4533,,,76.75297,54.34101,,,,,,,
18.4838,,,76.64794,54.01731,,,,,,,
18.5143,,,76.54286,53.69348,,,,,,,
18.5448,,,76.43762,53.36913,,,,,,,
18.6057,,,76.72961,52.72225,,,,,,,
18.6362,,,77.12585,52.39936,,,,,,,
18.6667,,,77.52308,52.07567,,,,,,,
18.6972,,,77.91933,51.75277,,,,,,,
18.7581,,,78.70364,50.99351,,,,,,,
18.7886,,,79.09135,50.5576,,,,,,,
18.8191,,,79.48003,50.12063,,,,,,,
18.8496,,,79.86774,49.68473,,,,,,,
18.9105,,,80.40791,49.72297,,,,,,,
18.941,,,80.56065,50.19719,,,,,,,
18.9715,,,80.71314,50.67066,,,,,,,
19.002,,,80.86557,51.14393,,,,,,,
19.0629,,,80.98073,52.03052,,,,,,,
19.0934,,,80.94349,52.44432,,,,,,,
19.1239,,,80.9063,52.85749,,,,,,,
19.1544,,,80.86913,53.27047,,,,,,,
19.2153,,,80.76335,53.9786,,,,,,,
19.2458,,,80.69467,54.27411,,,,,,,
19.2763,,,80.62611,54.56916,,,,,,,
19.3068,,,80.55756,54.86408,,,,,,,
19.3677,,,80.72931,55.01078,,,,,,,
19.3982,,,80.96986,54.86242,,,,,,,
19.4287,,,81.21003,54.71428,,,,,,,
19.4592,,,81.4501,54.56622,,,,,,,
19.5201,,,81.82219,54.50893,,,,,,,
19.5506,,,81.95381,54.59947,,,,,,,
19.5811,,,82.0855,54.69006,,,,,,,
19.6116,,,82.21712,54.7806,,,,,,,
19.6725,,,82.14092,55.02225,,,,,,,
19.703,,,81.93359,55.17292,,,,,,,
19.7335,,,81.72617,55.32368,,,,,,,
19.764,,,81.51884,55.47435,,,,,,,
19.8249,,,81.14583,55.89632,,,,,,,
19.8554,,,80.98065,56.16689,,,,,,,
19.8859,,,80.81538,56.43757,,,,,,,
19.9164,,,80.64987,56.70868,,,,,,,
19.9773,,,80.68131,56.79782,,,,,,,
20.0078,,,80.87726,56.61719,,,,,,,
20.0383,,,81.07329,56.43649,,,,,,,
20.0688,,,81.26962,56.25549,,,,,,,
20.1297,,,81.89467,56.41286,,,,,,,
20.1602,,,82.32311,56.74991,,,,,,,
20.1907,,,82.75174,57.08711,,,,,,,
20.2212,,,83.18105,57.42484,,,,,,,
20.2821,,,83.38158,57.86726,,,,,,,
20.3126,,,83.15461,57.9728,,,,,,,
20.3431,,,82.92754,58.07838,,,,,,,
20.3736,,,82.70011,58.18413,,,,,,,
20.4345,,,81.7819,58.561,,,,,,,
20.465,,,81.0917,58.83194,,,,,,,
20.4955,,,80.40121,59.103,,,,,,,
20.526,,,79.70963,59.37448,,,,,,,
20.5869,,,78.64212,59.44462,,,,,,,
20.6174,,,78.2649,59.24437,,,,,,,
20.6479,,,77.88676,59.04362,,,,,,,
20.6784,,,77.50954,58.84336,,,,,,,
20.7393,,,76.82957,58.27484,,,,,,,
20.7698,,,76.52702,57.907,,,,,,,
20.8003,,,76.22374,57.53825,,,,,,,
20.8308,,,75.9212,57.17041,,,,,,,
20.8917,,,75.61306,56.69594,,,,,,,
20.9222,,,75.60732,56.58908,,,,,,,
20.9527,,,75.60159,56.48238,,,,,,,
20.9832,,,75.59586,56.37572,,,,,,,
21.0441,,,75.85411,56.3344,,,,,,,
21.0746,,,76.11831,56.39976,,,,,,,
21.1051,,,76.38208,56.46502,,,,,,,
21.1356,,,76.64575,56.53024,,,,,,,
21.1965,,,76.71822,56.63212,,,,,,,
21.227,,,76.52688,56.66882,,,,,,,
21.2575,,,76.33583,56.70546,,,,,,,
21.288,,,76.14487,56.74208,,,,,,,
21.3489,,,75.64946,56.63436,,,,,,,
21.3794,,,75.34467,56.48986,,,,,,,
21.4099,,,75.04037,56.34558,,,,,,,
21.4404,,,74.73618,56.20136,,,,,,,
21.5013,,,74.59471,55.98166,,,,,,,
21.5318,,,74.75703,55.90639,,,,,,,
21.5623,,,74.91942,55.8311,,,,,,,
21.5928,,,75.08174,55.75584,,,,,,,
21.6537,,,75.9754,55.6104,,,,,,,
21.6842,,,76.7048,55.54044,,,,,,,
21.7147,,,77.43453,55.47044,,,,,,,
21.7452,,,78.16395,55.40047,,,,,,,
21.8061,,,79.24956,54.61583,,,,,,,
21.8366,,,79.60455,53.90292,,,,,,,
21.8671,,,79.95968,53.18969,,,,,,,
21.8976,,,80.31538,52.47534,,,,,,,
21.9585,,,80.30959,51.23854,,,,,,,
21.989,,,79.9501,50.71486,,,,,,,
22.0195,,,79.59045,50.19094,,,,,,,
22.05,,,79.23024,49.66621,,,,,,,
22.1109,,,78.44162,48.66278,,,,,,,
22.1414,,,78.01295,48.18342,,,,,,,
22.1719,,,77.58409,47.70384,,,,,,,
22.2024,,,77.15456,47.22351,,,,,,,
22.2633,,,76.35472,47.06683,,,,,,,
22.2938,,,75.98381,47.38839,,,,,,,
22.3243,,,75.61275,47.71008,,,,,,,
22.3548,,,75.2411,48.03229,,,,,,,
22.4157,,,74.76817,47.86441,,,,,,,
22.4462,,,74.66599,47.37612,,,,,,,
22.4767,,,74.56377,46.88762,,,,,,,
22.5072,,,74.4614,46.39836,,,,,,,
22.5681,,,74.61176,45.09603,,,,,,,
22.5986,,,74.86381,44.28294,,,,,,,
22.6291,,,75.11649,43.46786,,,,,,,
22.6596,,,75.36855,42.65477,,,,,,,
22.7205,,,75.8922,40.96762,,,,,,,
22.751,,,76.16409,40.09261,,,,,,,
22.7815,,,76.43555,39.21898,,,,,,,
22.812,,,76.70689,38.34572,,,,,,,
22.8729,,,76.6699,37.25596,,,,,,,
22.9034,,,76.36146,37.03894,,,,,,,
22.9339,,,76.0535,36.82227,,,,,,,
22.9644,,,75.74568,36.60569,,,,,,,
23.0253,,,74.81169,36.4974,,,,,,,
23.0558,,,74.1849,36.60573,,,,,,,
23.0863,,,73.55908,36.71389,,,,,,,
23.1168,,,72.93354,36.82201,,,,,,,
23.1777,,,71.89603,37.01523,,,,,,,
23.2082,,,71.48357,37.10043,,,,,,,
23.2387,,,71.07176,37.1855,,,,,,,
23.2692,,,70.66013,37.27053,,,,,,,
23.3301,,,69.73823,37.33932,,,,,,,
23.3606,,,69.22737,37.32306,,,,,,,
23.3911,,,68.71731,37.30683,,,,,,,
23.4216,,,68.20747,37.2906,,,,,,,
23.4825,,,66.91984,37.22804,,,,,,,
23.513,,,66.14422,37.18184,,,,,,,
23.5435,,,65.36826,37.13562,,,,,,,
23.574,,,64.59264,37.08941,,,,,,,
23.6349,,,63.18548,36.58313,,,,,,,
23.6654,,,62.55582,36.12423,,,,,,,
23.6959,,,61.92588,35.66512,,,,,,,
23.7264,,,61.29621,35.20621,,,,,,,
23.7873,,,60.20272,33.52605,,,,,,,
23.8178,,,59.74031,32.3079,,,,,,,
23.8483,,,59.2777,31.08921,,,,,,,
23.8788,,,58.81437,29.86862,,,,,,,
23.9397,,,57.8584,27.08444,,,,,,,
23.9702,,,57.36531,25.52024,,,,,,,
24.0007,,,56.872,23.95536,,,,,,,
24.0312,,,56.37791,22.38803,,,,,,,
24.0921,,,55.39061,19.69447,,,,,,,
24.1226,,,54.89683,18.56559,,,,,,,
24.1531,,,54.40284,17.43621,,,,,,,
24.1836,,,53.90807,16.30507,,,,,,,
24.2445,,,53.30915,14.39489,,,,,,,
24.275,,,53.20371,13.61393,,,,,,,
24.3055,,,53.09823,12.83263,,,,,,,
24.336,,,52.99258,12.05011,,,,,,,
24.3969,,,53.14164,11.34718,,,,,,,
24.4274,,,53.39562,11.42441,,,,,,,
24.4579,,,53.65023,11.50184,,,,,,,
24.4884,,,53.90421,11.57907,,,,,,,
24.5493,,,54.30338,12.46284,,,,,,,
24.5798,,,54.44851,13.26817,,,,,,,
24.6103,,,54.59399,14.07547,,,,,,,
24.6408,,,54.73913,14.8808,,,,,,,
24.7017,,,54.9059,17.65267,,,,,,,
24.7322,,,54.92763,19.62081,,,,,,,
24.7627,,,54.94933,21.58587,,,,,,,
24.7932,,,54.97102,23.55007,,,,,,,
24.8541,,,55.37838,27.11897,,,,,,,
24.8846,,,55.76435,28.72561,,,,,,,
24.9151,,,56.14972,30.32973,,,,,,,
24.9456,,,56.53492,31.93315,,,,,,,
25.0065,,,57.92218,34.33498,,,,,,,
25.037,,,58.92524,35.13445,,,,,,,
25.0675,,,59.92674,35.93267,,,,,,,
25.098,,,60.9278,36.73055,,,,,,,
25.1589,,,62.50066,37.40788,,,,,,,
25.1894,,,63.07312,37.28726,,,,,,,
25.2199,,,63.64469,37.16683,,,,,,,
25.2504,,,64.216,37.04645,,,,,,,
25.3113,,,64.56149,36.96599,,,,,,,
25.3418,,,64.33622,37.00582,,,,,,,
25.3723,,,64.11085,37.04566,,,,,,,
25.4028,,,63.88558,37.08548,,,,,,,
25.4637,,,63.4731,37.02441,,,,,,,
25.4942,,,63.28643,36.92377,,,,,,,
25.5247,,,63.09969,36.82308,,,,,,,
25.5552,,,62.91302,36.72243,,,,,,,
25.6161,,,62.37593,36.52495,,,,,,,
25.6466,,,62.02643,36.4284,,,,,,,
25.6771,,,61.67678,36.3318,,,,,,,
25.7076,,,61.32729,36.23524,,,,,,,
25.7685,,,60.00827,35.11304,,,,,,,
25.799,,,59.04118,34.08981,,,,,,,
25.8295,,,58.07366,33.06614,,,,,,,
25.86,,,57.10463,32.04086,,,,,,,
25.9209,,,55.58617,30.0438,,,,,,,
25.9514,,,55.03477,29.07077,,,,,,,
25.9819,,,54.48312,28.09732,,,,,,,
26.0124,,,53.93061,27.12234,,,,,,,
26.0733,,,53.5387,24.95329,,,,,,,
26.1038,,,53.69726,23.75858,,,,,,,
26.1343,,,53.8559,22.56333,,,,,,,
26.1648,,,54.01479,21.36621,,,,,,,
26.2257,,,53.81911,19.36693,,,,,,,
26.2562,,,53.46565,18.5627,,,,,,,
26.2867,,,53.11205,17.75811,,,,,,,
26.3172,,,52.75788,16.95227,,,,,,,
26.3781,,,51.92685,15.65614,,,,,,,
26.4086,,,51.44978,15.16443,,,,,,,
26.4391,,,50.97155,14.67152,,,,,,,
26.4696,,,50.49448,14.17981,,,,,,,
26.5305,,,49.78514,13.5625,,,,,,,
26.561,,,49.55291,13.43678,,,,,,,
26.5915,,,49.32012,13.31075,,,,,,,
26.622,,,49.08789,13.18503,,,,,,,
26.6829,,,48.39139,14.08435,,,,,,,
26.7134,,,47.92669,15.10999,,,,,,,
26.7439,,,47.46272,16.13404,,,,,,,
26.7744,,,46.99895,17.15764,,,,,,,
26.8353,,,46.40696,19.64486,,,,,,,
26.8658,,,46.27848,21.10999,,,,,,,
26.8963,,,46.15021,22.57283,,,,,,,
26.9268,,,46.02199,24.03502,,,,,,,
26.9877,,,46.47806,26.90036,,,,,,,
27.0182,,,47.0629,28.30508,,,,,,,
27.0487,,,47.64682,29.70761,,,,,,,
27.0792,,,48.23048,31.10953,,,,,,,
27.1401,,,49.83247,33.57423,,,,,,,
27.1706,,,50.85193,34.63821,,,,,,,
27.2011,,,51.8698,35.70053,,,,,,,
27.2316,,,52.88723,36.76239,,,,,,,
27.2925,,,55.5129,38.56828,,,,,,,
27.323,,,57.11662,39.31013,,,,,,,
27.3535,,,58.72104,40.0523,,,,,,,
27.384,,,60.32476,40.79415,,,,,,,
27.4449,,,63.73545,41.99643,,,,,,,
27.4754,,,65.53728,42.45544,,,,,,,
27.5059,,,67.33992,42.91467,,,,,,,
27.5364,,,69.14176,43.37369,,,,,,,
27.5973,,,71.76966,44.19713,,,,,,,
27.6278,,,72.59288,44.56047,,,,,,,
27.6583,,,73.41647,44.92396,,,,,,,
27.6888,,,74.23969,45.2873,,,,,,,
27.7497,,,75.28971,45.87933,,,,,,,
27.7802,,,75.5155,46.10728,,,,,,,
27.8107,,,75.74136,46.33534,,,,,,,
27.8412,,,75.9676,46.56375,,,,,,,
27.9021,,,76.41557,47.31023,,,,,,,
27.9326,,,76.63757,47.82794,,,,,,,
27.9631,,,76.85966,48.34589,,,,,,,
27.9936,,,77.08209,48.86464,,,,,,,
28.0545,,,77.41866,49.53801,,,,,,,
28.085,,,77.53323,49.69392,,,,,,,
28.1155,,,77.64787,49.84989,,,,,,,
28.146,,,77.76267,50.0061,,,,,,,
28.2069,,,77.77467,50.62024,,,,,,,
28.2374,,,77.67236,51.07779,,,,,,,
28.2679,,,77.57001,51.53555,,,,,,,
28.2984,,,77.46751,51.99401,,,,,,,
28.3593,,,77.19724,52.7213,,,,,,,
28.3898,,,77.02946,52.99094,,,,,,,
28.4203,,,76.86127,53.26124,,,,,,,
28.4508,,,76.69349,53.53088,,,,,,,
28.5117,,,76.77918,54.04004,,,,,,,
28.5422,,,77.03218,54.27937,,,,,,,
28.5727,,,77.28578,54.51928,,,,,,,
28.6032,,,77.53878,54.75862,,,,,,,
28.6641,,,78.2799,54.67656,,,,,,,
28.6946,,,78.76849,54.35505,,,,,,,
28.7251,,,79.2563,54.03405,,,,,,,
28.7556,,,79.7439,53.71318,,,,,,,
28.8165,,,80.34694,52.97631,,,,,,,
28.847,,,80.4626,52.55985,,,,,,,
28.8775,,,80.57809,52.14405,,,,,,,
28.908,,,80.69352,51.72843,,,,,,,
28.9689,,,80.40073,51.48893,,,,,,,
28.9994,,,79.9921,51.66518,,,,,,,
29.0299,,,79.58411,51.84116,,,,,,,
29.0604,,,79.1763,52.01707,,,,,,,
29.1213,,,78.64137,52.18324,,,,,,,
29.1518,,,78.51413,52.17348,,,,,,,
29.1823,,,78.38708,52.16375,,,,,,,
29.2128,,,78.2601,52.15401,,,,,,,
29.2737,,,78.51343,52.46461,,,,,,,
29.3042,,,78.89276,52.7841,,,,,,,
29.3347,,,79.27227,53.10372,,,,,,,
29.3652,,,79.6516,53.42321,,,,,,,
29.4261,,,80.1765,53.84534,,,,,,,
29.4566,,,80.32156,53.94763,,,,,,,
29.4871,,,80.46669,54.04996,,,,,,,
29.5176,,,80.61176,54.15224,,,,,,,
29.5785,,,80.81944,54.69198,,,,,,,
29.609,,,80.88184,55.12835,,,,,,,
29.6395,,,80.94428,55.5649,,,,,,,
29.67,,,81.00681,56.00214,,,,,,,
29.7309,,,80.88868,56.87401,,,,,,,
29.7614,,,80.70863,57.30914,,,,,,,
29.7919,,,80.5285,57.74446,,,,,,,
29.8224,,,80.34809,58.18046,,,,,,,
29.8833,,,79.70408,58.62505,,,,,,,
29.9138,,,79.24086,58.63501,,,,,,,
29.9443,,,78.77744,58.64497,,,,,,,
29.9748,,,78.31329,58.65495,,,,,,,
30.0357,,,78.16642,58.14477,,,,,,,
30.0662,,,78.48171,57.62562,,,,,,,
30.0967,,,78.79715,57.10624,,,,,,,
30.1272,,,79.11307,56.58605,,,,,,,
30.1881,,,79.42892,55.09753,,,,,,,
30.2186,,,79.42973,54.12939,,,,,,,
30.2491,,,79.43055,53.16084,,,,,,,
30.2796,,,79.43137,52.19077,,,,,,,
30.3405,,,78.62116,50.68783,,,,,,,
30.371,,,77.81141,50.1532,,,,,,,
30.4015,,,76.99968,49.61726,,,,,,,
30.432,,,76.18993,49.08263,,,,,,,
30.4929,,,75.23218,48.19534,,,,,,,
30.5234,,,75.08366,47.8422,,,,,,,
30.5539,,,74.93538,47.4896,,,,,,,
30.5844,,,74.78716,47.13717,,,,,,,
30.6453,,,74.64697,47.22188,,,,,,,
30.6758,,,74.65495,47.65923,,,,,,,
30.7063,,,74.66291,48.0959,,,,,,,
30.7368,,,74.67088,48.53238,,,,,,,
30.7977,,,74.8849,48.97157,,,,,,,
30.8282,,,75.09116,48.97438,,,,,,,
30.8587,,,75.29711,48.97719,,,,,,,
30.8892,,,75.50296,48.98,,,,,,,
30.9501,,,76.06979,49.14725,,,,,,,
30.9806,,,76.43118,49.31187,,,,,,,
31.0111,,,76.79201,49.47623,,,,,,,
31.0416,,,77.15268,49.64051,,,,,,,
31.1025,,,77.32533,49.66398,,,,,,,
31.133,,,77.13706,49.52297,,,,,,,
31.1635,,,76.94909,49.38218,,,,,,,
31.194,,,76.76119,49.24145,,,,,,,
31.2549,,,76.98387,48.99504,,,,,,,
31.2854,,,77.39342,48.88967,,,,,,,
31.3159,,,77.80315,48.78426,,,,,,,
31.3464,,,78.21271,48.67889,,,,,,,
31.4073,,,79.51704,49.02678,,,,,,,
31.4378,,,80.40945,49.47896,,,,,,,
31.4683,,,81.30225,49.93133,,,,,,,
31.4988,,,82.19466,50.38351,,,,,,,
31.5597,,,83.61224,51.27297,,,,,,,
31.5902,,,84.13569,51.70898,,,,,,,
31.6207,,,84.65936,52.14518,,,,,,,
31.6512,,,85.18385,52.58207,,,,,,,
31.7121,,,86.05247,53.53818,,,,,,,
31.7426,,,86.39757,54.05772,,,,,,,
31.7731,,,86.74282,54.57749,,,,,,,
31.8036,,,87.08861,55.09808,,,,,,,
31.8645,,,87.52045,56.08397,,,,,,,
31.895,,,87.60741,56.54998,,,,,,,
31.9255,,,87.6944,57.01619,,,,,,,
31.956,,,87.78153,57.48314,,,,,,,
32.0169,,,87.24031,58.2902,,,,,,,
32.0474,,,86.61337,58.63107,,,,,,,
32.0779,,,85.98617,58.97208,,,,,,,
32.1084,,,85.35797,59.31364,,,,,,,
32.1693,,,83.89539,59.92776,,,,,,,
32.1998,,,83.06065,60.20083,,,,,,,
32.2303,,,82.22386,60.47456,,,,,,,
32.2608,,,81.38912,60.74763,,,,,,,
32.3217,,,80.29233,60.78189,,,,,,,
32.3522,,,80.03014,60.54363,,,,,,,
32.3827,,,79.7673,60.30479,,,,,,,
32.4132,,,79.50511,60.06654,,,,,,,
32.4741,,,78.90871,59.58331,,,,,,,
32.5046,,,78.57415,59.33807,,,,,,,
32.5351,,,78.24011,59.09321,,,,,,,
32.5656,,,77.90623,58.84846,,,,,,,
32.6265,,,77.15366,58.39083,,,,,,,
32.657,,,76.73454,58.17768,,,,,,,
32.6875,,,76.31606,57.96488,,,,,,,
32.718,,,75.89778,57.75217,,,,,,,
32.7789,,,75.3676,57.29755,,,,,,,
32.8094,,,75.25553,57.05537,,,,,,,
32.8399,,,75.14363,56.81357,,,,,,,
32.8704,,,75.03178,56.57188,,,,,,,
32.9313,,,75.08035,55.58957,,,,,,,
32.9618,,,75.24094,54.84813,,,,,,,
32.9923,,,75.40128,54.10784,,,,,,,
33.0228,,,75.56155,53.36788,,,,,,,
33.0837,,,76.29994,52.19701,,,,,,,
33.1142,,,76.87876,51.76567,,,,,,,
33.1447,,,77.45668,51.33499,,,,,,,
33.1752,,,78.03435,50.90451,,,,,,,
33.2361,,,79.48467,50.14017,,,,,,,
33.2666,,,80.35492,49.8073,,,,,,,
33.2971,,,81.22555,49.47428,,,,,,,
33.3276,,,82.09579,49.14141,,,,,,,
33.3885,,,83.50449,49.59187,,,,,,,
33.419,,,84.04124,50.37347,,,,,,,
33.4495,,,84.57821,51.15541,,,,,,,
33.48,,,85.11495,51.93702,,,,,,,
33.5409,,,85.36323,53.43319,,,,,,,
33.5714,,,85.07508,54.14567,,,,,,,
33.6019,,,84.7868,54.85846,,,,,,,
33.6324,,,84.49808,55.57236,,,,,,,
33.6933,,,83.80567,56.87739,,,,,,,
33.7238,,,83.40192,57.46956,,,,,,,
33.7543,,,82.998,58.06199,,,,,,,
33.7848,,,82.59344,58.65535,,,,,,,
33.8457,,,82.1076,59.22862,,,,,,,
33.8762,,,82.02525,59.21039,,,,,,,
33.9067,,,81.94286,59.19215,,,,,,,
33.9372,,,81.86034,59.17388,,,,,,,
33.9981,,,81.75911,59.0011,,,,,,,
34.0286,,,81.74018,58.84681,,,,,,,
34.0591,,,81.72125,58.69245,,,,,,,
34.0896,,,81.70229,58.53785,,,,,,,
34.1505,,,81.84681,58.5228,,,,,,,
34.181,,,82.00999,58.6617,,,,,,,
34.2115,,,82.17355,58.80094,,,,,,,
34.242,,,82.33672,58.93984,,,,,,,
34.3029,,,82.70931,59.15121,,,,,,,
34.3334,,,82.91852,59.22366,,,,,,,
34.3639,,,83.12824,59.29627,,,,,,,
34.3944,,,83.33745,59.36872,,,,,,,
34.4553,,,83.59505,59.23158,,,,,,,
34.4858,,,83.64357,59.02188,,,,,,,
34.5163,,,83.69201,58.81251,,,,,,,
34.5468,,,83.74043,58.60324,,,,,,,
34.6077,,,83.91312,57.98271,,,,,,,
34.6382,,,84.03749,57.57105,,,,,,,
34.6687,,,84.16167,57.16004,,,,,,,
34.6992,,,84.28579,56.74921,,,,,,,
34.7601,,,84.30817,56.36274,,,,,,,
34.7906,,,84.20635,56.38707,,,,,,,
34.8211,,,84.10469,56.41137,,,,,,,
34.8516,,,84.00307,56.43566,,,,,,,
34.9125,,,83.46596,56.64,,,,,,,
34.943,,,83.02996,56.82025,,,,,,,
34.9735,,,82.59466,57.00022,,,,,,,
35.004,,,82.15953,57.18012,,,,,,,
35.0649,,,81.40018,57.31905,,,,,,,
35.0954,,,81.0769,57.27818,,,,,,,
35.1259,,,80.75349,57.23727,,,,,,,
35.1564,,,80.43021,57.1964,,,,,,,
35.2173,,,79.78889,56.87637,,,,,,,
35.2478,,,79.47176,56.59794,,,,,,,
35.2783,,,79.15448,56.3194,,,,,,,
35.3088,,,78.83735,56.04097,,,,,,,
35.3697,,,78.64259,55.62074,,,,,,,
35.4002,,,78.76485,55.47941,,,,,,,
35.4307,,,78.88715,55.33802,,,,,,,
35.4612,,,79.0094,55.19669,,,,,,,
35.5221,,,79.66272,55.54465,,,,,,,
35.5526,,,80.19254,56.03296,,,,,,,
35.5831,,,80.72259,56.52148,,,,,,,
35.6136,,,81.25347,57.01077,,,,,,,
35.6745,,,81.95582,57.72945,,,,,,,
35.705,,,82.1286,57.95992,,,,,,,
35.7355,,,82.30146,58.19049,,,,,,,
35.766,,,82.47459,58.42142,,,,,,,
35.8269,,,82.47922,58.49349,,,,,,,
35.8574,,,82.31155,58.33562,,,,,,,
35.8879,,,82.1438,58.17767,,,,,,,
35.9184,,,81.97579,58.01949,,,,,,,
35.9793,,,81.67053,57.68081,,,,,,,
36.0098,,,81.53304,57.50018,,,,,,,
36.0403,,,81.39548,57.31947,,,,,,,
36.0708,,,81.25771,57.13848,,,,,,,
36.1317,,,81.50558,56.81196,,,,,,,
36.1622,,,81.89024,56.66616,,,,,,,
36.1927,,,82.27583,56.52001,,,,,,,
36.2232,,,82.66048,56.37421,,,,,,,
36.2841,,,83.40965,56.29484,,,,,,,
36.3146,,,83.77384,56.36108,,,,,,,
36.3451,,,84.13892,56.42748,,,,,,,
36.3756,,,84.50311,56.49373,,,,,,,
36.4365,,,84.92658,56.89471,,,,,,,
36.467,,,84.98603,57.22973,,,,,,,
36.4975,,,85.04539,57.56422,,,,,,,
36.528,,,85.10473,57.89857,,,,,,,
36.5889,,,85.15298,58.36494,,,,,,,
36.6194,,,85.14191,58.49716,,,,,,,
36.6499,,,85.13087,58.62918,,,,,,,
36.6804,,,85.11981,58.76113,,,,,,,
36.7413,,,85.39774,59.73843,,,,,,,
36.7718,,,85.68701,60.58468,,,,,,,
36.8023,,,85.97584,61.42961,,,,,,,
36.8328,,,86.26453,62.27416,,,,,,,
36.8937,,,86.61448,63.04885,,,,,,,
36.9242,,,86.67577,62.97884,,,,,,,
36.9547,,,86.73698,62.90893,,,,,,,
36.9852,,,86.79815,62.83906,,,,,,,
37.0461,,,86.10011,62.74045,,,,,,,
37.0766,,,85.34287,62.71181,,,,,,,
37.1071,,,84.5853,62.68317,,,,,,,
37.1376,,,83.82807,62.65453,,,,,,,
37.1985,,,83.2459,61.95359,,,,,,,
37.229,,,83.42083,61.28296,,,,,,,
37.2595,,,83.59585,60.61203,,,,,,,
37.29,,,83.77078,59.9414,,,,,,,
37.3509,,,84.79587,59.35485,,,,,,,
37.3814,,,85.64395,59.43912,,,,,,,
37.4119,,,86.4924,59.52342,,,,,,,
37.4424,,,87.34218,59.60785,,,,,,,
37.5033,,,88.28042,59.84743,,,,,,,
37.5338,,,88.37147,60.00252,,,,,,,
37.5643,,,88.46255,60.15768,,,,,,,
37.5948,,,88.55378,60.31308,,,,,,,
37.6557,,,87.99996,61.17013,,,,,,,
37.6862,,,87.35648,61.87087,,,,,,,
37.7167,,,86.71272,62.57191,,,,,,,
37.7472,,,86.06796,63.27406,,,,,,,
37.8081,,,84.8819,63.85843,,,,,,,
37.8386,,,84.33971,63.74295,,,,,,,
37.8691,,,83.79726,63.62744,,,,,,,
37.8996,,,83.25397,63.51173,,,,,,,
37.9605,,,82.52674,63.62573,,,,,,,
37.991,,,82.34158,63.85472,,,,,,,
38.0215,,,82.15633,64.08382,,,,,,,
38.052,,,81.97079,64.31327,,,,,,,
38.1129,,,81.5091,64.19538,,,,,,,
38.1434,,,81.23289,63.84918,,,,,,,
38.1739,,,80.956,63.50213,,,,,,,
38.2044,,,80.67979,63.15593,,,,,,,
38.2653,,,80.24902,62.65245,,,,,,,
38.2958,,,80.09424,62.4949,,,,,,,
38.3263,,,79.93969,62.3376,,,,,,,
38.3568,,,79.78521,62.18036,,,,,,,
38.4177,,,79.5888,62.33243,,,,,,,
38.4482,,,79.54676,62.64191,,,,,,,
38.4787,,,79.50481,62.95092,,,,,,,
38.5092,,,79.46286,63.25978,,,,,,,
38.5701,,,79.68821,63.26974,,,,,,,
38.6006,,,79.95576,62.9706,,,,,,,
38.6311,,,80.22288,62.67193,,,,,,,
38.6616,,,80.48988,62.37339,,,,,,,
38.7225,,,81.42449,61.97112,,,,,,,
38.753,,,82.09284,61.86726,,,,,,,
38.7835,,,82.76015,61.76357,,,,,,,
38.814,,,83.42715,61.65992,,,,,,,
38.8749,,,84.63788,61.03484,,,,,,,
38.9054,,,85.18219,60.51276,,,,,,,
38.9359,,,85.72565,59.99149,,,,,,,
38.9664,,,86.26888,59.47046,,,,,,,
39.0273,,,86.67687,59.2033,,,,,,,
39.0578,,,86.54183,59.45669,,,,,,,
39.0883,,,86.40673,59.71019,,,,,,,
39.1188,,,86.27169,59.96357,,,,,,,
39.1797,,,85.48848,60.40554,,,,,,,
39.2102,,,84.84193,60.59355,,,,,,,
39.2407,,,84.1951,60.78164,,,,,,,
39.2712,,,83.54855,60.96966,,,,,,,
39.3321,,,82.72798,60.56343,,,,,,,
39.3626,,,82.55476,59.97041,,,,,,,
39.3931,,,82.38145,59.37714,,,,,,,
39.4236,,,82.20787,58.78294,,,,,,,
39.4845,,,82.42511,58.36517,,,,,,,
39.515,,,82.81454,58.53931,,,,,,,
39.5455,,,83.20413,58.71353,,,,,,,
39.576,,,83.59434,58.88802,,,,,,,
39.6369,,,83.94269,58.68411,,,,,,,
39.6674,,,83.90211,58.30698,,,,,,,
39.6979,,,83.86152,57.92969,,,,,,,
39.7284,,,83.82085,57.5518,,,,,,,
39.7893,,,83.29794,57.48782,,,,,,,
39.8198,,,82.81644,57.80005,,,,,,,
39.8503,,,82.33473,58.11242,,,,,,,
39.8808,,,81.85226,58.42529,,,,,,,
39.9417,,,81.37011,58.31227,,,,,,,
39.9722,,,81.36909,57.88794,,,,,,,
40.0027,,,81.36806,57.46259,,,,,,,
40.0332,,,81.36703,57.03827,,,,,,,
40.0941,,,81.43773,57.02958,,,,,,,
40.1246,,,81.50934,57.44436,,,,,,,
40.1551,,,81.58113,57.86014,,,,,,,
40.1856,,,81.65274,58.27491,,,,,,,
40.2465,,,81.56828,58.90102,,,,,,,
40.277,,,81.41212,59.11268,,,,,,,
40.3075,,,81.25622,59.32402,,,,,,,
40.338,,,81.10037,59.53527,,,,,,,
40.3989,,,81.23,59.68045,,,,,,,
40.4294,,,81.51565,59.6144,,,,,,,
40.4599,,,81.80086,59.54845,,,,,,,
40.4904,,,82.08593,59.48253,,,,,,,
40.5513,,,82.46758,59.33892,,,,,,,
40.5818,,,82.56429,59.26115,,,,,,,
40.6123,,,82.66083,59.18349,,,,,,,
40.6428,,,82.75734,59.10588,,,,,,,
40.7037,,,82.68319,58.64513,,,,,,,
40.7342,,,82.51234,58.26155,,,,,,,
40.7647,,,82.34177,57.87858,,,,,,,
40.7952,,,82.17126,57.49577,,,,,,,
40.8561,,,82.21162,57.26532,,,,,,,
40.8866,,,82.42278,57.41796,,,,,,,
40.9171,,,82.63361,57.57035,,,,,,,
40.9476,,,82.84435,57.72268,,,,,,,
41.0085,,,83.71771,57.49276,,,,,,,
41.039,,,84.37859,57.11144,,,,,,,
41.0695,,,85.03975,56.72995,,,,,,,
41.1,,,85.70062,56.34863,,,,,,,
41.1609,,,86.59425,55.90755,,,,,,,
41.1914,,,86.82613,55.84813,,,,,,,
41.2219,,,87.05812,55.78868,,,,,,,
41.2524,,,87.29001,55.72926,,,,,,,
41.3133,,,87.46531,55.41581,,,,,,,
41.3438,,,87.4087,55.16238,,,,,,,
41.3743,,,87.35207,54.90884,,,,,,,
41.4048,,,87.29536,54.65491,,,,,,,
41.4657,,,87.6123,54.67774,,,,,,,
41.4962,,,87.98502,54.95314,,,,,,,
41.5267,,,88.3579,55.22865,,,,,,,
41.5572,,,88.73137,55.5046,,,,,,,
41.6181,,,88.6505,56.28084,,,,,,,
41.6486,,,88.19816,56.78102,,,,,,,
41.6791,,,87.74561,57.28141,,,,,,,
41.7096,,,87.29236,57.78259,,,,,,,
41.7705,,,85.97871,58.3479,,,,,,,
41.801,,,85.11853,58.41336,,,,,,,
41.8315,,,84.25797,58.47884,,,,,,,
41.862,,,83.39605,58.54443,,,,,,,
41.9229,,,82.51411,58.46896,,,,,,,
41.9534,,,82.49178,58.3283,,,,,,,
41.9839,,,82.46938,58.1873,,,,,,,
42.0144,,,82.44704,58.04664,,,,,,,
42.0753,,,82.69349,58.10722,,,,,,,
42.1058,,,82.96186,58.3081,,,,,,,
42.1363,,,83.23088,58.50946,,,,,,,
42.1668,,,83.49925,58.71034,,,,,,,
42.2277,,,83.76393,59.25686,,,,,,,
42.2582,,,83.76035,59.60283,,,,,,,
42.2887,,,83.75676,59.94826,,,,,,,
42.3192,,,83.75318,60.29354,,,,,,,
42.3801,,,83.49783,60.7084,,,,,,,
42.4106,,,83.24583,60.77812,,,,,,,
42.4411,,,82.99423,60.84774,,,,,,,
42.4716,,,82.74274,60.91733,,,,,,,
42.5325,,,82.14294,60.6898,,,,,,,
42.563,,,81.79424,60.39238,,,,,,,
42.5935,,,81.44609,60.09542,,,,,,,
42.6239,,,81.0981,59.7986,,,,,,,
42.6849,,,80.97668,59.3445,,,,,,,
42.7154,,,81.20356,59.18706,,,,,,,
42.7459,,,81.4301,59.02987,,,,,,,
42.7763,,,81.65652,58.87274,,,,,,,
42.8373,,,82.04301,58.79466,,,,,,,
42.8678,,,82.2026,58.87354,,,,,,,
42.8983,,,82.36227,58.95245,,,,,,,
42.9287,,,82.52185,59.03132,,,,,,,
42.9897,,,82.50921,59.24424,,,,,,,
43.0202,,,82.33734,59.37791,,,,,,,
43.0507,,,82.1654,59.51164,,,,,,,
43.0811,,,81.99354,59.64532,,,,,,,
43.1421,,,82.13535,59.91286,,,,,,,
43.1726,,,82.44839,60.04634,,,,,,,
43.2031,,,82.76157,60.17988,,,,,,,
43.2335,,,83.07461,60.31337,,,,,,,
43.2945,,,83.45588,60.85783,,,,,,,
43.325,,,83.52374,61.26783,,,,,,,
43.3555,,,83.59163,61.67802,,,,,,,
43.3859,,,83.65963,62.08884,,,,,,,
43.4469,,,83.67445,62.84848,,,,,,,
43.4774,,,83.6216,63.19788,,,,,,,
43.5079,,,83.56872,63.54743,,,,,,,
43.5383,,,83.51576,63.89753,,,,,,,
43.5993,,,83.31604,64.30968,,,,,,,
43.6298,,,83.16942,64.37265,,,,,,,
43.6603,,,83.02271,64.43566,,,,,,,
43.6907,,,82.87579,64.49876,,,,,,,
43.7517,,,82.10794,64.72132,,,,,,,
43.7822,,,81.48765,64.88068,,,,,,,
43.8127,,,80.86709,65.04011,,,,,,,
43.8431,,,80.24555,65.19978,,,,,,,
43.9041,,,79.62363,65.01292,,,,,,,
43.9346,,,79.62158,64.66733,,,,,,,
43.9651,,,79.61954,64.32089,,,,,,,
43.9955,,,79.61749,63.97531,,,,,,,
44.0565,,,80.24136,63.25284,,,,,,,
44.087,,,80.86642,62.8763,,,,,,,
44.1175,,,81.49302,62.49885,,,,,,,
44.1479,,,82.11808,62.12232,,,,,,,
44.2089,,,82.63129,61.07473,,,,,,,
44.2394,,,82.51955,60.40302,,,,,,,
44.2699,,,82.40799,59.73236,,,,,,,
44.3003,,,82.29649,59.06199,,,,,,,
44.3613,,,81.5183,57.91378,,,,,,,
44.3918,,,80.85098,57.43536,,,,,,,
44.4223,,,80.18471,56.9577,,,,,,,
44.4527,,,79.51872,56.48024,,,,,,,
44.5137,,,78.70838,55.98898,,,,,,,
44.5442,,,78.56385,55.97515,,,,,,,
44.5747,,,78.41953,55.96134,,,,,,,
44.6051,,,78.27529,55.94754,,,,,,,
44.6661,,,78.63268,56.01208,,,,,,,
44.6966,,,79.13496,56.09052,,,,,,,
44.7271,,,79.63647,56.16883,,,,,,,
44.7575,,,80.13774,56.24711,,,,,,,
44.8185,,,81.18721,56.40934,,,,,,,
44.849,,,81.73385,56.49304,,,,,,,
44.8795,,,82.28072,56.57678,,,,,,,
44.9099,,,82.82736,56.66049,,,,,,,
44.9709,,,83.11615,56.74604,,,,,,,
45.0014,,,82.85869,56.74786,,,,,,,
45.0319,,,82.60112,56.74966,,,,,,,
45.0623,,,82.34366,56.75147,,,,,,,
45.1233,,,81.25978,56.86496,,,,,,,
45.1538,,,80.43539,56.97638,,,,,,,
45.1843,,,79.61065,57.08785,,,,,,,
45.2147,,,78.78461,57.19949,,,,,,,
45.2757,,,78.08582,57.00082,,,,,,,
45.3062,,,78.21011,56.69153,,,,,,,
45.3367,,,78.33447,56.3821,,,,,,,
45.3671,,,78.45901,56.07218,,,,,,,
45.4281,,,79.11192,55.35857,,,,,,,
45.4586,,,79.63963,54.95471,,,,,,,
45.4891,,,80.16756,54.55068,,,,,,,
45.5195,,,80.69633,54.14602,,,,,,,
45.5805,,,81.04027,53.31935,,,,,,,
45.611,,,80.85732,52.89693,,,,,,,
45.6415,,,80.67429,52.47432,,,,,,,
45.6719,,,80.49097,52.05106,,,,,,,
45.7329,,,80.40363,52.23512,,,,,,,
45.7634,,,80.49894,52.84028,,,,,,,
45.7939,,,80.59429,53.44571,,,,,,,
45.8243,,,80.6898,54.05209,,,,,,,
45.8853,,,81.07755,54.91854,,,,,,,
45.9158,,,81.36963,55.17982,,,,,,,
45.9463,,,81.66241,55.44173,,,,,,,
45.9767,,,81.95448,55.70301,,,,,,,
46.0377,,,82.23234,56.125,,,,,,,
46.0682,,,82.21825,56.28595,,,,,,,
46.0987,,,82.20417,56.44664,,,,,,,
46.1291,,,82.1901,56.60727,,,,,,,
46.1901,,,82.27514,56.4452,,,,,,,
46.2206,,,82.37431,56.1223,,,,,,,
46.2511,,,82.47334,55.7999,,,,,,,
46.2815,,,82.57231,55.47764,,,,,,,
46.3425,,,82.71949,54.89188,,,,,,,
46.373,,,82.76775,54.62808,,,,,,,
46.4035,,,82.81594,54.36469,,,,,,,
46.4339,,,82.86411,54.10141,,,,,,,
46.4949,,,82.96049,53.77803,,,,,,,
46.5254,,,83.00875,53.71785,,,,,,,
46.5559,,,83.05694,53.65778,,,,,,,
46.5863,,,83.1051,53.59773,,,,,,,
46.6473,,,83.36093,53.02361,,,,,,,
46.6778,,,83.56885,52.50887,,,,,,,
46.7083,,,83.77644,51.99494,,,,,,,
46.7387,,,83.98394,51.48124,,,,,,,
46.7997,,,84.36108,51.26469,,,,,,,
46.8302,,,84.53022,51.56126,,,,,,,
46.8607,,,84.69943,51.85797,,,,,,,
46.8911,,,84.86858,52.15454,,,,,,,
46.9521,,,85.31399,52.51898,,,,,,,
46.9826,,,85.58952,52.58652,,,,,,,
47.0131,,,85.86517,52.6541,,,,,,,
47.0435,,,86.14071,52.72165,,,,,,,
47.1045,,,86.37473,53.69797,,,,,,,
47.135,,,86.33312,54.60466,,,,,,,
47.1655,,,86.29149,55.51176,,,,,,,
47.1959,,,86.2498,56.42027,,,,,,,
47.2569,,,85.72165,57.42341,,,,,,,
47.2874,,,85.23605,57.52073,,,,,,,
47.3179,,,84.75026,57.61809,,,,,,,
47.3483,,,84.26369,57.71561,,,,,,,
47.4093,,,83.69797,58.14703,,,,,,,
47.4398,,,83.61749,58.48059,,,,,,,
47.4703,,,83.53697,58.8143,,,,,,,
47.5007,,,83.45634,59.14853,,,,,,,
47.5617,,,83.64716,59.11132,,,,,,,
47.5922,,,83.91792,58.74148,,,,,,,
47.6227,,,84.1888,58.37149,,,,,,,
47.6531,,,84.46011,58.00092,,,,,,,
47.7141,,,84.31637,57.62746,,,,,,,
47.7446,,,83.90273,57.62357,,,,,,,
47.7751,,,83.48808,57.61969,,,,,,,
47.8055,,,83.07445,57.6158,,,,,,,
47.8665,,,81.70519,57.60192,,,,,,,
47.897,,,80.75071,57.59195,,,,,,,
47.9275,,,79.7939,57.58194,,,,,,,
47.9579,,,78.83942,57.57196,,,,,,,
48.0189,,,77.68867,57.85588,,,,,,,
48.0494,,,77.49185,58.14999,,,,,,,
48.0799,,,77.29534,58.44364,,,,,,,
48.1103,,,77.09892,58.73716,,,,,,,
48.1713,,,77.57714,59.19087,,,,,,,
48.2018,,,78.25232,59.35128,,,,,,,
48.2323,,,78.92645,59.51144,,,,,,,
48.2627,,,79.60027,59.67152,,,,,,,
48.3237,,,80.8881,59.91437,,,,,,,
48.3542,,,81.5028,59.99723,,,,,,,
48.3847,,,82.11653,60.07995,,,,,,,
48.4151,,,82.73,60.16265,,,,,,,
48.4761,,,83.58241,60.43829,,,,,,,
48.5066,,,83.82159,60.63147,,,,,,,
48.5371,,,84.0604,60.82435,,,,,,,
48.5675,,,84.2991,61.01715,,,,,,,
48.6285,,,84.58018,61.19072,,,,,,,
48.659,,,84.62255,61.17143,,,,,,,
48.6895,,,84.66486,61.15217,,,,,,,
48.7199,,,84.70714,61.13292,,,,,,,
48.7809,,,84.60484,60.8344,,,,,,,
48.8114,,,84.46059,60.55584,,,,,,,
48.8419,,,84.31628,60.27715,,,,,,,
48.8723,,,84.17204,59.99858,,,,,,,
48.9333,,,83.8739,59.26114,,,,,,,
48.9638,,,83.72044,58.80348,,,,,,,
48.9943,,,83.56693,58.34562,,,,,,,
49.0247,,,83.41347,57.88795,,,,,,,
49.0857,,,83.41267,57.31419,,,,,,,
49.1162,,,83.56511,57.19864,,,,,,,
49.1467,,,83.7176,57.08305,,,,,,,
49.1771,,,83.87033,56.96728,,,,,,,
49.2381,,,84.44903,56.96491,,,,,,,
49.2686,,,84.8746,57.07772,,,,,,,
49.2991,,,85.30037,57.19059,,,,,,,
49.3295,,,85.72679,57.30363,,,,,,,
49.3905,,,86.24316,57.54945,,,,,,,
49.421,,,86.33421,57.6823,,,,,,,
49.4515,,,86.4253,57.81522,,,,,,,
49.4819,,,86.51653,57.94835,,,,,,,
49.5429,,,86.10742,58.42078,,,,,,,
49.5734,,,85.60818,58.75988,,,,,,,
49.6039,,,85.10874,59.09913,,,,,,,
49.6343,,,84.60851,59.43892,,,,,,,
49.6953,,,83.90366,59.91878,,,,,,,
49.7258,,,83.69804,60.05955,,,,,,,
49.7563,,,83.49191,60.20066,,,,,,,
49.7867,,,83.28628,60.34143,,,,,,,
49.8477,,,83.22247,60.71379,,,,,,,
49.8782,,,83.36399,60.94514,,,,,,,
49.9087,,,83.50586,61.17705,,,,,,,
49.9391,,,83.64738,61.4084,,,,,,,
50.0001,,,83.6178,61.30626,,,,,,,
50.0306,,,83.44661,60.97261,,,,,,,
50.0611,,,83.27568,60.63948,,,,,,,
50.0915,,,83.10484,60.3065,,,,,,,
50.1525,,,82.79236,60.2577,,,,,,,
50.183,,,82.65056,60.54209,,,,,,,
50.2135,,,82.50897,60.82603,,,,,,,
50.2439,,,82.36745,61.10985,,,,,,,
50.3049,,,82.58774,61.61332,,,,,,,
50.3354,,,82.94994,61.83322,,,,,,,
50.3659,,,83.31156,62.05277,,,,,,,
50.3963,,,83.67303,62.27223,,,,,,,
50.4573,,,84.49661,62.83567,,,,,,,
50.4878,,,84.95926,63.18005,,,,,,,
50.5183,,,85.42119,63.52389,,,,,,,
50.5487,,,85.88291,63.86758,,,,,,,
50.6097,,,86.26886,64.03531,,,,,,,
50.6402,,,86.19315,63.8597,,,,,,,
50.6707,,,86.11741,63.68401,,,,,,,
50.7011,,,86.04171,63.5084,,,,,,,
50.7621,,,85.54277,63.12329,,,,,,,
50.7926,,,85.12061,62.91437,,,,,,,
50.8231,,,84.69826,62.70537,,,,,,,
50.8535,,,84.27609,62.49646,,,,,,,
50.9145,,,83.45415,62.35893,,,,,,,
50.945,,,83.05552,62.43027,,,,,,,
50.9755,,,82.65672,62.50166,,,,,,,
51.0059,,,82.2581,62.573,,,,,,,
51.0669,,,81.80726,62.8405,,,,,,,
51.0974,,,81.75545,63.03618,,,,,,,
51.1279,,,81.70361,63.23195,,,,,,,
51.1583,,,81.65169,63.42802,,,,,,,
51.2193,,,81.87872,63.94624,,,,,,,
51.2498,,,82.15697,64.26835,,,,,,,
51.2803,,,82.43534,64.59061,,,,,,,
51.3107,,,82.71414,64.91338,,,,,,,
51.3717,,,83.10757,65.17518,,,,,,,
51.4022,,,83.22282,65.11528,,,,,,,
51.4327,,,83.33811,65.05535,,,,,,,
51.4631,,,83.45359,64.99533,,,,,,,
51.5241,,,83.4994,64.53564,,,,,,,
51.5546,,,83.43018,64.13647,,,,,,,
51.5851,,,83.36092,63.73712,,,,,,,
51.6155,,,83.29156,63.33715,,,,,,,
51.6765,,,83.09465,62.63834,,,,,,,
51.707,,,82.96712,62.3389,,,,,,,
51.7375,,,82.83926,62.03873,,,,,,,
51.7679,,,82.71173,61.73929,,,,,,,
51.8289,,,82.68465,61.25976,,,,,,,
51.8594,,,82.7849,61.07977,,,,,,,
51.8899,,,82.8854,60.89935,,,,,,,
51.9203,,,82.98565,60.71937,,,,,,,
51.9813,,,83.46177,60.88792,,,,,,,
52.0118,,,83.83797,61.23669,,,,,,,
52.0423,,,84.21358,61.5849,,,,,,,
52.0727,,,84.58904,61.93297,,,,,,,
52.1337,,,84.8132,62.44952,,,,,,,
52.1642,,,84.66183,62.61821,,,,,,,
52.1947,,,84.5107,62.78664,,,,,,,
52.2251,,,84.35963,62.955,,,,,,,
52.2861,,,83.8229,63.1782,,,,,,,
52.3166,,,83.43678,63.2331,,,,,,,
52.3471,,,83.05128,63.28792,,,,,,,
52.3775,,,82.66594,63.34272,,,,,,,
52.4385,,,82.50031,62.86335,,,,,,,
52.469,,,82.72035,62.3285,,,,,,,
52.4995,,,82.94006,61.79448,,,,,,,
52.5299,,,83.15967,61.26069,,,,,,,
52.5909,,,83.4802,60.70534,,,,,,,
52.6214,,,83.5808,60.68401,,,,,,,
52.6519,,,83.68144,60.66266,,,,,,,
52.6823,,,83.78204,60.64132,,,,,,,
52.7433,,,83.42601,60.78274,,,,,,,
52.7738,,,82.97043,60.94511,,,,,,,
52.8043,,,82.51463,61.10755,,,,,,,
52.8347,,,82.05905,61.26992,,,,,,,
52.8957,,,81.51842,61.69225,,,,,,,
52.9262,,,81.43385,61.95153,,,,,,,
52.9567,,,81.34924,62.21092,,,,,,,
52.9871,,,81.2645,62.47072,,,,,,,
53.0481,,,81.76984,62.3741,,,,,,,
53.0786,,,82.35842,62.01926,,,,,,,
53.1091,,,82.94725,61.66426,,,,,,,
53.1395,,,83.53701,61.30871,,,,,,,
53.2005,,,84.25719,60.7868,,,,,,,
53.231,,,84.38916,60.61967,,,,,,,
53.2615,,,84.52119,60.45248,,,,,,,
53.2919,,,84.65342,60.28503,,,,,,,
53.3529,,,84.13417,60.16584,,,,,,,
53.3834,,,83.48421,60.21355,,,,,,,
53.4139,,,82.83397,60.26127,,,,,,,
53.4443,,,82.18271,60.30907,,,,,,,
53.5053,,,81.61035,60.90573,,,,,,,
53.5358,,,81.68736,61.45385,,,,,,,
53.5663,,,81.76439,62.0022,,,,,,,
53.5967,,,81.84155,62.55141,,,,,,,
53.6577,,,82.62124,63.29425,,,,,,,
53.6882,,,83.32296,63.48901,,,,,,,
53.7187,,,84.02638,63.68423,,,,,,,
53.7491,,,84.7281,63.87899,,,,,,,
53.8101,,,85.19981,64.41222,,,,,,,
53.8406,,,84.96992,64.75101,,,,,,,
53.8711,,,84.74039,65.08928,,,,,,,
53.9015,,,84.51096,65.4274,,,,,,,
53.9625,,,83.92559,65.10851,,,,,,,
53.993,,,83.56927,64.45103,,,,,,,
54.0235,,,83.21352,63.79456,,,,,,,
54.0539,,,82.85791,63.13839,,,,,,,
54.1149,,,83.12905,62.49902,,,,,,,
54.1454,,,83.75639,62.51577,,,,,,,
54.1759,,,84.38275,62.53251,,,,,,,
54.2063,,,85.00884,62.54922,,,,,,,
54.2673,,,85.94417,62.35852,,,,,,,
54.2978,,,86.25375,62.15086,,,,,,,
54.3283,,,86.56283,61.94352,,,,,,,
54.3587,,,86.87178,61.73627,,,,,,,
54.4197,,,86.76927,62.34716,,,,,,,
54.4502,,,86.3572,63.16644,,,,,,,
54.4807,,,85.94576,63.98444,,,,,,,
54.5111,,,85.53451,64.80208,,,,,,,
54.5721,,,84.80846,65.88536,,,,,,,
54.6026,,,84.49459,66.15002,,,,,,,
54.6331,,,84.1806,66.41481,,,,,,,
54.6635,,,83.86673,66.67947,,,,,,,
54.7245,,,83.30681,66.89301,,,,,,,
54.755,,,83.06149,66.84185,,,,,,,
54.7855,,,82.81606,66.79068,,,,,,,
54.8159,,,82.57073,66.73952,,,,,,,
54.8769,,,82.40829,66.5312,,,,,,,
54.9074,,,82.49116,66.37441,,,,,,,
54.9379,,,82.57407,66.21754,,,,,,,
54.9683,,,82.6571,66.06044,,,,,,,
55.0293,,,82.64555,65.60941,,,,,,,
55.0598,,,82.55143,65.3156,,,,,,,
55.0903,,,82.45728,65.02165,,,,,,,
55.1207,,,82.36297,64.72725,,,,,,,
55.1817,,,81.93359,64.45528,,,,,,,
55.2122,,,81.59885,64.47678,,,,,,,
55.2427,,,81.26398,64.49829,,,,,,,
55.2731,,,80.92858,64.51984,,,,,,,
55.3341,,,80.9567,64.41052,,,,,,,
55.3646,,,81.31864,64.27995,,,,,,,
55.3951,,,81.68073,64.14931,,,,,,,
55.4255,,,82.0434,64.01848,,,,,,,
55.4865,,,82.43277,63.99478,,,,,,,
55.517,,,82.46038,64.1014,,,,,,,
55.5475,,,82.48802,64.20808,,,,,,,
55.5779,,,82.51569,64.31491,,,,,,,
55.6389,,,81.96551,64.21615,,,,,,,
55.6694,,,81.38853,64.01111,,,,,,,
55.6999,,,80.81014,63.80556,,,,,,,
55.7303,,,80.23316,63.60052,,,,,,,
55.7913,,,80.01797,63.19091,,,,,,,
55.8218,,,80.37981,62.98613,,,,,,,
55.8523,,,80.7411,62.78165,,,,,,,
55.8827,,,81.10222,62.57728,,,,,,,
55.9437,,,82.34982,62.5396,,,,,,,
55.9742,,,83.23719,62.70641,,,,,,,
56.0047,,,84.12318,62.87297,,,,,,,
56.0351,,,85.00877,63.03944,,,,,,,
56.0961,,,85.85711,63.03055,,,,,,,
56.1266,,,85.81986,62.855,,,,,,,
56.1571,,,85.78268,62.67972,,,,,,,
56.1875,,,85.74551,62.50452,,,,,,,
56.2485,,,85.0746,62.57451,,,,,,,
56.279,,,84.44009,62.82001,,,,,,,
56.3095,,,83.80655,63.06514,,,,,,,
56.3399,,,83.1733,63.31015,,,,,,,
56.4009,,,82.05775,63.2697,,,,,,,
56.4314,,,81.57494,62.98378,,,,,,,
56.4619,,,81.0929,62.6983,,,,,,,
56.4923,,,80.61105,62.41296,,,,,,,
56.5533,,,79.75504,62.41339,,,,,,,
56.5838,,,79.38197,62.6986,,,,,,,
56.6143,,,79.00874,62.98394,,,,,,,
56.6447,,,78.63569,63.26915,,,,,,,
56.7057,,,78.55635,63.34601,,,,,,,
56.7362,,,78.84962,63.13796,,,,,,,
56.7667,,,79.14301,62.92982,,,,,,,
56.7971,,,79.43627,62.72177,,,,,,,
56.8581,,,80.48875,62.37346,,,,,,,
56.8886,,,81.24612,62.23365,,,,,,,
56.9191,,,82.00384,62.09377,,,,,,,
56.9495,,,82.76273,61.95367,,,,,,,
57.0105,,,83.47792,61.70092,,,,,,,
57.041,,,83.43665,61.58805,,,,,,,
57.0715,,,83.39538,61.47513,,,,,,,
57.1019,,,83.35403,61.36204,,,,,,,
57.1629,,,83.13823,61.42016,,,,,,,
57.1934,,,82.96398,61.59073,,,,,,,
57.2239,,,82.78964,61.76138,,,,,,,
57.2543,,,82.61504,61.93229,,,,,,,
57.3153,,,82.56902,61.6447,,,,,,,
57.3458,,,82.69689,61.18744,,,,,,,
57.3763,,,82.82483,60.72998,,,,,,,
57.4067,,,82.95296,60.27181,,,,,,,
57.4677,,,82.80823,59.77723,,,,,,,
57.4982,,,82.5361,59.73969,,,,,,,
57.5287,,,82.26331,59.70204,,,,,,,
57.5591,,,81.99119,59.6645,,,,,,,
57.6201,,,81.85271,59.68373,,,,,,,
57.6506,,,81.98605,59.74043,,,,,,,
57.6811,,,82.11971,59.79726,,,,,,,
57.7115,,,82.25304,59.85396,,,,,,,
57.7725,,,83.4949,60.58784,,,,,,,
57.803,,,84.60436,61.26559,,,,,,,
57.8335,,,85.7121,61.94229,,,,,,,
57.8639,,,86.81935,62.61869,,,,,,,
57.9249,,,88.7235,63.89156,,,,,,,
57.9554,,,89.52134,64.48872,,,,,,,
57.9859,,,90.31793,65.08495,,,,,,,
58.0163,,,91.11419,65.68092,,,,,,,
58.0773,,,91.37901,65.94655,,,,,,,
58.1078,,,90.84701,65.61585,,,,,,,
58.1383,,,90.31583,65.28567,,,,,,,
58.1687,,,89.78489,64.95563,,,,,,,
58.2297,,,88.31763,64.75114,,,,,,,
58.2602,,,87.38021,64.87691,,,,,,,
58.2907,,,86.44424,65.00248,,,,,,,
58.3211,,,85.50869,65.12799,,,,,,,
58.3821,,,84.15969,64.6364,,,,,,,
58.4126,,,83.74758,64.02084,,,,,,,
58.4431,,,83.33529,63.405,,,,,,,
58.4735,,,82.92318,62.78943,,,,,,,
58.5345,,,82.321,62.22134,,,,,,,
58.565,,,82.13157,62.26899,,,,,,,
58.5955,,,81.94205,62.31666,,,,,,,
58.6259,,,81.75262,62.36431,,,,,,,
58.6869,,,81.17295,61.74364,,,,,,,
58.7174,,,80.78369,61.07678,,,,,,,
58.7479,,,80.39426,60.40964,,,,,,,
58.7783,,,80.005,59.74279,,,,,,,
58.8393,,,79.42579,59.2916,,,,,,,
58.8698,,,79.23653,59.50733,,,,,,,
58.9003,,,79.04719,59.72316,,,,,,,
58.9307,,,78.85755,59.93932,,,,,,,
58.9917,,,79.38189,60.25907,,,,,,,
59.0222,,,80.09391,60.36311,,,,,,,
59.0527,,,80.80624,60.4672,,,,,,,
59.0831,,,81.51969,60.57145,,,,,,,
59.1441,,,82.81659,61.37929,,,,,,,
59.1746,,,83.40108,62.08194,,,,,,,
59.2051,,,83.98581,62.78489,,,,,,,
59.2355,,,84.57147,63.48895,,,,,,,
59.2965,,,84.47035,64.28136,,,,,,,
59.327,,,83.7863,64.37149,,,,,,,
59.3575,,,83.10194,64.46168,,,,,,,
59.3879,,,82.41652,64.55199,,,,,,,
59.4489,,,81.45692,64.69345,,,,,,,
59.4794,,,81.18139,64.74474,,,,,,,
59.5099,,,80.90518,64.79615,,,,,,,
59.5403,,,80.62965,64.84744,,,,,,,
59.6013,,,80.97192,64.65775,,,,,,,
59.6318,,,81.58879,64.4171,,,,,,,
59.6623,,,82.20719,64.17587,,,,,,,
59.6927,,,82.82407,63.93522,,,,,,,
59.7537,,,83.57359,63.44676,,,,,,,
59.7842,,,83.7065,63.19867,,,,,,,
59.8147,,,83.83921,62.95096,,,,,,,
59.8451,,,83.97186,62.70337,,,,,,,
59.9061,,,84.40248,62.4709,,,,,,,
59.9366,,,84.70078,62.48602,,,,,,,
59.9671,,,84.99861,62.50111,,,,,,,
59.9975,,,85.29631,62.5162,,,,,,,
60.0585,,,85.6947,62.62241,,,,,,,
60.089,,,85.79549,62.71364,,,,,,,
60.1195,,,85.89614,62.80473,,,,,,,
60.1499,,,85.99673,62.89577,,,,,,,
60.2109,,,85.70391,63.42036,,,,,,,
60.2414,,,85.30994,63.85447,,,,,,,
60.2719,,,84.91659,64.2879,,,,,,,
60.3023,,,84.52341,64.72112,,,,,,,
60.3633,,,84.05471,65.17409,,,,,,,
60.3938,,,83.97952,65.1936,,,,,,,
60.4243,,,83.90428,65.21313,,,,,,,
60.4547,,,83.82909,65.23264,,,,,,,
60.5157,,,83.14321,65.13956,,,,,,,
60.5462,,,82.53401,65.02721,,,,,,,
60.5767,,,81.92453,64.91479,,,,,,,
60.6071,,,81.31533,64.80244,,,,,,,
60.6681,,,80.00954,64.368,,,,,,,
60.6986,,,79.31492,64.04668,,,,,,,
60.7291,,,78.61998,63.72524,,,,,,,
60.7595,,,77.92397,63.40329,,,,,,,
60.8205,,,77.41569,62.79694,,,,,,,
60.851,,,77.60086,62.5121,,,,,,,
60.8815,,,77.7861,62.22715,,,,,,,
60.9119,,,77.97164,61.94175,,,,,,,
60.9729,,,78.70412,61.62327,,,,,,,
61.0034,,,79.25057,61.5894,,,,,,,
61.0339,,,79.79728,61.55552,,,,,,,
61.0643,,,80.34483,61.52158,,,,,,,
61.1253,,,81.33575,61.36743,,,,,,,
61.1558,,,81.77991,61.24732,,,,,,,
61.1863,,,82.22427,61.12716,,,,,,,
61.2167,,,82.66933,61.00681,,,,,,,
61.2777,,,82.98954,61.17411,,,,,,,
61.3082,,,82.8661,61.46099,,,,,,,
61.3387,,,82.74259,61.74799,,,,,,,
61.3691,,,82.6189,62.03544,,,,,,,
61.4301,,,82.18239,62.30672,,,,,,,
61.4606,,,81.86968,62.29131,,,,,,,
61.4911,,,81.55621,62.27586,,,,,,,
61.5215,,,81.24351,62.26044,,,,,,,
61.5825,,,81.05999,62.30486,,,,,,,
61.613,,,81.18915,62.36472,,,,,,,
61.6435,,,81.31811,62.4245,,,,,,,
61.6739,,,81.44701,62.48424,,,,,,,
61.7349,,,81.62299,62.27946,,,,,,,
61.7654,,,81.67014,62.01472,,,,,,,
61.7959,,,81.71722,61.75038,,,,,,,
61.8263,,,81.76428,61.48616,,,,,,,
61.8873,,,81.37666,60.82306,,,,,,,
61.9178,,,80.94151,60.42374,,,,,,,
61.9483,,,80.50705,60.02504,,,,,,,
61.9787,,,80.07278,59.62652,,,,,,,
62.0397,,,79.21171,59.51953,,,,,,,
62.0702,,,78.78443,59.81146,,,,,,,
62.1007,,,78.35781,60.10293,,,,,,,
62.1311,,,77.93139,60.39428,,,,,,,
62.1921,,,77.57224,61.04224,,,,,,,
62.2226,,,77.63972,61.39928,,,,,,,
62.2531,,,77.7071,61.75576,,,,,,,
62.2835,,,77.77445,62.11209,,,,,,,
62.3445,,,78.0054,62.9137,,,,,,,
62.375,,,78.16857,63.35774,,,,,,,
62.4055,,,78.33181,63.80198,,,,,,,
62.4359,,,78.49499,64.24602,,,,,,,
62.4969,,,78.77326,64.54224,,,,,,,
62.5274,,,78.88801,64.39449,,,,,,,
62.5579,,,79.00282,64.24668,,,,,,,
62.5883,,,79.11756,64.09894,,,,,,,
62.6493,,,79.5767,63.35315,,,,,,,
62.6798,,,79.92026,62.7565,,,,,,,
62.7103,,,80.26397,62.15958,,,,,,,
62.7407,,,80.60822,61.56174,,,,,,,
62.8017,,,81.07492,60.70876,,,,,,,
62.8322,,,81.1982,60.45229,,,,,,,
62.8627,,,81.32153,60.1957,,,,,,,
62.8931,,,81.44505,59.93871,,,,,,,
62.9541,,,81.16183,59.4918,,,,,,,
62.9846,,,80.7562,59.30146,,,,,,,
63.0151,,,80.3504,59.11105,,,,,,,
63.0455,,,79.94396,58.92034,,,,,,,
63.1065,,,79.10213,58.94125,,,,,,,
63.137,,,78.66632,59.15198,,,,,,,
63.1675,,,78.23032,59.3628,,,,,,,
63.1979,,,77.79364,59.57396,,,,,,,
63.2589,,,77.16823,59.94236,,,,,,,
63.2894,,,76.97863,60.09991,,,,,,,
63.3199,,,76.78895,60.25755,,,,,,,
63.3503,,,76.59897,60.41542,,,,,,,
63.4113,,,76.30873,60.6203,,,,,,,
63.4418,,,76.20813,60.66764,,,,,,,
63.4723,,,76.10729,60.71508,,,,,,,
63.5027,,,76.00669,60.76242,,,,,,,
63.5637,,,75.8737,61.35658,,,,,,,
63.5942,,,75.84123,61.90385,,,,,,,
63.6247,,,75.80882,62.45028,,,,,,,
63.6551,,,75.77642,62.99646,,,,,,,
63.7161,,,75.91847,63.79169,,,,,,,
63.7466,,,76.09307,64.04106,,,,,,,
63.7771,,,76.26741,64.29005,,,,,,,
63.8075,,,76.44166,64.53893,,,,,,,
63.8685,,,77.05006,64.82217,,,,,,,
63.899,,,77.48469,64.85659,,,,,,,
63.9295,,,77.91863,64.89095,,,,,,,
63.9599,,,78.35239,64.9253,,,,,,,
64.0209,,,79.29605,64.33936,,,,,,,
64.0514,,,79.80653,63.71827,,,,,,,
64.0819,,,80.31622,63.09816,,,,,,,
64.1123,,,80.82568,62.47832,,,,,,,
64.1733,,,81.89828,61.68274,,,,,,,
64.2038,,,82.46207,61.50694,,,,,,,
64.2343,,,83.02498,61.33142,,,,,,,
64.2647,,,83.58764,61.15597,,,,,,,
64.3257,,,84.65469,61.09641,,,,,,,
64.3562,,,85.15761,61.2121,,,,,,,
64.3867,,,85.66074,61.32784,,,,,,,
64.4171,,,86.16366,61.44353,,,,,,,
64.4781,,,86.71638,61.77105,,,,,,,
64.5086,,,86.76575,61.98232,,,,,,,
64.5391,,,86.81516,62.1937,,,,,,,
64.5695,,,86.86453,62.40498,,,,,,,
64.6305,,,86.56306,62.36263,,,,,,,
64.661,,,86.21292,62.10936,,,,,,,
64.6915,,,85.86263,61.856,,,,,,,
64.7219,,,85.51178,61.60223,,,,,,,
64.7829,,,84.04106,61.61505,,,,,,,
64.8134,,,82.92229,61.88034,,,,,,,
64.8439,,,81.80302,62.14576,,,,,,,
64.8743,,,80.68201,62.41159,,,,,,,
64.9353,,,78.68767,62.60554,,,,,,,
64.9658,,,77.81265,62.53456,,,,,,,
64.9963,,,76.93724,62.46355,,,,,,,
65.0267,,,76.06047,62.39243,,,,,,,
65.0877,,,75.95892,62.69117,,,,,,,
65.1182,,,76.73046,63.06022,,,,,,,
65.1487,,,77.50235,63.42944,,,,,,,
65.1791,,,78.27544,63.79924,,,,,,,
65.2401,,,79.91673,63.93317,,,,,,,
65.2706,,,80.78564,63.6986,,,,,,,
65.3011,,,81.65665,63.46347,,,,,,,
65.3315,,,82.52557,63.2289,,,,,,,
65.3925,,,83.66826,62.84549,,,,,,,
65.423,,,83.94206,62.69675,,,,,,,
65.4535,,,84.21654,62.54764,,,,,,,
65.4839,,,84.49034,62.3989,,,,,,,
65.5449,,,84.77804,62.10501,,,,,,,
65.5754,,,84.79202,61.9597,,,,,,,
65.6059,,,84.80599,61.81462,,,,,,,
65.6363,,,84.81995,61.66961,,,,,,,
65.6973,,,84.476,61.3534,,,,,,,
65.7278,,,84.11774,61.18204,,,,,,,
65.7583,,,83.76004,61.01093,,,,,,,
65.7887,,,83.40249,60.8399,,,,,,,
65.8497,,,82.85654,60.91922,,,,,,,
65.8802,,,82.66792,61.16987,,,,,,,
65.9107,,,82.47961,61.42012,,,,,,,
65.9411,,,82.29137,61.67027,,,,,,,
66.0021,,,82.25051,61.84127,,,,,,,
66.0326,,,82.39812,61.76196,,,,,,,
66.0631,,,82.54551,61.68279,,,,,,,
66.0935,,,82.69282,61.60365,,,,,,,
66.1545,,,82.82378,61.93167,,,,,,,
66.185,,,82.80741,62.33785,,,,,,,
66.2155,,,82.79103,62.7442,,,,,,,
66.2459,,,82.77467,63.15038,,,,,,,
66.3069,,,82.70701,63.97644,,,,,,,
66.3374,,,82.65586,64.39513,,,,,,,
66.3679,,,82.60468,64.814,,,,,,,
66.3983,,,82.55354,65.2327,,,,,,,
66.4593,,,82.61137,66.07229,,,,,,,
66.4898,,,82.72015,66.49198,,,,,,,
66.5203,,,82.82899,66.91187,,,,,,,
66.5507,,,82.93777,67.33157,,,,,,,
66.6117,,,83.29916,67.82317,,,,,,,
66.6422,,,83.55116,67.89458,,,,,,,
66.6727,,,83.80327,67.96603,,,,,,,
66.7031,,,84.05578,68.03758,,,,,,,
66.7641,,,84.58154,67.84933,,,,,,,
66.7946,,,84.85503,67.59024,,,,,,,
66.8251,,,85.12862,67.33102,,,,,,,
66.8555,,,85.40266,67.07141,,,,,,,
66.9165,,,85.19836,66.76242,,,,,,,
66.947,,,84.72164,66.71239,,,,,,,
66.9775,,,84.2447,66.66234,,,,,,,
67.0079,,,83.76702,66.61221,,,,,,,
67.0689,,,82.8596,66.31526,,,,,,,
67.0994,,,82.42925,66.0687,,,,,,,
67.1299,,,81.9987,65.82203,,,,,,,
67.1603,,,81.5675,65.57497,,,,,,,
67.2213,,,81.25964,65.12064,,,,,,,
67.2518,,,81.38171,64.91303,,,,,,,
67.2823,,,81.5041,64.70492,,,,,,,
67.3127,,,81.62617,64.49731,,,,,,,
67.3737,,,81.59439,64.27077,,,,,,,
67.4042,,,81.44077,64.25179,,,,,,,
67.4347,,,81.28677,64.23276,,,,,,,
67.4651,,,81.13314,64.21378,,,,,,,
67.5261,,,80.93739,64.14335,,,,,,,
67.5566,,,80.8952,64.09184,,,,,,,
67.5871,,,80.85307,64.04041,,,,,,,
67.6175,,,80.81095,63.98902,,,,,,,
67.6785,,,80.98098,63.88837,,,,,,,
67.709,,,81.19334,63.83908,,,,,,,
67.7395,,,81.40537,63.78986,,,,,,,
67.7699,,,81.6173,63.74066,,,,,,,
67.8309,,,81.76424,63.40215,,,,,,,
67.8614,,,81.69915,63.11248,,,,,,,
67.8919,,,81.63416,62.82327,,,,,,,
67.9223,,,81.5692,62.53419,,,,,,,
67.9833,,,81.21657,62.4765,,,,,,,
68.0138,,,80.92853,62.70828,,,,,,,
68.0443,,,80.64093,62.9397,,,,,,,
68.0747,,,80.35346,63.17102,,,,,,,
68.1357,,,80.04537,63.20444,,,,,,,
68.1662,,,80.02491,63.00694,,,,,,,
68.1967,,,80.00443,62.80935,,,,,,,
68.2271,,,79.98397,62.61185,,,,,,,
68.2881,,,79.9635,62.37719,,,,,,,
68.3186,,,79.9635,62.34023,,,,,,,
68.3491,,,79.9635,62.30325,,,,,,,
68.3795,,,79.9635,62.26629,,,,,,,
68.4405,,,79.90609,62.11331,,,,,,,
68.471,,,79.84881,61.99757,,,,,,,
68.5015,,,79.79149,61.88178,,,,,,,
68.5319,,,79.73409,61.7658,,,,,,,
68.5929,,,80.14976,62.03785,,,,,,,
68.6234,,,80.62171,62.42474,,,,,,,
68.6539,,,81.09387,62.81179,,,,,,,
68.6843,,,81.56676,63.19946,,,,,,,
68.7453,,,82.50357,64.03575,,,,,,,
68.7758,,,82.96802,64.48471,,,,,,,
68.8063,,,83.43267,64.93388,,,,,,,
68.8367,,,83.89806,65.38374,,,,,,,
68.8977,,,84.34402,66.05946,,,,,,,
68.9282,,,84.32595,66.2862,,,,,,,
68.9587,,,84.30787,66.51305,,,,,,,
68.9891,,,84.28976,66.74024,,,,,,,
69.0501,,,83.75633,67.17356,,,,,,,
69.0806,,,83.24176,67.37997,,,,,,,
69.1111,,,82.72695,67.58649,,,,,,,
69.1415,,,82.21135,67.79331,,,,,,,
69.2025,,,81.1831,67.91331,,,,,,,
69.233,,,80.66988,67.82714,,,,,,,
69.2635,,,80.15543,67.74075,,,,,,,
69.2939,,,79.64221,67.65456,,,,,,,
69.3549,,,78.99704,67.30731,,,,,,,
69.3854,,,78.86481,67.046,,,,,,,
69.4159,,,78.73277,66.7851,,,,,,,
69.4463,,,78.60081,66.52431,,,,,,,
69.5073,,,78.52484,66.14762,,,,,,,
69.5378,,,78.58089,66.03157,,,,,,,
69.5683,,,78.63683,65.91571,,,,,,,
69.5987,,,78.69276,65.79989,,,,,,,
69.6597,,,79.27567,65.76172,,,,,,,
69.6902,,,79.80324,65.83945,,,,,,,
69.7207,,,80.32998,65.91707,,,,,,,
69.7511,,,80.85649,65.99464,,,,,,,
69.8121,,,81.90965,66.12036,,,,,,,
69.8426,,,82.43687,66.16856,,,,,,,
69.8731,,,82.96326,66.21669,,,,,,,
69.9035,,,83.48943,66.26479,,,,,,,
69.9645,,,83.91784,66.31268,,,,,,,
69.995,,,83.81977,66.31246,,,,,,,
70.0255,,,83.72186,66.31224,,,,,,,
70.0559,,,83.62399,66.31202,,,,,,,
70.1169,,,83.15587,66.13702,,,,,,,
70.1474,,,82.78656,65.96267,,,,,,,
70.1779,,,82.4171,65.78823,,,,,,,
70.2083,,,82.04779,65.61388,,,,,,,
70.2693,,,81.85769,65.71233,,,,,,,
70.2998,,,82.03672,65.98463,,,,,,,
70.3303,,,82.21582,66.25704,,,,,,,
70.3607,,,82.39485,66.52933,,,,,,,
70.4217,,,83.3511,66.70369,,,,,,,
70.4522,,,84.12655,66.60575,,,,,,,
70.4827,,,84.90234,66.50777,,,,,,,
70.5131,,,85.67934,66.40965,,,,,,,
70.5741,,,86.90769,66.28417,,,,,,,
70.6046,,,87.36054,66.25658,,,,,,,
70.6351,,,87.81361,66.229,,,,,,,
70.6655,,,88.26737,66.20135,,,,,,,
70.7265,,,88.60776,65.79539,,,,,,,
70.757,,,88.49591,65.41766,,,,,,,
70.7875,,,88.384,65.03977,,,,,,,
70.8179,,,88.27193,64.66129,,,,,,,
70.8789,,,87.80016,64.26198,,,,,,,
70.9094,,,87.44073,64.24014,,,,,,,
70.9399,,,87.08115,64.21828,,,,,,,
70.9703,,,86.72102,64.1964,,,,,,,
71.0313,,,85.45818,64.04051,,,,,,,
71.0618,,,84.55588,63.90665,,,,,,,
71.0923,,,83.65318,63.77273,,,,,,,
71.1227,,,82.74907,63.6386,,,,,,,
71.1837,,,81.07274,63.21341,,,,,,,
71.2142,,,80.29934,62.9224,,,,,,,
71.2447,,,79.52405,62.63069,,,,,,,
71.2751,,,78.75065,62.33969,,,,,,,
71.3361,,,78.31068,61.87762,,,,,,,
71.3666,,,78.64417,61.70633,,,,,,,
71.3971,,,78.97713,61.53532,,,,,,,
71.4275,,,79.30996,61.36437,,,,,,,
71.4885,,,80.32011,61.10211,,,,,,,
71.519,,,80.99816,61.01067,,,,,,,
71.5495,,,81.67515,60.91938,,,,,,,
71.5799,,,82.35184,60.82813,,,,,,,
71.6409,,,83.34268,60.52047,,,,,,,
71.6714,,,83.65717,60.30382,,,,,,,
71.7019,,,83.97117,60.0875,,,,,,,
71.7323,,,84.28503,59.87128,,,,,,,
71.7933,,,84.23471,59.72528,,,,,,,
71.8238,,,83.87,59.79563,,,,,,,
71.8543,,,83.50584,59.86586,,,,,,,
71.8847,,,83.14186,59.93607,,,,,,,
71.9457,,,81.86902,59.97133,,,,,,,
71.9762,,,80.95897,59.93631,,,,,,,
72.0067,,,80.05032,59.90134,,,,,,,
72.0371,,,79.1421,59.86638,,,,,,,
72.0981,,,78.22828,60.10669,,,,,,,
72.1286,,,78.22316,60.38131,,,,,,,
72.1591,,,78.21804,60.65605,,,,,,,
72.1895,,,78.21292,60.93068,,,,,,,
72.2505,,,78.96652,61.05441,,,,,,,
72.281,,,79.72356,60.90367,,,,,,,
72.3115,,,80.48092,60.75286,,,,,,,
72.3419,,,81.23796,60.60212,,,,,,,
72.4029,,,81.57428,60.08966,,,,,,,
72.4334,,,81.15382,59.72881,,,,,,,
72.4639,,,80.73318,59.3678,,,,,,,
72.4943,,,80.31187,59.00622,,,,,,,
72.5553,,,79.33939,58.64578,,,,,,,
72.5858,,,78.78799,58.64582,,,,,,,
72.6163,,,78.23634,58.64586,,,,,,,
72.6467,,,77.68382,58.6459,,,,,,,
72.7077,,,77.56331,58.52784,,,,,,,
72.7382,,,77.99298,58.40993,,,,,,,
72.7687,,,78.42284,58.29197,,,,,,,
72.7991,,,78.85336,58.17382,,,,,,,
72.8601,,,79.1362,58.56911,,,,,,,
72.8906,,,78.98991,59.0814,,,,,,,
72.9211,,,78.84355,59.59392,,,,,,,
72.9515,,,78.69697,60.10723,,,,,,,
73.0125,,,78.13892,60.64247,,,,,,,
73.043,,,77.72766,60.66565,,,,,,,
73.0735,,,77.31541,60.6889,,,,,,,
73.1039,,,76.90416,60.71209,,,,,,,
73.1649,,,76.67607,60.96762,,,,,,,
73.1954,,,76.85886,61.19968,,,,,,,
73.2259,,,77.04208,61.43231,,,,,,,
73.2563,,,77.22486,61.66437,,,,,,,
73.3173,,,77.68275,61.65318,,,,,,,
73.3478,,,77.95815,61.40976,,,,,,,
73.3783,,,78.23312,61.16672,,,,,,,
73.4087,,,78.50797,60.92379,,,,,,,
73.4697,,,78.93163,60.69691,,,,,,,
73.5002,,,79.0806,60.71296,,,,,,,
73.5307,,,79.22935,60.72897,,,,,,,
73.5611,,,79.37802,60.74499,,,,,,,
73.6221,,,79.63558,60.73447,,,,,,,
73.6526,,,79.74458,60.70792,,,,,,,
73.6831,,,79.85342,60.6814,,,,,,,
73.7135,,,79.96219,60.6549,,,,,,,
73.7745,,,80.14095,60.91046,,,,,,,
73.805,,,80.211,61.19291,,,,,,,
73.8355,,,80.28093,61.47493,,,,,,,
73.8659,,,80.35084,61.75681,,,,,,,
73.9269,,,80.33496,62.09415,,,,,,,
73.9574,,,80.24937,62.14934,,,,,,,
73.9879,,,80.16374,62.20455,,,,,,,
74.0183,,,80.07815,62.25974,,,,,,,
74.0793,,,79.93406,62.48914,,,,,,,
74.1098,,,79.87575,62.66291,,,,,,,
74.1403,,,79.81741,62.83675,,,,,,,
74.1707,,,79.7591,63.01052,,,,,,,
74.2317,,,79.9099,63.34555,,,,,,,
74.2622,,,80.11859,63.50634,,,,,,,
74.2927,,,80.32738,63.6672,,,,,,,
74.3231,,,80.53608,63.828,,,,,,,
74.3841,,,80.88129,63.9316,,,,,,,
74.4146,,,81.01736,63.87439,,,,,,,
74.4451,,,81.15347,63.81715,,,,,,,
74.4755,,,81.2898,63.75983,,,,,,,
74.5365,,,81.33913,63.76561,,,,,,,
74.567,,,81.25268,63.82842,,,,,,,
74.5975,,,81.1662,63.89126,,,,,,,
74.6279,,,81.07958,63.9542,,,,,,,
74.6889,,,80.91959,63.64512,,,,,,,
74.7194,,,80.84611,63.2739,,,,,,,
74.7499,,,80.77258,62.90252,,,,,,,
74.7803,,,80.69896,62.53055,,,,,,,
74.8413,,,80.2384,62.38981,,,,,,,
74.8718,,,79.85187,62.61969,,,,,,,
74.9023,,,79.46516,62.84967,,,,,,,
74.9327,,,79.07786,63.08002,,,,,,,
74.9937,,,78.30634,63.22457,,,,,,,
75.0242,,,77.92168,63.13947,,,,,,,
75.0547,,,77.53609,63.05416,,,,,,,
75.0851,,,77.15143,62.96906,,,,,,,
75.1461,,,77.31882,63.03463,,,,,,,
75.1766,,,77.87006,63.18509,,,,,,,
75.2071,,,78.42264,63.3359,,,,,,,
75.2375,,,78.97387,63.48635,,,,,,,
75.2985,,,80.1221,63.49333,,,,,,,
75.329,,,80.71974,63.34974,,,,,,,
75.3595,,,81.31647,63.20638,,,,,,,
75.3899,,,81.91292,63.06307,,,,,,,
75.4509,,,82.44993,62.83036,,,,,,,
75.4814,,,82.39043,62.74083,,,,,,,
75.5119,,,82.33105,62.65145,,,,,,,
75.5423,,,82.27168,62.56211,,,,,,,
75.6033,,,82.45705,62.94016,,,,,,,
75.6338,,,82.70211,63.40815,,,,,,,
75.6643,,,82.94678,63.8754,,,,,,,
75.6947,,,83.19135,64.34245,,,,,,,
75.7557,,,83.71975,65.00527,,,,,,,
75.7862,,,84.00389,65.20119,,,,,,,
75.8167,,,84.2876,65.3968,,,,,,,
75.8471,,,84.57117,65.59232,,,,,,,
75.9081,,,84.76641,65.92122,,,,,,,
75.9386,,,84.67816,66.05419,,,,,,,
75.9691,,,84.58987,66.18721,,,,,,,
75.9995,,,84.50163,66.32018,,,,,,,
76.0605,,,84.08144,66.01642,,,,,,,
76.091,,,83.75033,65.5806,,,,,,,
76.1215,,,83.41907,65.14461,,,,,,,
76.1519,,,83.08795,64.70879,,,,,,,
76.2129,,,82.08475,63.96946,,,,,,,
76.2434,,,81.41433,63.66691,,,,,,,
76.2739,,,80.74361,63.36423,,,,,,,
76.3043,,,80.07185,63.06107,,,,,,,
76.3653,,,79.14966,62.54403,,,,,,,
76.3958,,,78.89766,62.32963,,,,,,,
76.4263,,,78.64555,62.11515,,,,,,,
76.4567,,,78.39304,61.90032,,,,,,,
76.5177,,,78.57069,61.62975,,,,,,,
76.5482,,,78.99933,61.57348,,,,,,,
76.5787,,,79.42816,61.51719,,,,,,,
76.6091,,,79.85767,61.4608,,,,,,,
76.6701,,,80.36694,61.77887,,,,,,,
76.7006,,,80.44775,62.15255,,,,,,,
76.7311,,,80.5286,62.5264,,,,,,,
76.7615,,,80.60958,62.90083,,,,,,,
76.8225,,,80.53121,63.31656,,,,,,,
76.853,,,80.37231,63.35878,,,,,,,
76.8835,,,80.21332,63.40102,,,,,,,
76.9139,,,80.0541,63.44332,,,,,,,
76.9749,,,80.19609,63.69791,,,,,,,
77.0054,,,80.49651,63.91002,,,,,,,
77.0359,,,80.79767,64.12264,,,,,,,
77.0663,,,81.0981,64.33475,,,,,,,
77.1273,,,81.43906,64.57347,,,,,,,
77.1578,,,81.47972,64.60017,,,,,,,
77.1883,,,81.52032,64.62682,,,,,,,
77.2187,,,81.56091,64.65345,,,,,,,
77.2797,,,81.2253,64.85087,,,,,,,
77.3102,,,80.84876,65.02181,,,,,,,
77.3407,,,80.47281,65.1925,,,,,,,
77.3711,,,80.09702,65.36311,,,,,,,
77.4321,,,79.6062,65.42184,,,,,,,
77.4626,,,79.49105,65.30985,,,,,,,
77.4931,,,79.37608,65.19803,,,,,,,
77.5235,,,79.26116,65.08627,,,,,,,
77.5845,,,79.42366,64.53249,,,,,,,
77.615,,,79.70145,64.08994,,,,,,,
77.6455,,,79.97881,63.64808,,,,,,,
77.6759,,,80.25605,63.20641,,,,,,,
77.7369,,,80.97591,62.43324,,,,,,,
77.7674,,,81.41907,62.1014,,,,,,,
77.7979,,,81.86156,61.77008,,,,,,,
77.8283,,,82.30383,61.43891,,,,,,,
77.8893,,,83.14114,61.02875,,,,,,,
77.9198,,,83.53501,60.95011,,,,,,,
77.9503,,,83.92904,60.87143,,,,,,,
77.9807,,,84.32291,60.79279,,,,,,,
78.0417,,,84.58784,60.91573,,,,,,,
78.0722,,,84.45894,61.11691,,,,,,,
78.1027,,,84.32998,61.31817,,,,,,,
78.1331,,,84.20108,61.51935,,,,,,,
78.1941,,,84.03654,62.12888,,,,,,,
78.2246,,,84.00108,62.53621,,,,,,,
78.2551,,,83.96559,62.94373,,,,,,,
78.2855,,,83.93005,63.35189,,,,,,,
78.3465,,,84.53011,63.89457,,,,,,,
78.377,,,85.16438,64.03006,,,,,,,
78.4075,,,85.79894,64.16561,,,,,,,
78.4379,,,86.43448,64.30138,,,,,,,
78.4989,,,87.51296,64.67052,,,,,,,
78.5294,,,87.95695,64.90387,,,,,,,
78.5599,,,88.40113,65.13733,,,,,,,
78.5903,,,88.84601,65.37115,,,,,,,
78.6513,,,89.19814,65.95434,,,,,,,
78.6818,,,89.10676,66.30377,,,,,,,
78.7123,,,89.01532,66.65336,,,,,,,
78.7427,,,88.92375,67.00349,,,,,,,
78.8037,,,88.24299,67.60017,,,,,,,
78.8342,,,87.6544,67.84726,,,,,,,
78.8647,,,87.06558,68.09446,,,,,,,
78.8951,,,86.47582,68.34204,,,,,,,
78.9561,,,85.43268,68.47848,,,,,,,
78.9866,,,84.97845,68.36806,,,,,,,
79.0171,,,84.52314,68.25738,,,,,,,
79.0475,,,84.06892,68.14697,,,,,,,
79.1085,,,83.54721,68.19357,,,,,,,
79.139,,,83.47955,68.3507,,,,,,,
79.1695,,,83.41201,68.50758,,,,,,,
79.1999,,,83.34449,68.66439,,,,,,,
79.2609,,,82.87318,68.65247,,,,,,,
79.2914,,,82.46896,68.48356,,,,,,,
79.3219,,,82.06537,68.31493,,,,,,,
79.3523,,,81.66196,68.14636,,,,,,,
79.4133,,,80.86435,68.06424,,,,,,,
79.4438,,,80.46969,68.15081,,,,,,,
79.4743,,,80.07566,68.23724,,,,,,,
79.5047,,,79.68179,68.32363,,,,,,,
79.5657,,,79.29365,67.88093,,,,,,,
79.5962,,,79.29945,67.3511,,,,,,,
79.6267,,,79.30526,66.8221,,,,,,,
79.6571,,,79.31106,66.29333,,,,,,,
79.7181,,,78.90543,65.6497,,,,,,,
79.7486,,,78.49339,65.53487,,,,,,,
79.7791,,,78.08199,65.42023,,,,,,,
79.8095,,,77.67077,65.30563,,,,,,,
79.8705,,,77.19476,65.34765,,,,,,,
79.901,,,77.13034,65.50396,,,,,,,
79.9315,,,77.0659,65.66034,,,,,,,
79.9619,,,77.00148,65.81666,,,,,,,
80.0229,,,77.60818,65.38638,,,,,,,
80.0534,,,78.27789,64.80095,,,,,,,
80.0839,,,78.94788,64.21527,,,,,,,
80.1143,,,79.61758,63.62984,,,,,,,
80.1753,,,80.19933,62.7395,,,,,,,
80.2058,,,80.11097,62.43569,,,,,,,
80.2363,,,80.02258,62.13175,,,,,,,
80.2667,,,79.93404,61.82734,,,,,,,
80.3277,,,79.47015,61.18737,,,,,,,
80.3582,,,79.09521,60.85154,,,,,,,
80.3887,,,78.72011,60.51555,,,,,,,
80.4191,,,78.34442,60.17905,,,,,,,
80.4801,,,78.26236,60.45986,,,,,,,
80.5106,,,78.55444,61.07518,,,,,,,
80.5411,,,78.84664,61.69077,,,,,,,
80.5715,,,79.1393,62.30732,,,,,,,
80.6325,,,79.95457,62.8992,,,,,,,
80.663,,,80.47716,62.87621,,,,,,,
80.6935,,,80.99998,62.85321,,,,,,,
80.7239,,,81.52362,62.83017,,,,,,,
80.7849,,,82.05499,62.72753,,,,,,,
80.8154,,,82.06403,62.64798,,,,,,,
80.8459,,,82.07308,62.56824,,,,,,,
80.8763,,,82.08212,62.48869,,,,,,,
80.9373,,,81.46395,62.40318,,,,,,,
80.9678,,,80.83752,62.39719,,,,,,,
80.9983,,,80.20957,62.3912,,,,,,,
81.0287,,,79.58314,62.38521,,,,,,,
81.0897,,,78.65438,62.62821,,,,,,,
81.1202,,,78.35165,62.87742,,,,,,,
81.1507,,,78.04938,63.12624,,,,,,,
81.1811,,,77.74725,63.37495,,,,,,,
81.2421,,,78.05746,63.92263,,,,,,,
81.2726,,,78.67045,64.22194,,,,,,,
81.3031,,,79.28249,64.52078,,,,,,,
81.3335,,,79.89425,64.81949,,,,,,,
81.3945,,,81.10143,64.88998,,,,,,,
81.425,,,81.6975,64.66145,,,,,,,
81.4555,,,82.29264,64.43327,,,,,,,
81.4859,,,82.88753,64.2052,,,,,,,
81.5469,,,83.14938,64.17035,,,,,,,
81.5774,,,82.81573,64.3639,,,,,,,
81.6079,,,82.48259,64.55714,,,,,,,
81.6383,,,82.1496,64.75031,,,,,,,
81.6993,,,81.21191,64.71722,,,,,,,
81.7298,,,80.60884,64.49144,,,,,,,
81.7603,,,80.00551,64.26556,,,,,,,
81.7907,,,79.40244,64.03977,,,,,,,
81.8517,,,78.33811,64.06509,,,,,,,
81.8822,,,77.87827,64.31576,,,,,,,
81.9127,,,77.41822,64.56652,,,,,,,
81.9431,,,76.95837,64.81718,,,,,,,
82.0041,,,76.72783,64.8346,,,,,,,
82.0346,,,76.95699,64.60167,,,,,,,
82.0651,,,77.18623,64.36863,,,,,,,
82.0955,,,77.41539,64.1357,,,,,,,
82.1565,,,78.26832,63.76757,,,,,,,
82.187,,,78.89065,63.63285,,,,,,,
82.2175,,,79.51327,63.49808,,,,,,,
82.2479,,,80.13685,63.36309,,,,,,,
82.3089,,,80.76253,62.97778,,,,,,,
82.3394,,,80.76645,62.7275,,,,,,,
82.3699,,,80.77037,62.47712,,,,,,,
82.4003,,,80.7743,62.22635,,,,,,,
82.4613,,,80.90648,61.84192,,,,,,,
82.4918,,,81.03453,61.70778,,,,,,,
82.5223,,,81.16263,61.57359,,,,,,,
82.5527,,,81.29094,61.43918,,,,,,,
82.6137,,,81.70185,61.34062,,,,,,,
82.6442,,,81.98438,61.37606,,,,,,,
82.6747,,,82.26701,61.41152,,,,,,,
82.7051,,,82.55011,61.44703,,,,,,,
82.7661,,,82.94057,61.59553,,,,,,,
82.7966,,,83.0485,61.70845,,,,,,,
82.8271,,,83.1567,61.82164,,,,,,,
82.8575,,,83.26463,61.93456,,,,,,,
82.9185,,,83.22313,62.23452,,,,,,,
82.949,,,83.07391,62.42138,,,,,,,
82.9795,,,82.92433,62.60868,,,,,,,
83.0099,,,82.77512,62.79554,,,,,,,
83.0709,,,82.64655,63.24052,,,,,,,
83.1014,,,82.66721,63.49894,,,,,,,
83.1319,,,82.68782,63.75694,,,,,,,
83.1623,,,82.70843,64.01483,,,,,,,
83.2233,,,82.78589,64.12082,,,,,,,
83.2538,,,82.8428,63.96874,,,,,,,
83.2843,,,82.89963,63.81689,,,,,,,
83.3147,,,82.95643,63.66511,,,,,,,
83.3757,,,82.54183,63.79408,,,,,,,
83.4062,,,82.06982,64.0752,,,,,,,
83.4367,,,81.59853,64.35589,,,,,,,
83.4671,,,81.12746,64.63646,,,,,,,
83.5281,,,80.52453,64.68773,,,,,,,
83.5586,,,80.39263,64.458,,,,,,,
83.5891,,,80.26096,64.22865,,,,,,,
83.6195,,,80.12932,63.99939,,,,,,,
83.6805,,,80.20882,63.52731,,,,,,,
83.711,,,80.41949,63.28519,,,,,,,
83.7415,,,80.63026,63.04296,,,,,,,
83.7719,,,80.84094,62.80085,,,,,,,
83.8329,,,81.18362,62.30401,,,,,,,
83.8634,,,81.31518,62.05002,,,,,,,
83.8939,,,81.44681,61.79591,,,,,,,
83.9243,,,81.57837,61.54192,,,,,,,
83.9853,,,81.49687,61.68951,,,,,,,
84.0158,,,81.28414,62.09045,,,,,,,
84.0463,,,81.07133,62.49158,,,,,,,
84.0767,,,80.85818,62.89333,,,,,,,
84.1377,,,80.42271,63.51506,,,,,,,
84.1682,,,80.20016,63.73582,,,,,,,
84.1987,,,79.97751,63.95668,,,,,,,
84.2291,,,79.75452,64.17789,,,,,,,
84.2901,,,79.88649,64.1097,,,,,,,
84.3206,,,80.24018,63.82145,,,,,,,
84.3511,,,80.59403,63.53308,,,,,,,
84.3815,,,80.94843,63.24425,,,,,,,
84.4425,,,81.57948,62.63502,,,,,,,
84.473,,,81.85665,62.31434,,,,,,,
84.5035,,,82.13393,61.99352,,,,,,,
84.5339,,,82.41166,61.6722,,,,,,,
84.5949,,,82.75895,61.04467,,,,,,,
84.6254,,,82.82913,60.73807,,,,,,,
84.6559,,,82.89934,60.43133,,,,,,,
84.6863,,,82.96966,60.12412,,,,,,,
84.7473,,,83.18424,59.52135,,,,,,,
84.7778,,,83.32848,59.22545,,,,,,,
84.8083,,,83.47309,58.92882,,,,,,,
84.8387,,,83.61733,58.63291,,,,,,,
84.8997,,,83.41434,57.81497,,,,,,,
84.9302,,,83.06685,57.29241,,,,,,,
84.9607,,,82.71989,56.77067,,,,,,,
84.9911,,,82.37309,56.24916,,,,,,,
85.0521,,,81.64231,56.21896,,,,,,,
85.0826,,,81.25792,56.71072,,,,,,,
85.1131,,,80.87411,57.20172,,,,,,,
85.1435,,,80.49049,57.6925,,,,,,,
85.2045,,,80.23174,58.49936,,,,,,,
85.235,,,80.35679,58.81577,,,,,,,
85.2655,,,80.48166,59.1317,,,,,,,
85.2959,,,80.60647,59.44748,,,,,,,
85.3569,,,80.62279,59.98088,,,,,,,
85.3874,,,80.51413,60.19873,,,,,,,
85.4179,,,80.40564,60.41623,,,,,,,
85.4483,,,80.2972,60.63364,,,,,,,
85.5093,,,80.20305,60.41861,,,,,,,
85.5398,,,80.2174,59.98544,,,,,,,
85.5703,,,80.23174,59.55294,,,,,,,
85.6007,,,80.24606,59.12064,,,,,,,
85.6617,,,80.25697,58.31614,,,,,,,
85.6922,,,80.25356,57.94506,,,,,,,
85.7227,,,80.25014,57.57381,,,,,,,
85.7531,,,80.24674,57.20272,,,,,,,
85.8141,,,79.76897,56.83989,,,,,,,
85.8446,,,79.29565,56.84838,,,,,,,
85.8751,,,78.82214,56.85686,,,,,,,
85.9055,,,78.34882,56.86535,,,,,,,
85.9665,,,77.65983,57.08225,,,,,,,
85.997,,,77.44499,57.29024,,,,,,,
86.0275,,,77.23006,57.49831,,,,,,,
86.0579,,,77.0148,57.70671,,,,,,,
86.1189,,,77.22723,58.51088,,,,,,,
86.1494,,,77.65349,59.10615,,,,,,,
86.1799,,,78.07993,59.70168,,,,,,,
86.2103,,,78.50704,60.29815,,,,,,,
86.2713,,,79.54816,60.97118,,,,,,,
86.3018,,,80.16231,61.04932,,,,,,,
86.3323,,,80.77673,61.12748,,,,,,,
86.3627,,,81.39211,61.20577,,,,,,,
86.4237,,,82.07244,61.06231,,,,,,,
86.4542,,,82.13894,60.84111,,,,,,,
86.4847,,,82.20547,60.61982,,,,,,,
86.5151,,,82.27209,60.39819,,,,,,,
86.5761,,,82.1475,59.85505,,,,,,,
86.6066,,,81.9567,59.53345,,,,,,,
86.6371,,,81.76582,59.21171,,,,,,,
86.6675,,,81.57465,58.88946,,,,,,,
86.7285,,,81.04266,58.4889,,,,,,,
86.759,,,80.70184,58.40991,,,,,,,
86.7895,,,80.36016,58.33073,,,,,,,
86.8199,,,80.01933,58.25175,,,,,,,
86.8809,,,79.43909,58.2579,,,,,,,
86.9114,,,79.19939,58.3431,,,,,,,
86.9419,,,78.96007,58.42816,,,,,,,
86.9723,,,78.72086,58.51318,,,,,,,
87.0333,,,78.67159,58.85661,,,,,,,
87.0638,,,78.86175,59.11529,,,,,,,
87.0943,,,79.05161,59.37357,,,,,,,
87.1247,,,79.24138,59.63174,,,,,,,
87.1857,,,79.48833,60.15331,,,,,,,
87.2162,,,79.54556,60.41701,,,,,,,
87.2467,,,79.60271,60.68029,,,,,,,
87.2771,,,79.65983,60.94347,,,,,,,
87.3381,,,79.59889,61.24579,,,,,,,
87.3686,,,79.48067,61.28493,,,,,,,
87.3991,,,79.36264,61.32401,,,,,,,
87.4295,,,79.24465,61.36306,,,,,,,
87.4905,,,79.03859,61.33222,,,,,,,
87.521,,,78.95043,61.2622,,,,,,,
87.5515,,,78.86241,61.19228,,,,,,,
87.5819,,,78.77443,61.1224,,,,,,,
87.6429,,,78.78279,60.76712,,,,,,,
87.6734,,,78.87895,60.48243,,,,,,,
87.7039,,,78.97516,60.19761,,,,,,,
87.7343,,,79.07132,59.91291,,,,,,,
87.7953,,,79.39498,59.66224,,,,,,,
87.8258,,,79.62192,59.69641,,,,,,,
87.8563,,,79.84896,59.73059,,,,,,,
87.8867,,,80.0759,59.76476,,,,,,,
87.9477,,,80.5552,59.91065,,,,,,,
87.9782,,,80.80687,60.02213,,,,,,,
88.0087,,,81.05864,60.13365,,,,,,,
88.0391,,,81.31081,60.24535,,,,,,,
88.1001,,,81.56462,60.41718,,,,,,,
88.1306,,,81.56701,60.47755,,,,,,,
88.1611,,,81.5694,60.53793,,,,,,,
88.1915,,,81.57179,60.59841,,,,,,,
88.2525,,,81.20486,60.95996,,,,,,,
88.283,,,80.83617,61.26069,,,,,,,
88.3135,,,80.46731,61.56156,,,,,,,
88.3439,,,80.09788,61.8629,,,,,,,
88.4049,,,79.45374,62.18865,,,,,,,
88.4354,,,79.17847,62.21383,,,,,,,
88.4659,,,78.9031,62.23902,,,,,,,
88.4963,,,78.62729,62.26424,,,,,,,
88.5573,,,78.61276,62.72582,,,,,,,
88.5878,,,78.87302,63.16165,,,,,,,
88.6183,,,79.13392,63.59853,,,,,,,
88.6487,,,79.39417,64.03436,,,,,,,
88.7097,,,79.97555,64.45021,,,,,,,
88.7402,,,80.29636,64.4304,,,,,,,
88.7707,,,80.61797,64.41055,,,,,,,
88.8011,,,80.93878,64.39073,,,,,,,
88.8621,,,81.2997,64.5598,,,,,,,
88.8926,,,81.33987,64.74886,,,,,,,
88.9231,,,81.38,64.93761,,,,,,,
88.9535,,,81.4201,65.12629,,,,,,,
89.0145,,,81.82964,65.24923,,,,,,,
89.045,,,82.19948,65.18341,,,,,,,
89.0755,,,82.56873,65.11771,,,,,,,
89.1059,,,82.93784,65.05202,,,,,,,
89.1669,,,83.19247,64.9987,,,,,,,
89.1974,,,83.07781,65.01109,,,,,,,
89.2279,,,82.96331,65.02348,,,,,,,
89.2583,,,82.84888,65.03584,,,,,,,
89.3193,,,82.02539,64.79108,,,,,,,
89.3498,,,81.31537,64.53358,,,,,,,
89.3803,,,80.60644,64.27647,,,,,,,
89.4107,,,79.89783,64.01948,,,,,,,
89.4717,,,79.12106,63.77964,,,,,,,
89.5022,,,79.05341,63.79687,,,,,,,
89.5327,,,78.98573,63.81411,,,,,,,
89.5631,,,78.91808,63.83134,,,,,,,
89.6241,,,79.08195,63.80702,,,,,,,
89.6546,,,79.31303,63.76554,,,,,,,
89.6851,,,79.54418,63.72405,,,,,,,
89.7155,,,79.77525,63.68257,,,,,,,
89.7765,,,79.80434,63.82901,,,,,,,
89.807,,,79.60261,64.01656,,,,,,,
89.8375,,,79.40077,64.20419,,,,,,,
89.8679,,,79.19904,64.39174,,,,,,,
89.9289,,,79.15988,64.37905,,,,,,,
89.9594,,,79.32233,64.17902,,,,,,,
89.9899,,,79.48486,63.97891,,,,,,,
90.0203,,,79.64764,63.77848,,,,,,,
90.0813,,,80.43886,63.25399,,,,,,,
90.1118,,,81.06665,62.92992,,,,,,,
90.1423,,,81.69471,62.60572,,,,,,,
90.1727,,,82.32377,62.281,,,,,,,
90.2337,,,83.01838,61.65709,,,,,,,
90.2642,,,83.08555,61.35749,,,,,,,
90.2947,,,83.15276,61.05776,,,,,,,
90.3251,,,83.22008,60.75756,,,,,,,
90.3861,,,83.15437,60.51869,,,,,,,
90.4166,,,83.02171,60.57916,,,,,,,
90.4471,,,82.88902,60.63965,,,,,,,
90.4775,,,82.7561,60.70024,,,,,,,
90.5385,,,82.40258,60.56415,,,,,,,
90.569,,,82.18195,60.36787,,,,,,,
90.5995,,,81.96078,60.17111,,,,,,,
90.6299,,,81.74015,59.97483,,,,,,,
90.6909,,,81.18364,59.95982,,,,,,,
90.7214,,,80.84809,60.14082,,,,,,,
90.7519,,,80.51173,60.32226,,,,,,,
90.7823,,,80.17618,60.50326,,,,,,,
90.8433,,,79.72412,60.34223,,,,,,,
90.8738,,,79.60747,59.99987,,,,,,,
90.9043,,,79.49099,59.65804,,,,,,,
90.9347,,,79.37457,59.31636,,,,,,,
90.9957,,,79.34333,59.28367,,,,,,,
91.0262,,,79.42861,59.59303,,,,,,,
91.0567,,,79.51376,59.90191,,,,,,,
91.0871,,,79.59886,60.21066,,,,,,,
91.1481,,,79.98272,60.4421,,,,,,,
91.1786,,,80.28183,60.36465,,,,,,,
91.2091,,,80.58049,60.28731,,,,,,,
91.2395,,,80.87901,60.21001,,,,,,,
91.3005,,,81.3371,60.3707,,,,,,,
91.331,,,81.49682,60.60907,,,,,,,
91.3615,,,81.65627,60.84706,,,,,,,
91.3919,,,81.81567,61.08496,,,,,,,
91.4529,,,81.82132,61.38052,,,,,,,
91.4834,,,81.66787,61.43793,,,,,,,
91.5139,,,81.51435,61.49537,,,,,,,
91.5443,,,81.36089,61.55278,,,,,,,
91.6053,,,80.70803,61.58632,,,,,,,
91.6358,,,80.20982,61.56245,,,,,,,
91.6663,,,79.7114,61.53858,,,,,,,
91.6967,,,79.21318,61.51472,,,,,,,
91.7577,,,78.4183,60.88311,,,,,,,
91.7882,,,78.12265,60.27663,,,,,,,
91.8187,,,77.82687,59.66988,,,,,,,
91.8491,,,77.53062,59.06219,,,,,,,
91.9101,,,77.44948,57.98925,,,,,,,
91.9406,,,77.66329,57.52307,,,,,,,
91.9711,,,77.8772,57.05668,,,,,,,
92.0015,,,78.09144,56.58956,,,,,,,
92.0625,,,78.14172,55.76863,,,,,,,
92.093,,,77.97864,55.4141,,,,,,,
92.1235,,,77.81551,55.05942,,,,,,,
92.1539,,,77.6521,54.70418,,,,,,,
92.2149,,,77.03073,54.66198,,,,,,,
92.2454,,,76.57304,54.97355,,,,,,,
92.2759,,,76.11514,55.28528,,,,,,,
92.3063,,,75.65652,55.59748,,,,,,,
92.3673,,,75.10932,56.11972,,,,,,,
92.3978,,,75.01971,56.33023,,,,,,,
92.4283,,,74.93006,56.54084,,,,,,,
92.4587,,,74.84026,56.75179,,,,,,,
92.5197,,,74.89449,56.80177,,,,,,,
92.5502,,,75.03812,56.6415,,,,,,,
92.5807,,,75.18211,56.48085,,,,,,,
92.6111,,,75.32574,56.32059,,,,,,,
92.6721,,,75.57072,56.15403,,,,,,,
92.7026,,,75.67221,56.14769,,,,,,,
92.7331,,,75.77353,56.14135,,,,,,,
92.7635,,,75.87481,56.13502,,,,,,,
92.8245,,,76.24744,56.24915,,,,,,,
92.855,,,76.51907,56.36974,,,,,,,
92.8855,,,76.79031,56.49014,,,,,,,
92.9159,,,77.0614,56.61048,,,,,,,
92.9769,,,77.51272,56.68219,,,,,,,
93.0074,,,77.69312,56.63348,,,,,,,
93.0379,,,77.87326,56.58485,,,,,,,
93.0683,,,78.05331,56.53624,,,,,,,
93.1293,,,78.02731,56.5074,,,,,,,
93.1598,,,77.82093,56.5272,,,,,,,
93.1903,,,77.61488,56.54698,,,,,,,
93.2207,,,77.40891,56.56675,,,,,,,
93.2817,,,77.15031,56.72846,,,,,,,
93.3122,,,77.09769,56.87062,,,,,,,
93.3427,,,77.04516,57.01255,,,,,,,
93.3731,,,76.99264,57.15443,,,,,,,
93.4341,,,77.09527,57.63349,,,,,,,
93.4646,,,77.25008,57.96983,,,,,,,
93.4951,,,77.40497,58.3063,,,,,,,
93.5255,,,77.55978,58.64264,,,,,,,
93.5865,,,77.70275,58.64126,,,,,,,
93.617,,,77.69082,58.30404,,,,,,,
93.6475,,,77.67887,57.96666,,,,,,,
93.6779,,,77.66694,57.62944,,,,,,,
93.7389,,,77.79748,57.37627,,,,,,,
93.7694,,,77.93967,57.46047,,,,,,,
93.7999,,,78.08194,57.5447,,,,,,,
93.8303,,,78.22443,57.62907,,,,,,,
93.8913,,,78.66986,57.85678,,,,,,,
93.9218,,,78.97267,58.00012,,,,,,,
93.9523,,,79.27562,58.14353,,,,,,,
93.9827,,,79.57903,58.28715,,,,,,,
94.0437,,,79.26984,58.93778,,,,,,,
94.0742,,,78.6591,59.44433,,,,,,,
94.1047,,,78.04809,59.9511,,,,,,,
94.1351,,,77.43613,60.45866,,,,,,,
94.1961,,,76.01492,60.68137,,,,,,,
94.2266,,,75.20531,60.39827,,,,,,,
94.2571,,,74.39534,60.11506,,,,,,,
94.2875,,,73.58411,59.83139,,,,,,,
94.3485,,,72.99431,59.30433,,,,,,,
94.379,,,73.21343,59.06056,,,,,,,
94.4095,,,73.43266,58.81669,,,,,,,
94.4399,,,73.65222,58.57243,,,,,,,
94.5009,,,74.55138,57.6409,,,,,,,
94.5314,,,75.23067,56.95388,,,,,,,
94.5619,,,75.91161,56.26519,,,,,,,
94.5923,,,76.5909,55.57818,,,,,,,
94.6533,,,77.66516,54.29762,,,,,,,
94.6838,,,78.06063,53.70339,,,,,,,
94.7143,,,78.45549,53.1101,,,,,,,
94.7447,,,78.85017,52.51706,,,,,,,
94.8057,,,78.86231,51.17568,,,,,,,
94.8362,,,78.47935,50.4265,,,,,,,
94.8667,,,78.09698,49.67849,,,,,,,
94.8971,,,77.71478,48.93082,,,,,,,
94.9581,,,77.123,47.32442,,,,,,,
94.9886,,,76.9132,46.46472,,,,,,,
95.0191,,,76.70374,45.60637,,,,,,,
95.0495,,,76.49435,44.74839,,,,,,,
95.1105,,,76.78886,43.53139,,,,,,,
95.141,,,77.29353,43.17213,,,,,,,
95.1715,,,77.79742,42.81342,,,,,,,
95.2019,,,78.30109,42.45487,,,,,,,
95.2629,,,78.94997,41.95284,,,,,,,
95.2934,,,79.09519,41.80929,,,,,,,
95.3239,,,79.24018,41.66596,,,,,,,
95.3543,,,79.38511,41.52271,,,,,,,
95.4153,,,79.64975,41.69576,,,,,,,
95.4458,,,79.7691,42.01144,,,,,,,
95.4763,,,79.8885,42.32727,,,,,,,
95.5067,,,80.00785,42.64296,,,,,,,
95.5677,,,80.71267,43.18063,,,,,,,
95.5982,,,81.29681,43.40191,,,,,,,
95.6287,,,81.88122,43.62328,,,,,,,
95.6591,,,82.46536,43.84456,,,,,,,
95.7201,,,83.24378,44.67731,,,,,,,
95.7506,,,83.43713,45.28739,,,,,,,
95.7811,,,83.63056,45.89774,,,,,,,
95.8115,,,83.8243,46.50905,,,,,,,
95.8725,,,83.12586,48.35548,,,,,,,
95.903,,,82.23583,49.59017,,,,,,,
95.9335,,,81.34542,50.82541,,,,,,,
95.9639,,,80.45361,52.06258,,,,,,,
96.0249,,,78.75578,54.36636,,,,,,,
96.0554,,,77.94862,55.43464,,,,,,,
96.0859,,,77.14111,56.5034,,,,,,,
96.1163,,,76.33232,57.57381,,,,,,,
96.1773,,,76.01946,59.37494,,,,,,,
96.2078,,,76.51256,60.10734,,,,,,,
96.2383,,,77.00587,60.84007,,,,,,,
96.2687,,,77.49995,61.57394,,,,,,,
96.3297,,,77.88219,62.32818,,,,,,,
96.3602,,,77.77171,62.35031,,,,,,,
96.3907,,,77.66096,62.37249,,,,,,,
96.4211,,,77.55047,62.39462,,,,,,,
96.4821,,,76.43322,62.32399,,,,,,,
96.5126,,,75.4276,62.23135,,,,,,,
96.5431,,,74.41951,62.13848,,,,,,,
96.5735,,,73.41389,62.04585,,,,,,,
96.6345,,,72.78236,61.80363,,,,,,,
96.665,,,73.15672,61.6539,,,,,,,
96.6955,,,73.53048,61.5044,,,,,,,
96.7259,,,73.90409,61.35497,,,,,,,
96.7869,,,75.02841,61.05856,,,,,,,
96.8174,,,75.78,60.91142,,,,,,,
96.8479,,,76.5304,60.7645,,,,,,,
96.8783,,,77.28048,60.61766,,,,,,,
96.9393,,,78.17894,59.77428,,,,,,,
96.9698,,,78.32737,59.07685,,,,,,,
97.0003,,,78.47556,58.38052,,,,,,,
97.0307,,,78.6237,57.68449,,,,,,,
97.0917,,,78.93647,55.90519,,,,,,,
97.1222,,,79.1013,54.82056,,,,,,,
97.1527,,,79.26587,53.73764,,,,,,,
97.1831,,,79.43037,52.65519,,,,,,,
97.2441,,,79.60658,50.16033,,,,,,,
97.2746,,,79.61818,48.75182,,,,,,,
97.3051,,,79.62978,47.34269,,,,,,,
97.3355,,,79.64138,45.93418,,,,,,,
97.3965,,,79.60923,43.54944,,,,,,,
97.427,,,79.56558,42.57631,,,,,,,
97.4575,,,79.52192,41.60276,,,,,,,
97.4879,,,79.47826,40.62962,,,,,,,
97.5489,,,79.26099,39.84724,,,,,,,
97.5794,,,79.08776,40.03839,,,,,,,
97.6099,,,78.91445,40.22964,,,,,,,
97.6403,,,78.74122,40.42079,,,,,,,
97.7013,,,78.47284,41.6576,,,,,,,
97.7318,,,78.37804,42.70107,,,,,,,
97.7623,,,78.2832,43.74501,,,,,,,
97.7927,,,78.18822,44.79058,,,,,,,
97.8537,,,78.35089,47.00375,,,,,,,
97.8842,,,78.60784,48.17231,,,,,,,
97.9147,,,78.8649,49.34138,,,,,,,
97.9451,,,79.12236,50.51228,,,,,,,
98.0061,,,79.94763,51.50652,,,,,,,
98.0366,,,80.51523,51.33331,,,,,,,
98.0671,,,81.08308,51.16002,,,,,,,
98.0975,,,81.65182,50.98647,,,,,,,
98.1585,,,82.43819,50.52706,,,,,,,
98.189,,,82.65694,50.24118,,,,,,,
98.2195,,,82.87579,49.95517,,,,,,,
98.2499,,,83.09499,49.66872,,,,,,,
98.3109,,,82.72007,48.88188,,,,,,,
98.3414,,,82.12724,48.38145,,,,,,,
98.3719,,,81.53294,47.87979,,,,,,,
98.4023,,,80.94011,47.37935,,,,,,,
98.4633,,,79.78187,46.62297,,,,,,,
98.4938,,,79.21696,46.36719,,,,,,,
98.5243,,,78.65067,46.11079,,,,,,,
98.5547,,,78.08575,45.85501,,,,,,,
98.6157,,,77.38244,45.6218,,,,,,,
98.6462,,,77.24385,45.64437,,,,,,,
98.6767,,,77.10548,45.6669,,,,,,,
98.7071,,,76.96717,45.68943,,,,,,,
98.7681,,,77.0461,45.49624,,,,,,,
98.7986,,,77.26363,45.28026,,,,,,,
98.8291,,,77.4808,45.06462,,,,,,,
98.8595,,,77.69789,44.84907,,,,,,,
98.9205,,,78.18445,44.96483,,,,,,,
98.951,,,78.45425,45.29664,,,,,,,
98.9815,,,78.72363,45.62794,,,,,,,
99.0119,,,78.99289,45.95909,,,,,,,
99.0729,,,79.33492,46.26912,,,,,,,
99.1034,,,79.4077,46.24783,,,,,,,
99.1339,,,79.48036,46.22657,,,,,,,
99.1643,,,79.553,46.20532,,,,,,,
99.2253,,,79.86253,46.37595,,,,,,,
99.2558,,,80.09885,46.56741,,,,,,,
99.2863,,,80.33528,46.75894,,,,,,,
99.3167,,,80.57159,46.95039,,,,,,,
99.3777,,,81.12795,47.2605,,,,,,,
99.4082,,,81.44714,47.37877,,,,,,,
99.4387,,,81.76646,47.49709,,,,,,,
99.4691,,,82.08563,47.61536,,,,,,,
99.5301,,,82.10834,47.73355,,,,,,,
99.5606,,,81.81217,47.73337,,,,,,,
99.5911,,,81.51588,47.73319,,,,,,,
99.6215,,,81.21913,47.73301,,,,,,,
99.6825,,,80.33752,48.01306,,,,,,,
99.713,,,79.75286,48.29277,,,,,,,
99.7435,,,79.16795,48.57261,,,,,,,
99.7739,,,78.58212,48.85287,,,,,,,
99.8349,,,77.84167,48.98038,,,,,,,
99.8654,,,77.68565,48.82867,,,,,,,
99.8959,,,77.52958,48.67689,,,,,,,
99.9263,,,77.37325,48.52487,,,,,,,
99.9873,,,77.0973,48.10651,,,,,,,
100.0178,,,76.97743,47.84017,,,,,,,
100.0483,,,76.85753,47.57372,,,,,,,
100.0787,,,76.73742,47.30685,,,,,,,
100.1397,,,76.54727,46.54371,,,,,,,
100.1702,,,76.47703,46.04746,,,,,,,
100.2007,,,76.40675,45.551,,,,,,,
100.2311,,,76.33637,45.05375,,,,,,,
100.2921,,,76.51367,43.79707,,,,,,,
100.3226,,,76.7609,43.03739,,,,,,,
100.3531,,,77.00873,42.27586,,,,,,,
100.3835,,,77.25596,41.51619,,,,,,,
100.4445,,,77.82949,40.30122,,,,,,,
100.475,,,78.15549,39.84627,,,,,,,
100.5055,,,78.48228,39.39021,,,,,,,
100.5359,,,78.80829,38.93527,,,,,,,
100.5969,,,78.76055,38.20082,,,,,,,
100.6274,,,78.3864,37.921,,,,,,,
100.6579,,,78.01283,37.64161,,,,,,,
100.6883,,,77.63943,37.36235,,,,,,,
100.7493,,,76.32513,37.27916,,,,,,,
100.7798,,,75.38309,37.47552,,,,,,,
100.8103,,,74.44253,37.67157,,,,,,,
100.8407,,,73.50237,37.86754,,,,,,,
100.9017,,,72.53568,38.28759,,,,,,,
100.9322,,,72.50936,38.51194,,,,,,,
100.9627,,,72.48309,38.73594,,,,,,,
100.9931,,,72.45683,38.95983,,,,,,,
101.0541,,,73.15141,39.52345,,,,,,,
101.0846,,,73.8734,39.8636,,,,,,,
101.1151,,,74.59426,40.20322,,,,,,,
101.1455,,,75.3148,40.54269,,,,,,,
101.2065,,,76.3803,41.35056,,,,,,,
101.237,,,76.72404,41.8177,,,,,,,
101.2675,,,77.06792,42.28505,,,,,,,
101.2979,,,77.41167,42.75218,,,,,,,
101.3589,,,77.82435,43.32079,,,,,,,
101.3894,,,77.89289,43.42169,,,,,,,
101.4199,,,77.96146,43.52263,,,,,,,
101.4503,,,78.03001,43.62354,,,,,,,
101.5113,,,78.6733,43.63361,,,,,,,
101.5418,,,79.24687,43.54288,,,,,,,
101.5723,,,79.8207,43.4521,,,,,,,
101.6027,,,80.39542,43.36118,,,,,,,
101.6637,,,81.4662,43.43799,,,,,,,
101.6942,,,81.96305,43.60515,,,,,,,
101.7247,,,82.46011,43.77238,,,,,,,
101.7551,,,82.95795,43.93988,,,,,,,
101.8161,,,83.11115,44.07347,,,,,,,
101.8466,,,82.76844,44.0401,,,,,,,
101.8771,,,82.42558,44.00671,,,,,,,
101.9075,,,82.08218,43.97327,,,,,,,
101.9685,,,81.19087,44.07188,,,,,,,
101.999,,,80.64288,44.20366,,,,,,,
102.0295,,,80.09464,44.33549,,,,,,,
102.0599,,,79.54554,44.46753,,,,,,,
102.1209,,,78.5136,44.25741,,,,,,,
102.1514,,,78.03005,43.91604,,,,,,,
102.1819,,,77.5463,43.57452,,,,,,,
102.2123,,,77.06178,43.23246,,,,,,,
102.2733,,,76.19054,43.25737,,,,,,,
102.3038,,,75.80316,43.62314,,,,,,,
102.3343,,,75.41483,43.9898,,,,,,,
102.3647,,,75.02746,44.35557,,,,,,,
102.4257,,,74.81353,45.05651,,,,,,,
102.4562,,,74.98711,45.39208,,,,,,,
102.4867,,,75.16041,45.72711,,,,,,,
102.5171,,,75.33363,46.062,,,,,,,
102.5781,,,75.94987,46.57413,,,,,,,
102.6086,,,76.39339,46.75156,,,,,,,
102.6391,,,76.8362,46.92872,,,,,,,
102.6695,,,77.27882,47.1058,,,,,,,
102.7305,,,77.78569,46.7434,,,,,,,
102.761,,,77.84993,46.20318,,,,,,,
102.7915,,,77.91407,45.66381,,,,,,,
102.8219,,,77.97818,45.12467,,,,,,,
102.8829,,,78.35569,43.66237,,,,,,,
102.9134,,,78.66953,42.73805,,,,,,,
102.9439,,,78.98288,41.81517,,,,,,,
102.9743,,,79.2961,40.89269,,,,,,,
103.0353,,,80.4521,39.78033,,,,,,,
103.0658,,,81.2961,39.5906,,,,,,,
103.0963,,,82.13879,39.40117,,,,,,,
103.1267,,,82.98111,39.21183,,,,,,,
103.1877,,,84.06701,39.53521,,,,,,,
103.2182,,,84.3095,40.04694,,,,,,,
103.2487,,,84.55211,40.55889,,,,,,,
103.2791,,,84.79459,41.07062,,,,,,,
103.3401,,,84.78288,43.21041,,,,,,,
103.3706,,,84.529,44.8347,,,,,,,
103.4011,,,84.27501,46.4597,,,,,,,
103.4315,,,84.02113,48.084,,,,,,,
103.4925,,,83.53263,50.62966,,,,,,,
103.523,,,83.2987,51.5477,,,,,,,
103.5535,,,83.06466,52.46613,,,,,,,
103.5839,,,82.83026,53.38601,,,,,,,
103.6449,,,82.47165,55.0012,,,,,,,
103.6754,,,82.34698,55.69795,,,,,,,
103.7059,,,82.22224,56.395,,,,,,,
103.7363,,,82.09733,57.09314,,,,,,,
103.7973,,,81.95546,57.65293,,,,,,,
103.8278,,,81.9382,57.5167,,,,,,,
103.8583,,,81.92094,57.3804,,,,,,,
103.8887,,,81.90366,57.24389,,,,,,,
103.9497,,,81.50359,57.10527,,,,,,,
103.9802,,,81.12133,57.10282,,,,,,,
104.0107,,,80.73888,57.10036,,,,,,,
104.0411,,,80.35585,57.09791,,,,,,,
104.1021,,,80.13456,57.01963,,,,,,,
104.1326,,,80.29517,56.9439,,,,,,,
104.1631,,,80.45618,56.86799,,,,,,,
104.1935,,,80.6168,56.79227,,,,,,,
104.2545,,,81.26009,56.66345,,,,,,,
104.285,,,81.74227,56.6104,,,,,,,
104.3155,,,82.22564,56.55721,,,,,,,
104.3459,,,82.70782,56.50417,,,,,,,
104.4069,,,82.65578,56.87133,,,,,,,
104.4374,,,82.12103,57.29198,,,,,,,
104.4679,,,81.58712,57.71198,,,,,,,
104.4983,,,81.05345,58.13178,,,,,,,
104.5593,,,79.78172,58.70599,,,,,,,
104.5898,,,79.04281,58.86055,,,,,,,
104.6203,,,78.30507,59.01485,,,,,,,
104.6507,,,77.56763,59.1691,,,,,,,
104.7117,,,76.92951,59.64987,,,,,,,
104.7422,,,77.02911,59.97681,,,,,,,
104.7727,,,77.12856,60.30323,,,,,,,
104.8031,,,77.22796,60.62951,,,,,,,
104.8641,,,77.7496,60.8097,,,,,,,
104.8946,,,78.17244,60.66326,,,,,,,
104.9251,,,78.59462,60.51705,,,,,,,
104.9555,,,79.01662,60.3709,,,,,,,
105.0165,,,79.65675,59.86537,,,,,,,
105.047,,,79.87414,59.50691,,,,,,,
105.0775,,,80.09161,59.14828,,,,,,,
105.1079,,,80.30901,58.78982,,,,,,,
105.1689,,,80.21284,58.21886,,,,,,,
105.1994,,,79.89979,58.00709,,,,,,,
105.2299,,,79.58662,57.79522,,,,,,,
105.2603,,,79.27357,57.58344,,,,,,,
105.3213,,,78.64094,57.48261,,,,,,,
105.3518,,,78.32227,57.59351,,,,,,,
105.3823,,,78.00346,57.70446,,,,,,,
105.4127,,,77.68479,57.81536,,,,,,,
105.4737,,,77.85212,58.39743,,,,,,,
105.5042,,,78.33754,58.86763,,,,,,,
105.5347,,,78.82317,59.33804,,,,,,,
105.5651,,,79.30956,59.80918,,,,,,,
105.6261,,,80.08613,59.89978,,,,,,,
105.6566,,,80.37717,59.5212,,,,,,,
105.6871,,,80.66835,59.14247,,,,,,,
105.7175,,,80.95998,58.76314,,,,,,,
105.7785,,,81.19398,58.19334,,,,,,,
105.809,,,81.1372,58.00215,,,,,,,
105.8395,,,81.08039,57.81087,,,,,,,
105.8699,,,81.02351,57.6193,,,,,,,
105.9309,,,80.90563,57.38536,,,,,,,
105.9614,,,80.8446,57.34257,,,,,,,
105.9919,,,80.78352,57.29976,,,,,,,
106.0223,,,80.72237,57.25688,,,,,,,
106.0833,,,80.25659,57.57895,,,,,,,
106.1138,,,79.85233,57.94334,,,,,,,
106.1443,,,79.44707,58.30863,,,,,,,
106.1747,,,79.04281,58.67302,,,,,,,
106.2357,,,78.87946,59.27908,,,,,,,
106.2662,,,79.12004,59.52054,,,,,,,
106.2967,,,79.36121,59.7626,,,,,,,
106.3271,,,79.60179,60.00407,,,,,,,
106.3881,,,80.29819,60.29753,,,,,,,
106.4186,,,80.75452,60.34957,,,,,,,
106.4491,,,81.21012,60.40154,,,,,,,
106.4795,,,81.66553,60.45348,,,,,,,
106.5405,,,81.03938,60.77076,,,,,,,
106.571,,,79.9564,61.03642,,,,,,,
106.6015,,,78.87511,61.30166,,,,,,,
106.6319,,,77.7943,61.56679,,,,,,,
106.6929,,,75.86151,61.57004,,,,,,,
106.7234,,,75.00865,61.30771,,,,,,,
106.7539,,,74.15714,61.0458,,,,,,,
106.7843,,,73.30598,60.78399,,,,,,,
106.8453,,,73.11765,60.40131,,,,,,,
106.8758,,,73.7819,60.28035,,,,,,,
106.9063,,,74.44511,60.15958,,,,,,,
106.9367,,,75.10802,60.03886,,,,,,,
106.9977,,,76.31477,59.62273,,,,,,,
107.0282,,,76.85697,59.32805,,,,,,,
107.0587,,,77.39941,59.03324,,,,,,,
107.0891,,,77.94161,58.73857,,,,,,,
107.1501,,,78.60468,58.76502,,,,,,,
107.1806,,,78.72488,59.08569,,,,,,,
107.2111,,,78.84514,59.40651,,,,,,,
107.2415,,,78.96534,59.72718,,,,,,,
107.3025,,,78.70794,60.21879,,,,,,,
107.333,,,78.33096,60.38909,,,,,,,
107.3635,,,77.95381,60.55946,,,,,,,
107.3939,,,77.57607,60.7301,,,,,,,
107.4549,,,76.71212,61.50754,,,,,,,
107.4854,,,76.22567,62.11374,,,,,,,
107.5159,,,75.73901,62.72021,,,,,,,
107.5463,,,75.25159,63.32763,,,,,,,
107.6073,,,75.08676,64.13257,,,,,,,
107.6378,,,75.40748,64.33145,,,,,,,
107.6683,,,75.72833,64.53042,,,,,,,
107.6987,,,76.0497,64.72971,,,,,,,
107.7597,,,76.70831,64.88843,,,,,,,
107.7902,,,77.04591,64.84846,,,,,,,
107.8207,,,77.38365,64.80847,,,,,,,
107.8511,,,77.72192,64.76843,,,,,,,
107.9121,,,78.14848,64.11933,,,,,,,
107.9426,,,78.23749,63.51101,,,,,,,
107.9731,,,78.32654,62.9024,,,,,,,
108.0035,,,78.41572,62.29285,,,,,,,
108.0645,,,78.61961,61.19022,,,,,,,
108.095,,,78.73439,60.69631,,,,,,,
108.1255,,,78.84946,60.2012,,,,,,,
108.1559,,,78.96423,59.70729,,,,,,,
108.2169,,,79.06965,59.02275,,,,,,,
108.2474,,,79.06031,58.83224,,,,,,,
108.2779,,,79.05094,58.64127,,,,,,,
108.3083,,,79.0416,58.45076,,,,,,,
108.3693,,,78.58836,58.62745,,,,,,,
108.3998,,,78.14396,58.99506,,,,,,,
108.4303,,,77.70026,59.36211,,,,,,,
108.4607,,,77.25674,59.729,,,,,,,
108.5217,,,76.52869,60.27777,,,,,,,
108.5522,,,76.24386,60.45984,,,,,,,
108.5827,,,75.95947,60.64161,,,,,,,
108.6131,,,75.6752,60.82331,,,,,,,
108.6741,,,75.94085,61.86378,,,,,,,
108.7046,,,76.49165,62.72374,,,,,,,
108.7351,,,77.04159,63.58237,,,,,,,
108.7655,,,77.59129,64.44061,,,,,,,
108.8265,,,78.46296,65.34753,,,,,,,
108.857,,,78.78517,65.39585,,,,,,,
108.8875,,,79.10689,65.44411,,,,,,,
108.9179,,,79.42845,65.49233,,,,,,,
108.9789,,,79.74236,65.3663,,,,,,,
109.0094,,,79.73453,65.19241,,,,,,,
109.0399,,,79.72668,65.01843,,,,,,,
109.0703,,,79.71884,64.84453,,,,,,,
109.1313,,,79.87877,64.02121,,,,,,,
109.1618,,,80.0462,63.37328,,,,,,,
109.1923,,,80.21371,62.72505,,,,,,,
109.2227,,,80.38114,62.07712,,,,,,,
109.2837,,,80.51846,60.96254,,,,,,,
109.3142,,,80.48825,60.49741,,,,,,,
109.3447,,,80.45803,60.03208,,,,,,,
109.3751,,,80.42776,59.56602,,,,,,,
109.4361,,,79.92185,59.1277,,,,,,,
109.4666,,,79.44697,59.15405,,,,,,,
109.4971,,,78.97187,59.1804,,,,,,,
109.5275,,,78.49603,59.20681,,,,,,,
109.5885,,,77.78705,59.05256,,,,,,,
109.619,,,77.55299,58.87226,,,,,,,
109.6495,,,77.31882,58.69189,,,,,,,
109.6799,,,77.08428,58.51124,,,,,,,
109.7409,,,76.92193,58.50184,,,,,,,
109.7714,,,76.9934,58.67238,,,,,,,
109.8019,,,77.0649,58.84299,,,,,,,
109.8323,,,77.13652,59.01387,,,,,,,
109.8933,,,77.06319,59.12829,,,,,,,
109.9238,,,76.91861,59.07232,,,,,,,
109.9543,,,76.77396,59.01632,,,,,,,
109.9847,,,76.62909,58.96023,,,,,,,
110.0457,,,76.53813,59.00211,,,,,,,
110.0762,,,76.59167,59.09984,,,,,,,
110.1067,,,76.64534,59.19781,,,,,,,
110.1371,,,76.69888,59.29554,,,,,,,
110.1981,,,76.83365,59.46692,,,,,,,
110.2286,,,76.91497,59.54065,,,,,,,
110.2591,,,76.99617,59.61426,,,,,,,
110.2895,,,77.07732,59.68785,,,,,,,
110.3505,,,76.97318,59.73056,,,,,,,
110.381,,,76.78764,59.69965,,,,,,,
110.4115,,,76.60239,59.66879,,,,,,,
110.4419,,,76.41722,59.63793,,,,,,,
110.5029,,,75.86451,59.32515,,,,,,,
110.5334,,,75.49651,59.04285,,,,,,,
110.5639,,,75.12908,58.76099,,,,,,,
110.5943,,,74.76182,58.47924,,,,,,,
110.6553,,,74.30332,57.76308,,,,,,,
110.6858,,,74.21209,57.32812,,,,,,,
110.7163,,,74.12101,56.89383,,,,,,,
110.7467,,,74.02996,56.45974,,,,,,,
110.8077,,,74.44133,56.23831,,,,,,,
110.8382,,,74.94463,56.45157,,,,,,,
110.8687,,,75.44716,56.6645,,,,,,,
110.8991,,,75.94946,56.87734,,,,,,,
110.9601,,,76.69736,57.85952,,,,,,,
110.9906,,,76.94206,58.62705,,,,,,,
111.0211,,,77.18687,59.39491,,,,,,,
111.0515,,,77.43157,60.16244,,,,,,,
111.1125,,,77.47886,61.19075,,,,,,,
111.143,,,77.28162,61.45035,,,,,,,
111.1735,,,77.0843,61.71006,,,,,,,
111.2039,,,76.88705,61.96966,,,,,,,
111.2649,,,76.91798,62.00043,,,,,,,
111.2954,,,77.1459,61.77175,,,,,,,
111.3259,,,77.37393,61.54297,,,,,,,
111.3563,,,77.60232,61.31384,,,,,,,
111.4173,,,78.10483,60.58805,,,,,,,
111.4478,,,78.37914,60.09159,,,,,,,
111.4783,,,78.65356,59.59492,,,,,,,
111.5087,,,78.92841,59.09747,,,,,,,
111.5697,,,78.82275,58.5176,,,,,,,
111.6002,,,78.44355,58.43399,,,,,,,
111.6307,,,78.06419,58.35034,,,,,,,
111.6611,,,77.68423,58.26656,,,,,,,
111.7221,,,76.69687,58.30656,,,,,,,
111.7526,,,76.08937,58.42997,,,,,,,
111.7831,,,75.48161,58.55343,,,,,,,
111.8135,,,74.87289,58.67709,,,,,,,
111.8745,,,73.99911,59.0144,,,,,,,
111.905,,,73.73296,59.22809,,,,,,,
111.9355,,,73.46616,59.44231,,,,,,,
111.9659,,,73.2,59.65601,,,,,,,
112.0269,,,73.4195,59.9598,,,,,,,
112.0574,,,73.90459,60.04985,,,,,,,
112.0879,,,74.39085,60.14012,,,,,,,
112.1183,,,74.87593,60.23016,,,,,,,
112.1793,,,75.79601,59.97014,,,,,,,
112.2098,,,76.23148,59.61969,,,,,,,
112.2403,,,76.66629,59.26978,,,,,,,
112.2707,,,77.10089,58.92004,,,,,,,
112.3317,,,77.01889,58.12591,,,,,,,
112.3622,,,76.50157,57.68103,,,,,,,
112.3927,,,75.98506,57.23684,,,,,,,
112.4231,,,75.46878,56.79285,,,,,,,
112.4841,,,74.78892,56.1816,,,,,,,
112.5146,,,74.62525,56.01423,,,,,,,
112.5451,,,74.46183,55.84712,,,,,,,
112.5755,,,74.29849,55.68009,,,,,,,
112.6365,,,74.8979,56.05443,,,,,,,
112.667,,,75.66192,56.59673,,,,,,,
112.6975,,,76.42474,57.13817,,,,,,,
112.7279,,,77.18723,57.67938,,,,,,,
112.7889,,,79.0931,58.32962,,,,,,,
112.8194,,,80.23343,58.43808,,,,,,,
112.8499,,,81.37425,58.54658,,,,,,,
112.8803,,,82.51458,58.65504,,,,,,,
112.9413,,,84.56374,59.08541,,,,,,,
112.9718,,,85.4698,59.40655,,,,,,,
113.0023,,,86.37624,59.72783,,,,,,,
113.0327,,,87.2823,60.04897,,,,,,,
113.0937,,,88.05695,60.24702,,,,,,,
113.1242,,,87.92497,60.12389,,,,,,,
113.1547,,,87.79295,60.00069,,,,,,,
113.1851,,,87.66099,59.87755,,,,,,,
113.2461,,,87.13942,59.9654,,,,,,,
113.2766,,,86.75067,60.17614,,,,,,,
113.3071,,,86.36175,60.38697,,,,,,,
113.3375,,,85.97222,60.59813,,,,,,,
113.3985,,,84.67076,61.00816,,,,,,,
113.429,,,83.75925,61.20728,,,,,,,
113.4595,,,82.84734,61.40648,,,,,,,
113.4899,,,81.93401,61.606,,,,,,,
113.5509,,,79.8848,61.75975,,,,,,,
113.5814,,,78.74822,61.71458,,,,,,,
113.6119,,,77.61115,61.66938,,,,,,,
113.6423,,,76.4723,61.62412,,,,,,,
113.7033,,,75.51039,61.94572,,,,,,,
113.7338,,,75.68431,62.312,,,,,,,
113.7643,,,75.8583,62.67843,,,,,,,
113.7947,,,76.03256,63.04544,,,,,,,
113.8557,,,76.36928,63.43958,,,,,,,
113.8862,,,76.53194,63.46753,,,,,,,
113.9167,,,76.69498,63.49555,,,,,,,
113.9471,,,76.85765,63.52349,,,,,,,
114.0081,,,76.63114,64.07578,,,,,,,
114.0386,,,76.24239,64.59956,,,,,,,
114.0691,,,75.8527,65.12463,,,,,,,
114.0995,,,75.46394,65.64843,,,,,,,
114.1605,,,75.45199,65.87783,,,,,,,
114.191,,,75.82922,65.58309,,,,,,,
114.2215,,,76.20586,65.28883,,,,,,,
114.2519,,,76.58233,64.99467,,,,,,,
114.3129,,,77.2322,64.52975,,,,,,,
114.3434,,,77.50589,64.35881,,,,,,,
114.3739,,,77.77916,64.18812,,,,,,,
114.4043,,,78.0523,64.01751,,,,,,,
114.4653,,,77.74141,63.30432,,,,,,,
114.4958,,,77.15644,62.76101,,,,,,,
114.5263,,,76.57238,62.21856,,,,,,,
114.5567,,,75.98858,61.67633,,,,,,,
114.6177,,,75.38267,61.05266,,,,,,,
114.6482,,,75.3608,60.97134,,,,,,,
114.6787,,,75.33896,60.89016,,,,,,,
114.7091,,,75.31714,60.809,,,,,,,
114.7701,,,75.90434,60.95567,,,,,,,
114.8006,,,76.512,61.18303,,,,,,,
114.8311,,,77.11995,61.41048,,,,,,,
114.8615,,,77.72762,61.63784,,,,,,,
114.9225,,,78.64674,62.1727,,,,,,,
114.953,,,78.95705,62.47937,,,,,,,
114.9835,,,79.26751,62.78618,,,,,,,
115.0139,,,79.57782,63.09285,,,,,,,
115.0749,,,79.65063,63.7419,,,,,,,
115.1054,,,79.4133,64.08333,,,,,,,
115.1359,,,79.17586,64.4249,,,,,,,
115.1663,,,78.93804,64.76701,,,,,,,
115.2273,,,78.27083,65.01845,,,,,,,
115.2578,,,77.84149,64.92892,,,,,,,
115.2883,,,77.41199,64.83934,,,,,,,
115.3187,,,76.9818,64.74963,,,,,,,
115.3797,,,76.4855,64.4389,,,,,,,
115.4102,,,76.41832,64.21799,,,,,,,
115.4407,,,76.3511,63.99698,,,,,,,
115.4711,,,76.28379,63.77562,,,,,,,
115.5321,,,76.42599,63.00201,,,,,,,
115.5626,,,76.63503,62.45,,,,,,,
115.5931,,,76.84415,61.89774,,,,,,,
115.6235,,,77.05361,61.34461,,,,,,,
115.6845,,,77.32095,60.77079,,,,,,,
115.715,,,77.37926,60.74879,,,,,,,
115.7455,,,77.4376,60.72679,,,,,,,
115.7759,,,77.49603,60.70474,,,,,,,
115.8369,,,77.20201,60.60545,,,,,,,
115.8674,,,76.85009,60.52822,,,,,,,
115.8979,,,76.49731,60.45082,,,,,,,
115.9283,,,76.14539,60.3736,,,,,,,
115.9893,,,75.88039,60.42207,,,,,,,
116.0198,,,75.96717,60.54763,,,,,,,
116.0503,,,76.05418,60.67351,,,,,,,
116.0807,,,76.14095,60.79907,,,,,,,
116.1417,,,76.82653,60.79662,,,,,,,
116.1722,,,77.42602,60.66844,,,,,,,
116.2027,,,78.02459,60.54046,,,,,,,
116.2331,,,78.62288,60.41254,,,,,,,
116.2941,,,79.1563,60.67178,,,,,,,
116.3246,,,79.09121,61.05949,,,,,,,
116.3551,,,79.02621,61.44659,,,,,,,
116.3855,,,78.96125,61.83352,,,,,,,
116.4465,,,78.6982,62.41275,,,,,,,
116.477,,,78.49986,62.60519,,,,,,,
116.5075,,,78.30182,62.79733,,,,,,,
116.5379,,,78.10387,62.98939,,,,,,,
116.5989,,,78.2118,63.37476,,,,,,,
116.6294,,,78.5183,63.56829,,,,,,,
116.6599,,,78.8243,63.76152,,,,,,,
116.6903,,,79.13019,63.95467,,,,,,,
116.7513,,,79.32248,63.86054,,,,,,,
116.7818,,,79.20892,63.57376,,,,,,,
116.8123,,,79.09532,63.28685,,,,,,,
116.8427,,,78.98177,63.00007,,,,,,,
116.9037,,,78.36581,62.40275,,,,,,,
116.9342,,,77.86454,62.09307,,,,,,,
116.9647,,,77.36304,61.78327,,,,,,,
116.9951,,,76.86176,61.4736,,,,,,,
117.0561,,,76.49937,60.60789,,,,,,,
117.0866,,,76.6385,60.05321,,,,,,,
117.1171,,,76.77769,59.49828,,,,,,,
117.1475,,,76.91711,58.94249,,,,,,,
117.2085,,,77.39395,58.46863,,,,,,,
117.239,,,77.73121,58.54886,,,,,,,
117.2695,,,78.0686,58.62912,,,,,,,
117.2999,,,78.40654,58.7095,,,,,,,
117.3609,,,78.49526,58.9464,,,,,,,
117.3914,,,78.24735,59.10289,,,,,,,
117.4219,,,77.99934,59.25943,,,,,,,
117.4523,,,77.75093,59.41623,,,,,,,
117.5133,,,77.24737,59.75126,,,,,,,
117.5438,,,76.99196,59.92963,,,,,,,
117.5743,,,76.73643,60.10809,,,,,,,
117.6047,,,76.48051,60.28682,,,,,,,
117.6657,,,76.29586,60.19444,,,,,,,
117.6962,,,76.36645,59.92408,,,,,,,
117.7267,,,76.43707,59.6536,,,,,,,
117.7571,,,76.5078,59.38271,,,,,,,
117.8181,,,76.52068,59.09811,,,,,,,
117.8486,,,76.46305,59.08384,,,,,,,
117.8791,,,76.40528,59.06953,,,,,,,
117.9095,,,76.34765,59.05527,,,,,,,
117.9705,,,76.27057,59.19358,,,,,,,
118.001,,,76.25109,59.34634,,,,,,,
118.0315,,,76.23164,59.49886,,,,,,,
118.0619,,,76.2122,59.6513,,,,,,,
118.1229,,,76.22348,60.16746,,,,,,,
118.1534,,,76.25424,60.5316,,,,,,,
118.1839,,,76.28494,60.89517,,,,,,,
118.2143,,,76.31564,61.25858,,,,,,,
118.2753,,,76.12864,61.6361,,,,,,,
118.3058,,,75.91064,61.65012,,,,,,,
118.3363,,,75.69298,61.66413,,,,,,,
118.3667,,,75.47541,61.67813,,,,,,,
118.4277,,,74.90977,61.79856,,,,,,,
118.4582,,,74.56125,61.90517,,,,,,,
118.4887,,,74.21327,62.01161,,,,,,,
118.5191,,,73.86545,62.118,,,,,,,
118.5801,,,73.57131,61.98516,,,,,,,
118.6106,,,73.62531,61.74547,,,,,,,
118.6411,,,73.6792,61.50615,,,,,,,
118.6715,,,73.73309,61.26693,,,,,,,
118.7325,,,74.45339,61.2384,,,,,,,
118.763,,,75.11835,61.44882,,,,,,,
118.7935,,,75.7836,61.65933,,,,,,,
118.8239,,,76.44857,61.86975,,,,,,,
118.8849,,,77.20074,61.9964,,,,,,,
118.9154,,,77.28719,61.9126,,,,,,,
118.9459,,,77.37366,61.82876,,,,,,,
118.9763,,,77.46011,61.74496,,,,,,,
119.0373,,,77.35329,61.84426,,,,,,,
119.0678,,,77.16028,62.02712,,,,,,,
119.0983,,,76.96719,62.21005,,,,,,,
119.1287,,,76.77379,62.39328,,,,,,,
119.1897,,,77.13463,62.27482,,,,,,,
119.2202,,,77.68739,61.97416,,,,,,,
119.2507,,,78.24041,61.67337,,,,,,,
119.2811,,,78.79429,61.3721,,,,,,,
119.3421,,,79.81049,60.55815,,,,,,,
119.3726,,,80.27358,60.04544,,,,,,,
119.4031,,,80.73687,59.53251,,,,,,,
119.4335,,,81.20088,59.01877,,,,,,,
119.4945,,,80.82494,58.08308,,,,,,,
119.525,,,79.98726,57.66043,,,,,,,
119.5555,,,79.1492,57.23759,,,,,,,
119.5859,,,78.30984,56.8141,,,,,,,
119.6469,,,76.40531,56.16248,,,,,,,
119.6774,,,75.33946,55.93365,,,,,,,
119.7079,,,74.27101,55.70426,,,,,,,
119.7383,,,73.20516,55.47543,,,,,,,
119.7993,,,72.38062,55.33044,,,,,,,
119.8298,,,72.62151,55.41416,,,,,,,
119.8603,,,72.86298,55.49809,,,,,,,
119.8907,,,73.10387,55.5818,,,,,,,
119.9517,,,73.87057,55.89044,,,,,,,
119.9822,,,74.39697,56.11562,,,,,,,
120.0127,,,74.92256,56.34045,,,,,,,
120.0431,,,75.44791,56.56517,,,,,,,
120.1041,,,76.24911,57.00159,,,,,,,
120.1346,,,76.52524,57.21351,,,,,,,
120.1651,,,76.80092,57.42509,,,,,,,
120.1955,,,77.07649,57.63659,,,,,,,
120.2565,,,77.50108,58.38518,,,,,,,
120.287,,,77.65022,58.92298,,,,,,,
120.3175,,,77.79913,59.45995,,,,,,,
120.3479,,,77.94798,59.99667,,,,,,,
120.4089,,,77.85808,60.32586,,,,,,,
120.4394,,,77.61886,60.11774,,,,,,,
120.4699,,,77.38001,59.90995,,,,,,,
120.5003,,,77.14127,59.70224,,,,,,,
120.5613,,,76.42694,59.16442,,,,,,,
120.5918,,,75.95257,58.83517,,,,,,,
120.6223,,,75.47799,58.50578,,,,,,,
120.6527,,,75.00362,58.17654,,,,,,,
120.7137,,,74.75563,57.57677,,,,,,,
120.7442,,,74.98193,57.30708,,,,,,,
120.7747,,,75.20831,57.03726,,,,,,,
120.8051,,,75.43461,56.76756,,,,,,,
120.8661,,,76.52949,56.75702,,,,,,,
120.8966,,,77.39619,57.01591,,,,,,,
120.9271,,,78.26327,57.27493,,,,,,,
120.9575,,,79.12997,57.53382,,,,,,,
121.0185,,,80.23743,58.31124,,,,,,,
121.049,,,80.47682,58.82856,,,,,,,
121.0795,,,80.71632,59.3461,,,,,,,
121.1099,,,80.95619,59.86446,,,,,,,
121.1709,,,80.70424,60.69435,,,,,,,
121.2014,,,80.21387,61.00681,,,,,,,
121.2319,,,79.72329,61.3194,,,,,,,
121.2623,,,79.23194,61.63249,,,,,,,
121.3233,,,78.24805,62.28113,,,,,,,
121.3538,,,77.75495,62.617,,,,,,,
121.3843,,,77.26163,62.95301,,,,,,,
121.4147,,,76.76756,63.28956,,,,,,,
121.4757,,,76.40442,63.92929,,,,,,,
121.5062,,,76.534,64.23291,,,,,,,
121.5367,,,76.66364,64.53665,,,,,,,
121.5671,,,76.79348,64.84087,,,,,,,
121.6281,,,77.25538,65.20319,,,,,,,
121.6586,,,77.58734,65.26192,,,,,,,
121.6891,,,77.92012,65.32079,,,,,,,
121.7195,,,78.25208,65.37952,,,,,,,
121.7805,,,78.65963,65.42762,,,,,,,
121.811,,,78.73517,65.41702,,,,,,,
121.8415,,,78.81087,65.40639,,,,,,,
121.8719,,,78.88641,65.39578,,,,,,,
121.9329,,,78.76964,65.42097,,,,,,,
121.9634,,,78.5771,65.45683,,,,,,,
121.9939,,,78.38486,65.49261,,,,,,,
122.0243,,,78.1927,65.5284,,,,,,,
122.0853,,,77.81777,65.45431,,,,,,,
122.1158,,,77.6348,65.3443,,,,,,,
122.1463,,,77.45211,65.23444,,,,,,,
122.1767,,,77.2695,65.12465,,,,,,,
122.2377,,,77.31323,65.01482,,,,,,,
122.2682,,,77.53998,65.01483,,,,,,,
122.2987,,,77.76637,65.01485,,,,,,,
122.3291,,,77.99266,65.01485,,,,,,,
122.3901,,,78.74223,64.7535,,,,,,,
122.4206,,,79.26624,64.49171,,,,,,,
122.4511,,,79.78943,64.23034,,,,,,,
122.4815,,,80.3124,63.96907,,,,,,,
122.5425,,,81.26408,64.07327,,,,,,,
122.573,,,81.6915,64.4381,,,,,,,
122.6035,,,82.11911,64.80309,,,,,,,
122.6339,,,82.54652,65.16793,,,,,,,
122.6949,,,82.96467,65.40697,,,,,,,
122.7254,,,82.95505,65.28114,,,,,,,
122.7559,,,82.94543,65.15527,,,,,,,
122.7863,,,82.93581,65.02943,,,,,,,
122.8473,,,82.7654,64.80938,,,,,,,
122.8778,,,82.60492,64.71547,,,,,,,
122.9083,,,82.44437,64.62151,,,,,,,
122.9387,,,82.2839,64.5276,,,,,,,
122.9997,,,82.06741,64.04626,,,,,,,
123.0302,,,82.0117,63.65963,,,,,,,
123.0607,,,81.95595,63.27281,,,,,,,
123.0911,,,81.90012,62.8854,,,,,,,
123.1521,,,81.74439,62.71216,,,,,,,
123.1826,,,81.64452,62.92497,,,,,,,
123.2131,,,81.54459,63.13787,,,,,,,
123.2435,,,81.44451,63.3511,,,,,,,
123.3045,,,80.79882,63.70082,,,,,,,
123.335,,,80.25372,63.83765,,,,,,,
123.3655,,,79.70838,63.97454,,,,,,,
123.3959,,,79.16219,64.11164,,,,,,,
123.4569,,,78.1661,64.16586,,,,,,,
123.4874,,,77.71545,64.08339,,,,,,,
123.5179,,,77.26463,64.00089,,,,,,,
123.5483,,,76.81308,63.91826,,,,,,,
123.6093,,,76.71501,63.7887,,,,,,,
123.6398,,,77.0671,63.74164,,,,,,,
123.6703,,,77.42005,63.69446,,,,,,,
123.7007,,,77.77214,63.6474,,,,,,,
123.7617,,,78.64967,63.45105,,,,,,,
123.7922,,,79.17465,63.30189,,,,,,,
123.8227,,,79.70092,63.15236,,,,,,,
123.8531,,,80.2259,63.0032,,,,,,,
123.9141,,,81.14527,62.86341,,,,,,,
123.9446,,,81.54009,62.8728,,,,,,,
123.9751,,,81.9343,62.88217,,,,,,,
124.0055,,,82.32833,62.89153,,,,,,,
124.0665,,,82.71854,62.72167,,,,,,,
124.097,,,82.71461,62.54219,,,,,,,
124.1275,,,82.71069,62.363,,,,,,,
124.1579,,,82.70676,62.18388,,,,,,,
124.2189,,,82.354,61.89516,,,,,,,
124.2494,,,82.00462,61.78547,,,,,,,
124.2799,,,81.65578,61.67595,,,,,,,
124.3103,,,81.30711,61.56647,,,,,,,
124.3713,,,80.98791,61.51256,,,,,,,
124.4018,,,81.01763,61.56827,,,,,,,
124.4323,,,81.04731,61.6239,,,,,,,
124.4627,,,81.07698,61.6795,,,,,,,
124.5237,,,81.14751,61.4926,,,,,,,
124.5542,,,81.18826,61.25057,,,,,,,
124.5847,,,81.22903,61.00843,,,,,,,
124.6151,,,81.26978,60.76641,,,,,,,
124.6761,,,81.02406,60.46822,,,,,,,
124.7066,,,80.73813,60.41239,,,,,,,
124.7371,,,80.45206,60.35654,,,,,,,
124.7675,,,80.16614,60.3007,,,,,,,
124.8285,,,79.43971,60.39024,,,,,,,
124.859,,,79.00032,60.53539,,,,,,,
124.8895,,,78.56074,60.6806,,,,,,,
124.9199,,,78.12048,60.82605,,,,,,,
124.9809,,,77.52893,60.86581,,,,,,,
125.0114,,,77.37667,60.76071,,,,,,,
125.0419,,,77.22434,60.65556,,,,,,,
125.0723,,,77.07178,60.55025,,,,,,,
125.1333,,,77.04324,60.37721,,,,,,,
125.1638,,,77.16669,60.30931,,,,,,,
125.1943,,,77.29019,60.24137,,,,,,,
125.2247,,,77.41388,60.17334,,,,,,,
125.2857,,,77.49561,59.72518,,,,,,,
125.3162,,,77.454,59.34541,,,,,,,
125.3467,,,77.41238,58.96548,,,,,,,
125.3771,,,77.3707,58.58496,,,,,,,
125.4381,,,77.69715,58.86841,,,,,,,
125.4686,,,78.06476,59.53072,,,,,,,
125.4991,,,78.43253,60.19331,,,,,,,
125.5295,,,78.80087,60.85693,,,,,,,
125.5905,,,79.40054,61.94151,,,,,,,
125.621,,,79.63242,62.36345,,,,,,,
125.6515,,,79.86488,62.78642,,,,,,,
125.6819,,,80.09676,63.20837,,,,,,,
125.7429,,,80.05286,63.78465,,,,,,,
125.7734,,,79.77677,63.93917,,,,,,,
125.8039,,,79.50112,64.09344,,,,,,,
125.8343,,,79.22559,64.24767,,,,,,,
125.8953,,,79.38204,63.90451,,,,,,,
125.9258,,,79.81461,63.4065,,,,,,,
125.9563,,,80.24653,62.90926,,,,,,,
125.9867,,,80.67824,62.41224,,,,,,,
126.0477,,,81.68044,61.78182,,,,,,,
126.0782,,,82.2516,61.64839,,,,,,,
126.1087,,,82.82188,61.51516,,,,,,,
126.1391,,,83.3919,61.38199,,,,,,,
126.2001,,,83.7792,61.1385,,,,,,,
126.2306,,,83.59592,61.02807,,,,,,,
126.2611,,,83.41292,60.91782,,,,,,,
126.2915,,,83.23001,60.80761,,,,,,,
126.3525,,,82.68474,60.68038,,,,,,,
126.383,,,82.32187,60.6634,,,,,,,
126.4135,,,81.95956,60.64645,,,,,,,
126.4439,,,81.59741,60.62951,,,,,,,
126.5049,,,80.68549,60.43239,,,,,,,
126.5354,,,80.13715,60.2526,,,,,,,
126.5659,,,79.58857,60.07273,,,,,,,
126.5963,,,79.04023,59.89294,,,,,,,
126.6573,,,77.92384,59.16562,,,,,,,
126.6878,,,77.35739,58.61933,,,,,,,
126.7183,,,76.7907,58.07279,,,,,,,
126.7487,,,76.22425,57.52649,,,,,,,
126.8097,,,75.73026,56.54605,,,,,,,
126.8402,,,75.8032,56.11328,,,,,,,
126.8707,,,75.87617,55.68032,,,,,,,
126.9011,,,75.94926,55.24667,,,,,,,
126.9621,,,75.91097,54.70311,,,,,,,
126.9926,,,75.79997,54.59217,,,,,,,
127.0231,,,75.68892,54.48118,,,,,,,
127.0535,,,75.57771,54.37002,,,,,,,
127.1145,,,74.94068,54.57986,,,,,,,
127.145,,,74.41537,54.90011,,,,,,,
127.1755,,,73.88982,55.22051,,,,,,,
127.2059,,,73.36345,55.5414,,,,,,,
127.2669,,,73.39151,56.50977,,,,,,,
127.2974,,,73.94394,57.15717,,,,,,,
127.3279,,,74.4966,57.80486,,,,,,,
127.3583,,,75.05014,58.45355,,,,,,,
127.4193,,,76.43611,59.39708,,,,,,,
127.4498,,,77.26884,59.69303,,,,,,,
127.4803,,,78.10362,59.98971,,,,,,,
127.5107,,,78.93636,60.28567,,,,,,,
127.5717,,,79.66045,60.6725,,,,,,,
127.6022,,,79.55202,60.76331,,,,,,,
127.6327,,,79.44331,60.85436,,,,,,,
127.6631,,,79.33487,60.94518,,,,,,,
127.7241,,,78.98717,60.73787,,,,,,,
127.7546,,,78.74765,60.43941,,,,,,,
127.7851,,,78.5085,60.14141,,,,,,,
127.8155,,,78.26945,59.84354,,,,,,,
127.8765,,,78.05663,59.21565,,,,,,,
127.907,,,78.08294,58.88526,,,,,,,
127.9375,,,78.10921,58.55539,,,,,,,
127.9679,,,78.13548,58.22566,,,,,,,
128.0289,,,78.31936,57.91052,,,,,,,
128.0594,,,78.47722,57.92524,,,,,,,
128.0899,,,78.63484,57.93995,,,,,,,
128.1203,,,78.79239,57.95465,,,,,,,
128.1813,,,79.14889,58.07965,,,,,,,
128.2118,,,79.34809,58.19014,,,,,,,
128.2423,,,79.54699,58.30045,,,,,,,
128.2727,,,79.7458,58.41071,,,,,,,
128.3337,,,80.02421,59.07241,,,,,,,
128.3642,,,80.10382,59.62476,,,,,,,
128.3947,,,80.18331,60.17624,,,,,,,
128.4251,,,80.26276,60.72749,,,,,,,
128.4861,,,80.15537,61.97753,,,,,,,
128.5166,,,79.96884,62.67444,,,,,,,
128.5471,,,79.78223,63.37165,,,,,,,
128.5775,,,79.5957,64.06857,,,,,,,
128.6385,,,79.0043,64.52238,,,,,,,
128.669,,,78.60038,64.27904,,,,,,,
128.6995,,,78.19628,64.03561,,,,,,,
128.7299,,,77.79236,63.79227,,,,,,,
128.7909,,,77.14902,63.44722,,,,,,,
128.8214,,,76.91049,63.34597,,,,,,,
128.8519,,,76.67186,63.24466,,,,,,,
128.8823,,,76.43285,63.1432,,,,,,,
128.9433,,,76.54985,62.52757,,,,,,,
128.9738,,,76.90466,62.01395,,,,,,,
129.0043,,,77.25964,61.50011,,,,,,,
129.0347,,,77.61517,60.98546,,,,,,,
129.0957,,,77.8443,60.71308,,,,,,,
129.1262,,,77.71898,60.9537,,,,,,,
129.1567,,,77.59361,61.19442,,,,,,,
129.1871,,,77.46803,61.43553,,,,,,,
129.2481,,,76.62813,61.58286,,,,,,,
129.2786,,,75.91441,61.48978,,,,,,,
129.3091,,,75.20036,61.39666,,,,,,,
129.3395,,,74.48521,61.3034,,,,,,,
129.4005,,,74.05055,61.5007,,,,,,,
129.431,,,74.32915,61.79074,,,,,,,
129.4615,,,74.60844,62.08149,,,,,,,
129.4919,,,74.88705,62.37153,,,,,,,
129.5529,,,75.99779,62.63177,,,,,,,
129.5834,,,76.82916,62.60202,,,,,,,
129.6139,,,77.66256,62.5722,,,,,,,
129.6443,,,78.49393,62.54244,,,,,,,
129.7053,,,79.35166,62.43263,,,,,,,
129.7358,,,79.37797,62.35248,,,,,,,
129.7663,,,79.40424,62.27246,,,,,,,
129.7967,,,79.4305,62.19247,,,,,,,
129.8577,,,78.91832,61.69102,,,,,,,
129.8882,,,78.37913,61.269,,,,,,,
129.9187,,,77.84079,60.84764,,,,,,,
129.9491,,,77.30268,60.42646,,,,,,,
130.0101,,,76.56375,59.86357,,,,,,,
130.0406,,,76.36284,59.72182,,,,,,,
130.0711,,,76.16223,59.58028,,,,,,,
130.1015,,,75.96172,59.43881,,,,,,,
130.1625,,,75.72579,59.05125,,,,,,,
130.193,,,75.69042,58.80484,,,,,,,
130.2235,,,75.65512,58.5588,,,,,,,
130.2539,,,75.61983,58.31288,,,,,,,
130.3149,,,75.33383,57.8682,,,,,,,
130.3454,,,75.08371,57.67005,,,,,,,
130.3759,,,74.83347,57.47182,,,,,,,
130.4063,,,74.58334,57.27367,,,,,,,
130.4673,,,73.97781,57.08761,,,,,,,
130.4978,,,73.62333,57.09985,,,,,,,
130.5283,,,73.2687,57.1121,,,,,,,
130.5587,,,72.91422,57.12434,,,,,,,
130.6197,,,72.53358,57.56325,,,,,,,
130.6502,,,72.50784,57.98912,,,,,,,
130.6807,,,72.48209,58.41518,,,,,,,
130.7111,,,72.45634,58.84105,,,,,,,
130.7721,,,73.1224,59.71207,,,,,,,
130.8026,,,73.81308,60.15596,,,,,,,
130.8331,,,74.50405,60.60005,,,,,,,
130.8635,,,75.19611,61.04483,,,,,,,
130.9245,,,76.27821,61.34047,,,,,,,
130.955,,,76.66947,61.19274,,,,,,,
130.9855,,,77.06092,61.04493,,,,,,,
131.0159,,,77.45297,60.8969,,,,,,,
131.0769,,,77.53283,60.31719,,,,,,,
131.1074,,,77.22204,59.88574,,,,,,,
131.1379,,,76.9111,59.4541,,,,,,,
131.1683,,,76.59969,59.02178,,,,,,,
131.2293,,,76.64019,58.29543,,,,,,,
131.2598,,,76.99094,58.00075,,,,,,,
131.2903,,,77.34185,57.70594,,,,,,,
131.3207,,,77.69331,57.41067,,,,,,,
131.3817,,,78.07576,57.13175,,,,,,,
131.4122,,,78.10748,57.14745,,,,,,,
131.4427,,,78.13927,57.16317,,,,,,,
131.4731,,,78.17097,57.17887,,,,,,,
131.5341,,,77.43132,57.1446,,,,,,,
131.5646,,,76.66065,57.09468,,,,,,,
131.5951,,,75.8881,57.04464,,,,,,,
131.6255,,,75.11742,56.99472,,,,,,,
131.6865,,,74.63943,56.69054,,,,,,,
131.717,,,74.93261,56.43597,,,,,,,
131.7475,,,75.22532,56.18178,,,,,,,
131.7779,,,75.51791,55.92771,,,,,,,
131.8389,,,76.40461,56.12289,,,,,,,
131.8694,,,76.99949,56.57287,,,,,,,
131.8999,,,77.59344,57.02214,,,,,,,
131.9303,,,78.18713,57.47121,,,,,,,
131.9913,,,78.65862,57.94289,,,,,,,
132.0218,,,78.53596,57.96533,,,,,,,
132.0523,,,78.41348,57.98774,,,,,,,
132.0827,,,78.29106,58.01013,,,,,,,
132.1437,,,78.2743,58.43317,,,,,,,
132.1742,,,78.38023,58.8345,,,,,,,
132.2047,,,78.48599,59.23521,,,,,,,
132.2351,,,78.5917,59.63574,,,,,,,
132.2961,,,79.02805,59.69092,,,,,,,
132.3266,,,79.35792,59.34599,,,,,,,
132.3571,,,79.68793,59.00091,,,,,,,
132.3875,,,80.0178,58.65598,,,,,,,
132.4485,,,80.2542,58.60735,,,,,,,
132.479,,,80.16059,58.90339,,,,,,,
132.5095,,,80.06696,59.19956,,,,,,,
132.5399,,,79.97336,59.4956,,,,,,,
132.6009,,,79.58193,59.89349,,,,,,,
132.6314,,,79.28474,59.99483,,,,,,,
132.6619,,,78.9874,60.09622,,,,,,,
132.6923,,,78.68961,60.19777,,,,,,,
132.7533,,,78.26988,60.23016,,,,,,,
132.7838,,,78.14731,60.16139,,,,,,,
132.8143,,,78.02468,60.09259,,,,,,,
132.8447,,,77.90186,60.02368,,,,,,,
132.9057,,,77.96471,59.55096,,,,,,,
132.9362,,,78.14978,59.14758,,,,,,,
132.9667,,,78.33492,58.74401,,,,,,,
132.9971,,,78.52036,58.33981,,,,,,,
133.0581,,,79.05025,57.7836,,,,,,,
133.0886,,,79.3947,57.63079,,,,,,,
133.1191,,,79.7393,57.47792,,,,,,,
133.1495,,,80.08443,57.3248,,,,,,,
133.2105,,,81.01761,57.27021,,,,,,,
133.241,,,81.60574,57.36827,,,,,,,
133.2715,,,82.19413,57.46637,,,,,,,
133.3019,,,82.78344,57.56462,,,,,,,
133.3629,,,83.97476,57.74519,,,,,,,
133.3934,,,84.57742,57.82762,,,,,,,
133.4239,,,85.18156,57.91025,,,,,,,
133.4543,,,85.78422,57.99268,,,,,,,
133.5153,,,86.17847,58.22558,,,,,,,
133.5458,,,85.9698,58.37622,,,,,,,
133.5763,,,85.76146,58.52662,,,,,,,
133.6067,,,85.55321,58.67695,,,,,,,
133.6677,,,84.40394,59.0756,,,,,,,
133.6982,,,83.46173,59.3242,,,,,,,
133.7287,,,82.521,59.57241,,,,,,,
133.7591,,,81.58067,59.82052,,,,,,,
133.8201,,,79.76778,60.27365,,,,,,,
133.8506,,,78.89426,60.4789,,,,,,,
133.8811,,,78.02209,60.68381,,,,,,,
133.9115,,,77.15031,60.88865,,,,,,,
133.9725,,,76.0676,61.05106,,,,,,,
134.003,,,75.85678,61.00848,,,,,,,
134.0335,,,75.64629,60.96596,,,,,,,
134.0639,,,75.43589,60.92346,,,,,,,
134.1249,,,75.48627,60.65507,,,,,,,
134.1554,,,75.74767,60.42881,,,,,,,
134.1859,,,76.00865,60.2029,,,,,,,
134.2163,,,76.26952,59.97709,,,,,,,
134.2773,,,77.04726,59.42039,,,,,,,
134.3078,,,77.56287,59.09037,,,,,,,
134.3383,,,78.07869,58.76021,,,,,,,
134.3687,,,78.59429,58.43019,,,,,,,
134.4297,,,79.45478,57.90393,,,,,,,
134.4602,,,79.79852,57.70839,,,,,,,
134.4907,,,80.1424,57.51276,,,,,,,
134.5211,,,80.48615,57.31721,,,,,,,
134.5821,,,80.74316,56.71356,,,,,,,
134.6126,,,80.6562,56.30638,,,,,,,
134.6431,,,80.56921,55.89901,,,,,,,
134.6735,,,80.48208,55.49102,,,,,,,
134.7345,,,79.98225,55.22705,,,,,,,
134.765,,,79.56998,55.36976,,,,,,,
134.7955,,,79.15752,55.51252,,,,,,,
134.8259,,,78.74442,55.65551,,,,,,,
134.8869,,,77.99275,56.40133,,,,,,,
134.9174,,,77.65363,57.00365,,,,,,,
134.9479,,,77.31434,57.60624,,,,,,,
134.9783,,,76.97453,58.20977,,,,,,,
135.0393,,,76.68863,59.33982,,,,,,,
135.0698,,,76.74166,59.86712,,,,,,,
135.1003,,,76.7947,60.39464,,,,,,,
135.1307,,,76.84783,60.92299,,,,,,,
135.1917,,,76.82353,61.39661,,,,,,,
135.2222,,,76.74629,61.34311,,,,,,,
135.2527,,,76.66886,61.28948,,,,,,,
135.2831,,,76.59162,61.23598,,,,,,,
135.3441,,,76.67278,60.48674,,,,,,,
135.3746,,,76.831,59.79163,,,,,,,
135.4051,,,76.98961,59.09484,,,,,,,
135.4355,,,77.14783,58.39974,,,,,,,
135.4965,,,77.53934,57.54347,,,,,,,
135.527,,,77.77288,57.38216,,,,,,,
135.5575,,,78.00607,57.2211,,,,,,,
135.5879,,,78.23914,57.0601,,,,,,,
135.6489,,,78.31425,56.76138,,,,,,,
135.6794,,,78.15602,56.62349,,,,,,,
135.7099,,,77.99803,56.48583,,,,,,,
135.7403,,,77.84011,56.34822,,,,,,,
135.8013,,,77.25051,56.28531,,,,,,,
135.8318,,,76.81824,56.36017,,,,,,,
135.8623,,,76.38664,56.43492,,,,,,,
135.8927,,,75.95524,56.50963,,,,,,,
135.9537,,,75.23658,56.57607,,,,,,,
135.9842,,,74.94907,56.56774,,,,,,,
136.0147,,,74.66203,56.55943,,,,,,,
136.0451,,,74.37511,56.55111,,,,,,,
136.1061,,,74.60762,56.7373,,,,,,,
136.1366,,,75.12822,56.93217,,,,,,,
136.1671,,,75.648,57.12673,,,,,,,
136.1975,,,76.16756,57.3212,,,,,,,
136.2585,,,77.21855,57.67897,,,,,,,
136.289,,,77.74848,57.84176,,,,,,,
136.3195,,,78.27864,58.00463,,,,,,,
136.3499,,,78.80857,58.16742,,,,,,,
136.4109,,,79.52762,57.89911,,,,,,,
136.4414,,,79.71585,57.46862,,,,,,,
136.4719,,,79.90417,57.03795,,,,,,,
136.5023,,,80.09241,56.60747,,,,,,,
136.5633,,,80.25354,55.8902,,,,,,,
136.5938,,,80.22626,55.60441,,,,,,,
136.6243,,,80.19897,55.31849,,,,,,,
136.6547,,,80.17163,55.03212,,,,,,,
136.7157,,,79.95925,54.38028,,,,,,,
136.7462,,,79.77443,54.01461,,,,,,,
136.7767,,,79.58952,53.64878,,,,,,,
136.8071,,,79.40432,53.28239,,,,,,,
136.8681,,,79.21788,53.12566,,,,,,,
136.8986,,,79.21618,53.33412,,,,,,,
136.9291,,,79.21448,53.54268,,,,,,,
136.9595,,,79.21278,53.75156,,,,,,,
137.0205,,,78.96525,54.23066,,,,,,,
137.051,,,78.71972,54.50104,,,,,,,
137.0815,,,78.47408,54.77153,,,,,,,
137.1119,,,78.22807,55.04245,,,,,,,
137.1729,,,78.00785,55.39442,,,,,,,
137.2034,,,78.03309,55.47598,,,,,,,
137.2339,,,78.05838,55.55774,,,,,,,
137.2643,,,78.08362,55.63929,,,,,,,
137.3253,,,78.68636,56.11775,,,,,,,
137.3558,,,79.26334,56.51429,,,,,,,
137.3863,,,79.84172,56.9118,,,,,,,
137.4167,,,80.41871,57.30835,,,,,,,
137.4777,,,81.39129,57.67945,,,,,,,
137.5082,,,81.78731,57.65393,,,,,,,
137.5387,,,82.1827,57.62845,,,,,,,
137.5691,,,82.57793,57.60299,,,,,,,
137.6301,,,82.83678,58.05367,,,,,,,
137.6606,,,82.70011,58.5305,,,,,,,
137.6911,,,82.56365,59.00659,,,,,,,
137.7215,,,82.42725,59.48246,,,,,,,
137.7825,,,81.78929,60.1798,,,,,,,
137.813,,,81.287,60.40139,,,,,,,
137.8435,,,80.78551,60.62262,,,,,,,
137.8739,,,80.28423,60.84377,,,,,,,
137.9349,,,79.65507,61.1973,,,,,,,
137.9654,,,79.52728,61.32978,,,,,,,
137.9959,,,79.39969,61.46206,,,,,,,
138.0263,,,79.27216,61.59427,,,,,,,
138.0873,,,79.79653,61.2297,,,,,,,
138.1178,,,80.44717,60.73386,,,,,,,
138.1483,,,81.09811,60.23781,,,,,,,
138.1787,,,81.74874,59.74197,,,,,,,
138.2397,,,82.82434,58.92896,,,,,,,
138.2702,,,83.24787,58.61286,,,,,,,
138.3007,,,83.67159,58.29662,,,,,,,
138.3311,,,84.09512,57.98053,,,,,,,
138.3921,,,83.86251,57.61239,,,,,,,
138.4226,,,83.2071,57.56079,,,,,,,
138.4531,,,82.55139,57.50916,,,,,,,
138.4835,,,81.89597,57.45756,,,,,,,
138.5445,,,80.82782,57.47181,,,,,,,
138.575,,,80.41657,57.53761,,,,,,,
138.6055,,,80.00513,57.60345,,,,,,,
138.6359,,,79.59306,57.66938,,,,,,,
138.6969,,,79.47849,57.5083,,,,,,,
138.7274,,,79.77449,57.28177,,,,,,,
138.7579,,,80.07061,57.05516,,,,,,,
138.7883,,,80.3672,56.82818,,,,,,,
138.8493,,,80.62106,56.64301,,,,,,,
138.8798,,,80.57912,56.6842,,,,,,,
138.9103,,,80.53715,56.72541,,,,,,,
138.9407,,,80.49512,56.76669,,,,,,,
139.0017,,,79.96669,56.93725,,,,,,,
139.0322,,,79.48076,57.06648,,,,,,,
139.0627,,,78.99461,57.19577,,,,,,,
139.0931,,,78.50771,57.32526,,,,,,,
139.1541,,,77.89451,57.36481,,,,,,,
139.1846,,,77.76731,57.27523,,,,,,,
139.2151,,,77.63981,57.18543,,,,,,,
139.2455,,,77.51261,57.09586,,,,,,,
139.3065,,,77.77381,56.88847,,,,,,,
139.337,,,78.16188,56.77076,,,,,,,
139.3675,,,78.55089,56.65276,,,,,,,
139.3979,,,78.93895,56.53505,,,,,,,
139.4589,,,79.32436,56.18258,,,,,,,
139.4894,,,79.32162,55.94753,,,,,,,
139.5199,,,79.31889,55.71284,,,,,,,
139.5503,,,79.31617,55.47826,,,,,,,
139.6113,,,79.28274,55.08451,,,,,,,
139.6418,,,79.25198,54.92519,,,,,,,
139.6723,,,79.22128,54.76612,,,,,,,
139.7027,,,79.19058,54.60712,,,,,,,
139.7637,,,79.15988,54.18024,,,,,,,
139.7942,,,79.15988,53.91201,,,,,,,
139.8247,,,79.15988,53.64419,,,,,,,
139.8551,,,79.15988,53.37648,,,,,,,
139.9161,,,78.66668,52.9409,,,,,,,
139.9466,,,78.17259,52.77289,,,,,,,
139.9771,,,77.67928,52.60514,,,,,,,
140.0075,,,77.18618,52.43747,,,,,,,
140.0685,,,76.2283,52.50117,,,,,,,
140.099,,,75.76487,52.73221,,,,,,,
140.1295,,,75.30125,52.96334,,,,,,,
140.1599,,,74.83781,53.19439,,,,,,,
140.2209,,,73.87682,53.58179,,,,,,,
140.2514,,,73.38066,53.73764,,,,,,,
140.2819,,,72.88428,53.89356,,,,,,,
140.3123,,,72.38811,54.0494,,,,,,,
140.3733,,,72.08372,54.71872,,,,,,,
140.4038,,,72.2757,55.2311,,,,,,,
140.4343,,,72.46777,55.74371,,,,,,,
140.4647,,,72.66015,56.25712,,,,,,,
140.5257,,,73.84864,57.08477,,,,,,,
140.5562,,,74.84369,57.3999,,,,,,,
140.5867,,,75.8392,57.71517,,,,,,,
140.6171,,,76.83624,58.03093,,,,,,,
140.6781,,,78.48368,58.50646,,,,,,,
140.7086,,,79.13568,58.66681,,,,,,,
140.7391,,,79.78797,58.82723,,,,,,,
140.7695,,,80.44128,58.9879,,,,,,,
140.8305,,,81.04864,58.91171,,,,,,,
140.861,,,81.00431,58.67553,,,,,,,
140.8915,,,80.95995,58.43926,,,,,,,
140.9219,,,80.91553,58.20261,,,,,,,
140.9829,,,80.24579,57.85349,,,,,,,
141.0134,,,79.62107,57.74061,,,,,,,
141.0439,,,78.99607,57.62769,,,,,,,
141.0743,,,78.3701,57.51458,,,,,,,
141.1353,,,77.49831,57.44226,,,,,,,
141.1658,,,77.25142,57.48277,,,,,,,
141.1963,,,77.00392,57.52338,,,,,,,
141.2267,,,76.75703,57.56388,,,,,,,
141.2877,,,76.55995,58.0365,,,,,,,
141.3182,,,76.60984,58.46912,,,,,,,
141.3487,,,76.65965,58.90106,,,,,,,
141.3791,,,76.70943,59.33281,,,,,,,
141.4401,,,76.51559,60.01659,,,,,,,
141.4706,,,76.27163,60.26886,,,,,,,
141.5011,,,76.02805,60.52074,,,,,,,
141.5315,,,75.78457,60.7725,,,,,,,
141.5925,,,75.71763,61.36088,,,,,,,
141.623,,,75.89452,61.69791,,,,,,,
141.6535,,,76.07114,62.03441,,,,,,,
141.6839,,,76.24769,62.37076,,,,,,,
141.7449,,,76.6695,62.81772,,,,,,,
141.7754,,,76.91508,62.92833,,,,,,,
141.8059,,,77.16026,63.03876,,,,,,,
141.8363,,,77.40535,63.14914,,,,,,,
141.8973,,,77.20801,63.08128,,,,,,,
141.9278,,,76.7646,62.90263,,,,,,,
141.9583,,,76.32187,62.72426,,,,,,,
141.9887,,,75.87934,62.54596,,,,,,,
142.0497,,,75.29028,62.21884,,,,,,,
142.0802,,,75.14443,62.07047,,,,,,,
142.1107,,,74.99851,61.92204,,,,,,,
142.1411,,,74.85265,61.77366,,,,,,,
142.2021,,,75.20135,60.87063,,,,,,,
142.2326,,,75.69513,60.11753,,,,,,,
142.2631,,,76.18912,59.36411,,,,,,,
142.2935,,,76.6829,58.611,,,,,,,
142.3545,,,77.16257,57.67458,,,,,,,
142.385,,,77.1479,57.49245,,,,,,,
142.4155,,,77.13323,57.31024,,,,,,,
142.4459,,,77.11855,57.12775,,,,,,,
142.5069,,,76.71727,56.71703,,,,,,,
142.5374,,,76.33125,56.48867,,,,,,,
142.5679,,,75.94507,56.26021,,,,,,,
142.5983,,,75.55828,56.0314,,,,,,,
142.6593,,,75.49072,56.24722,,,,,,,
142.6898,,,75.80853,56.69068,,,,,,,
142.7203,,,76.12649,57.13432,,,,,,,
142.7507,,,76.44493,57.57866,,,,,,,
142.8117,,,77.41476,58.12246,,,,,,,
142.8422,,,78.06609,58.22285,,,,,,,
142.8727,,,78.7177,58.32327,,,,,,,
142.9031,,,79.37032,58.42386,,,,,,,
142.9641,,,80.35947,58.63998,,,,,,,
142.9946,,,80.69707,58.7556,,,,,,,
143.0251,,,81.03549,58.87151,,,,,,,
143.0555,,,81.37309,58.98714,,,,,,,
143.1165,,,81.63217,58.58164,,,,,,,
143.147,,,81.55374,58.061,,,,,,,
143.1775,,,81.47511,57.53909,,,,,,,
143.2079,,,81.39668,57.01844,,,,,,,
143.2689,,,81.08858,55.75284,,,,,,,
143.2994,,,80.85861,55.00701,,,,,,,
143.3299,,,80.62901,54.26234,,,,,,,
143.3603,,,80.39951,53.51801,,,,,,,
143.4213,,,80.44394,52.1913,,,,,,,
143.4518,,,80.71832,51.60831,,,,,,,
143.4823,,,80.99228,51.02623,,,,,,,
143.5127,,,81.26611,50.4444,,,,,,,
143.5737,,,81.95149,50.0972,,,,,,,
143.6042,,,82.36356,50.33245,,,,,,,
143.6347,,,82.775,50.56733,,,,,,,
143.6651,,,83.18625,50.8021,,,,,,,
143.7261,,,83.41048,51.54503,,,,,,,
143.7566,,,83.22289,52.05391,,,,,,,
143.7871,,,83.0356,52.562,,,,,,,
143.8175,,,82.84838,53.06987,,,,,,,
143.8785,,,82.12218,54.17078,,,,,,,
143.909,,,81.58231,54.76455,,,,,,,
143.9395,,,81.04329,55.35741,,,,,,,
143.9699,,,80.50449,55.94999,,,,,,,
144.0309,,,79.78822,56.68111,,,,,,,
144.0614,,,79.61158,56.81883,,,,,,,
144.0919,,,79.43487,56.95661,,,,,,,
144.1223,,,79.25822,57.09433,,,,,,,
144.1833,,,79.03493,57.39563,,,,,,,
144.2138,,,78.98855,57.55876,,,,,,,
144.2443,,,78.94215,57.72196,,,,,,,
144.2747,,,78.89577,57.88509,,,,,,,
144.3357,,,78.44321,57.95638,,,,,,,
144.3662,,,78.03776,57.86448,,,,,,,
144.3967,,,77.63213,57.77254,,,,,,,
144.4271,,,77.22586,57.68046,,,,,,,
144.4881,,,76.74894,58.228,,,,,,,
144.5186,,,76.67732,58.86642,,,,,,,
144.5491,,,76.60568,59.50512,,,,,,,
144.5795,,,76.53393,60.14482,,,,,,,
144.6405,,,77.11693,60.87941,,,,,,,
144.671,,,77.77064,60.97574,,,,,,,
144.7015,,,78.42464,61.07212,,,,,,,
144.7319,,,79.07965,61.16864,,,,,,,
144.7929,,,80.49724,61.38153,,,,,,,
144.8234,,,81.26041,61.49799,,,,,,,
144.8539,,,82.02391,61.61449,,,,,,,
144.8843,,,82.78861,61.73117,,,,,,,
144.9453,,,83.99919,61.06856,,,,,,,
144.9758,,,84.44625,60.29032,,,,,,,
145.0063,,,84.8944,59.51017,,,,,,,
145.0367,,,85.34146,58.73193,,,,,,,
145.0977,,,85.68204,57.63401,,,,,,,
145.1282,,,85.57565,57.31461,,,,,,,
145.1587,,,85.46899,56.99443,,,,,,,
145.1891,,,85.3626,56.67504,,,,,,,
145.2501,,,84.9767,56.36451,,,,,,,
145.2806,,,84.69686,56.37345,,,,,,,
145.3111,,,84.41746,56.38237,,,,,,,
145.3415,,,84.13818,56.39128,,,,,,,
145.4025,,,83.58038,56.3656,,,,,,,
145.433,,,83.30157,56.33096,,,,,,,
145.4635,,,83.02318,56.29636,,,,,,,
145.4939,,,82.74492,56.26178,,,,,,,
145.5549,,,82.3768,56.58835,,,,,,,
145.5854,,,82.28693,56.95009,,,,,,,
145.6159,,,82.19721,57.31127,,,,,,,
145.6463,,,82.10753,57.67228,,,,,,,
145.7073,,,82.34045,58.16154,,,,,,,
145.7378,,,82.66369,58.28978,,,,,,,
145.7683,,,82.98642,58.41781,,,,,,,
145.7987,,,83.30901,58.54579,,,,,,,
145.8597,,,83.14458,59.06569,,,,,,,
145.8902,,,82.65831,59.45668,,,,,,,
145.9207,,,82.17182,59.84785,,,,,,,
145.9511,,,81.68555,60.23885,,,,,,,
146.0121,,,80.41661,61.04675,,,,,,,
146.0426,,,79.63591,61.46247,,,,,,,
146.0731,,,78.85487,61.87837,,,,,,,
146.1035,,,78.07417,62.29409,,,,,,,
146.1645,,,77.41782,62.95706,,,,,,,
146.195,,,77.54284,63.20341,,,,,,,
146.2255,,,77.66791,63.44986,,,,,,,
146.2559,,,77.79292,63.69621,,,,,,,
146.3169,,,77.99187,64.22427,,,,,,,
146.3474,,,78.06553,64.50523,,,,,,,
146.3779,,,78.13921,64.78629,,,,,,,
146.4083,,,78.21302,65.06782,,,,,,,
146.4693,,,78.01139,65.22907,,,,,,,
146.4998,,,77.73653,65.1097,,,,,,,
146.5303,,,77.46157,64.99029,,,,,,,
146.5607,,,77.18616,64.87068,,,,,,,
146.6217,,,76.87674,64.29694,,,,,,,
146.6522,,,76.84209,63.84308,,,,,,,
146.6827,,,76.80743,63.38903,,,,,,,
146.7131,,,76.77271,62.93427,,,,,,,
146.7741,,,76.64842,62.25236,,,,,,,
146.8046,,,76.55888,62.02445,,,,,,,
146.8351,,,76.46929,61.79644,,,,,,,
146.8655,,,76.37956,61.56807,,,,,,,
146.9265,,,75.99886,60.94868,,,,,,,
146.957,,,75.70798,60.55755,,,,,,,
146.9875,,,75.4164,60.16547,,,,,,,
147.0179,,,75.12552,59.77434,,,,,,,
147.0789,,,75.05679,59.32891,,,,,,,
147.1094,,,75.27879,59.27468,,,,,,,
147.1399,,,75.50133,59.22032,,,,,,,
147.1703,,,75.72332,59.1661,,,,,,,
147.2313,,,76.3963,59.08926,,,,,,,
147.2618,,,76.84785,59.06664,,,,,,,
147.2923,,,77.29868,59.04405,,,,,,,
147.3227,,,77.74933,59.02147,,,,,,,
147.3837,,,78.23186,59.13402,,,,,,,
147.4142,,,78.26364,59.26936,,,,,,,
147.4447,,,78.29537,59.40448,,,,,,,
147.4751,,,78.32708,59.53955,,,,,,,
147.5361,,,78.06886,59.80949,,,,,,,
147.5666,,,77.77842,59.94451,,,,,,,
147.5971,,,77.48844,60.07932,,,,,,,
147.6275,,,77.19859,60.21408,,,,,,,
147.6885,,,76.29959,60.26014,,,,,,,
147.719,,,75.68953,60.1712,,,,,,,
147.7495,,,75.08044,60.08239,,,,,,,
147.7799,,,74.4716,59.99363,,,,,,,
147.8409,,,73.96684,59.72153,,,,,,,
147.8714,,,74.07122,59.53864,,,,,,,
147.9019,,,74.17565,59.35567,,,,,,,
147.9323,,,74.28003,59.17278,,,,,,,
147.9933,,,75.05598,59.07013,,,,,,,
148.0238,,,75.7262,59.15039,,,,,,,
148.0543,,,76.39671,59.23068,,,,,,,
148.0847,,,77.06693,59.31095,,,,,,,
148.1457,,,77.68115,59.37027,,,,,,,
148.1762,,,77.62447,59.34927,,,,,,,
148.2067,,,77.56777,59.32825,,,,,,,
148.2371,,,77.51099,59.30721,,,,,,,
148.2981,,,77.22633,59.46111,,,,,,,
148.3286,,,76.99868,59.63573,,,,,,,
148.3591,,,76.77092,59.81043,,,,,,,
148.3895,,,76.54282,59.9854,,,,,,,
148.4505,,,76.46847,60.25805,,,,,,,
148.481,,,76.62144,60.35602,,,,,,,
148.5115,,,76.77448,60.45404,,,,,,,
148.5419,,,76.92776,60.55221,,,,,,,
148.6029,,,77.31647,60.56364,,,,,,,
148.6334,,,77.55197,60.47723,,,,,,,
148.6639,,,77.78757,60.39078,,,,,,,
148.6943,,,78.02354,60.3042,,,,,,,
148.7553,,,78.17549,60.43153,,,,,,,
148.7858,,,78.09209,60.64503,,,,,,,
148.8163,,,78.00864,60.85862,,,,,,,
148.8467,,,77.92506,61.07254,,,,,,,
148.9077,,,77.78854,60.99949,,,,,,,
148.9382,,,77.73548,60.71323,,,,,,,
148.9687,,,77.68229,60.42627,,,,,,,
148.9991,,,77.62923,60.14,,,,,,,
149.0601,,,77.90604,60.00969,,,,,,,
149.0906,,,78.23631,60.16586,,,,,,,
149.1211,,,78.56608,60.32179,,,,,,,
149.1515,,,78.8957,60.47765,,,,,,,
149.2125,,,78.85709,60.21348,,,,,,,
149.243,,,78.48828,59.79282,,,,,,,
149.2735,,,78.12003,59.37282,,,,,,,
149.3039,,,77.75195,58.953,,,,,,,
149.3649,,,76.76962,58.8721,,,,,,,
149.3954,,,76.15459,59.21173,,,,,,,
149.4259,,,75.5405,59.55083,,,,,,,
149.4563,,,74.92669,59.88978,,,,,,,
149.5173,,,74.33298,59.89008,,,,,,,
149.5478,,,74.35349,59.55067,,,,,,,
149.5783,,,74.37395,59.21178,,,,,,,
149.6087,,,74.39442,58.87304,,,,,,,
149.6697,,,74.47049,58.53376,,,,,,,
149.7002,,,74.52618,58.53346,,,,,,,
149.7307,,,74.58179,58.53316,,,,,,,
149.7611,,,74.63737,58.53287,,,,,,,
149.8221,,,75.13616,58.33435,,,,,,,
149.8526,,,75.57845,58.13652,,,,,,,
149.8831,,,76.02093,57.93861,,,,,,,
149.9135,,,76.46322,57.74078,,,,,,,
149.9745,,,77.44267,57.55538,,,,,,,
150.005,,,77.97839,57.568,,,,,,,
150.0355,,,78.51434,57.58063,,,,,,,
150.0659,,,79.05006,57.59326,,,,,,,
150.1269,,,79.6544,57.21983,,,,,,,
150.1574,,,79.72227,56.83442,,,,,,,
150.1879,,,79.79015,56.44883,,,,,,,
150.2183,,,79.85815,56.06264,,,,,,,
150.2793,,,80.15239,55.08926,,,,,,,
150.3098,,,80.37848,54.50195,,,,,,,
150.3403,,,80.60467,53.91437,,,,,,,
150.3707,,,80.83121,53.32587,,,,,,,
150.4317,,,81.10602,52.80573,,,,,,,
150.4622,,,81.15479,52.87255,,,,,,,
150.4927,,,81.20357,52.93938,,,,,,,
150.5231,,,81.25243,53.00633,,,,,,,
150.5841,,,80.69995,53.40504,,,,,,,
150.6146,,,80.09943,53.73657,,,,,,,
150.6451,,,79.49866,54.06824,,,,,,,
150.6755,,,78.89695,54.40044,,,,,,,
150.7365,,,78.06526,54.13086,,,,,,,
150.767,,,77.83423,53.53043,,,,,,,
150.7975,,,77.6031,52.92974,,,,,,,
150.8279,,,77.3716,52.32811,,,,,,,
150.8889,,,77.69604,51.50198,,,,,,,
150.9194,,,78.25103,51.27649,,,,,,,
150.9499,,,78.80737,51.05044,,,,,,,
150.9803,,,79.36236,50.82494,,,,,,,
151.0413,,,80.39399,50.47982,,,,,,,
151.0718,,,80.87116,50.36008,,,,,,,
151.1023,,,81.34758,50.24053,,,,,,,
151.1327,,,81.82381,50.12103,,,,,,,
151.1937,,,82.00589,50.28798,,,,,,,
151.2242,,,81.71118,50.57488,,,,,,,
151.2547,,,81.41694,50.86133,,,,,,,
151.2851,,,81.12282,51.14766,,,,,,,
151.3461,,,80.56657,50.96559,,,,,,,
151.3766,,,80.30415,50.49632,,,,,,,
151.4071,,,80.04214,50.02778,,,,,,,
151.4375,,,79.78024,49.55945,,,,,,,
151.4985,,,80.09428,48.58875,,,,,,,
151.529,,,80.67139,48.08579,,,,,,,
151.5595,,,81.2476,47.58363,,,,,,,
151.5899,,,81.82356,47.08168,,,,,,,
151.6509,,,82.4583,47.10622,,,,,,,
151.6814,,,82.51672,47.6341,,,,,,,
151.7119,,,82.57507,48.16115,,,,,,,
151.7423,,,82.63338,48.68798,,,,,,,
151.8033,,,81.81947,49.92386,,,,,,,
151.8338,,,80.94889,50.63104,,,,,,,
151.8643,,,80.07791,51.33854,,,,,,,
151.8947,,,79.20733,52.04572,,,,,,,
151.9557,,,77.97298,53.53004,,,,,,,
151.9862,,,77.61084,54.30502,,,,,,,
152.0167,,,77.24853,55.08034,,,,,,,
152.0471,,,76.88638,55.85532,,,,,,,
152.1081,,,76.74223,56.68774,,,,,,,
152.1386,,,76.96033,56.74411,,,,,,,
152.1691,,,77.17854,56.80051,,,,,,,
152.1995,,,77.39708,56.85699,,,,,,,
152.2605,,,77.74088,56.79072,,,,,,,
152.291,,,77.8665,56.66829,,,,,,,
152.3215,,,77.99219,56.5458,,,,,,,
152.3519,,,78.11806,56.42313,,,,,,,
152.4129,,,78.68451,56.3677,,,,,,,
152.4434,,,79.12482,56.43458,,,,,,,
152.4739,,,79.56532,56.50148,,,,,,,
152.5043,,,80.00652,56.56849,,,,,,,
152.5653,,,80.94159,56.31412,,,,,,,
152.5958,,,81.43591,55.99327,,,,,,,
152.6263,,,81.93046,55.67227,,,,,,,
152.6567,,,82.42577,55.35077,,,,,,,
152.7177,,,82.51561,55.17431,,,,,,,
152.7482,,,82.11159,55.31853,,,,,,,
152.7787,,,81.70658,55.4631,,,,,,,
152.8091,,,81.30255,55.60732,,,,,,,
152.8701,,,80.24699,55.78492,,,,,,,
152.9006,,,79.59601,55.81826,,,,,,,
152.9311,,,78.94344,55.85168,,,,,,,
152.9615,,,78.29246,55.88502,,,,,,,
153.0225,,,77.26667,56.42426,,,,,,,
153.053,,,76.89149,56.93082,,,,,,,
153.0835,,,76.51691,57.4366,,,,,,,
153.1139,,,76.14249,57.94215,,,,,,,
153.1749,,,75.24899,58.21397,,,,,,,
153.2054,,,74.72928,57.97971,,,,,,,
153.2359,,,74.21038,57.74582,,,,,,,
153.2663,,,73.69171,57.51202,,,,,,,
153.3273,,,72.87224,56.98232,,,,,,,
153.3578,,,72.57121,56.68604,,,,,,,
153.3883,,,72.27065,56.39023,,,,,,,
153.4187,,,71.97021,56.09455,,,,,,,
153.4797,,,72.0608,55.59053,,,,,,,
153.5102,,,72.45271,55.38202,,,,,,,
153.5407,,,72.84402,55.17382,,,,,,,
153.5711,,,73.23516,54.96572,,,,,,,
153.6321,,,74.08792,55.01542,,,,,,,
153.6626,,,74.54829,55.27285,,,,,,,
153.6931,,,75.00883,55.5304,,,,,,,
153.7235,,,75.4692,55.78784,,,,,,,
153.7845,,,75.96384,56.18108,,,,,,,
153.815,,,75.9976,56.31638,,,,,,,
153.8455,,,76.03137,56.45174,,,,,,,
153.8759,,,76.06513,56.58703,,,,,,,
153.9369,,,76.20175,56.50896,,,,,,,
153.9674,,,76.30439,56.2958,,,,,,,
153.9979,,,76.40708,56.08254,,,,,,,
154.0283,,,76.50973,55.86938,,,,,,,
154.0893,,,77.56882,55.65573,,,,,,,
154.1198,,,78.52363,55.65552,,,,,,,
154.1503,,,79.47887,55.6553,,,,,,,
154.1807,,,80.43559,55.65509,,,,,,,
154.2417,,,82.27161,55.53371,,,,,,,
154.2722,,,83.15209,55.41273,,,,,,,
154.3027,,,84.03297,55.29169,,,,,,,
154.3331,,,84.91521,55.17046,,,,,,,
154.3941,,,84.965,55.47839,,,,,,,
154.4246,,,84.13567,55.90671,,,,,,,
154.4551,,,83.30597,56.33523,,,,,,,
154.4855,,,82.47498,56.76442,,,,,,,
154.5465,,,80.94328,57.3818,,,,,,,
154.577,,,80.24149,57.57074,,,,,,,
154.6075,,,79.53939,57.75976,,,,,,,
154.6379,,,78.8362,57.94909,,,,,,,
154.6989,,,78.91949,58.46656,,,,,,,
154.7294,,,79.7038,58.79481,,,,,,,
154.7599,,,80.49003,59.12386,,,,,,,
154.7903,,,81.27435,59.4521,,,,,,,
154.8513,,,82.57883,59.74338,,,,,,,
154.8818,,,83.09853,59.70641,,,,,,,
154.9123,,,83.61949,59.66935,,,,,,,
154.9427,,,84.13918,59.63239,,,,,,,
155.0037,,,84.33212,59.37543,,,,,,,
155.0342,,,84.00478,59.15514,,,,,,,
155.0647,,,83.67796,58.9352,,,,,,,
155.0951,,,83.35128,58.71536,,,,,,,
155.1561,,,82.77746,58.71711,,,,,,,
155.1866,,,82.53007,58.93915,,,,,,,
155.2171,,,82.28307,59.16084,,,,,,,
155.2475,,,82.03618,59.38243,,,,,,,
155.3085,,,81.63327,59.52107,,,,,,,
155.339,,,81.47711,59.43784,,,,,,,
155.3695,,,81.32121,59.35474,,,,,,,
155.3999,,,81.16537,59.27169,,,,,,,
155.4609,,,80.71304,58.89238,,,,,,,
155.4914,,,80.41611,58.59565,,,,,,,
155.5219,,,80.11964,58.29939,,,,,,,
155.5523,,,79.82331,58.00325,,,,,,,
155.6133,,,79.3287,57.38237,,,,,,,
155.6438,,,79.1311,57.05854,,,,,,,
155.6743,,,78.9334,56.73456,,,,,,,
155.7047,,,78.73579,56.41073,,,,,,,
155.7657,,,78.27576,55.785,,,,,,,
155.7962,,,78.01404,55.484,,,,,,,
155.8267,,,77.7522,55.18287,,,,,,,
155.8571,,,77.49048,54.88186,,,,,,,
155.9181,,,76.88163,54.31509,,,,,,,
155.9486,,,76.5354,54.05013,,,,,,,
155.9791,,,76.18903,53.78504,,,,,,,
156.0095,,,75.8421,53.51955,,,,,,,
156.0705,,,75.59469,52.98375,,,,,,,
156.101,,,75.69313,52.71315,,,,,,,
156.1315,,,75.79161,52.44244,,,,,,,
156.1619,,,75.89025,52.1713,,,,,,,
156.2229,,,76.74152,51.88231,,,,,,,
156.2534,,,77.49338,51.86381,,,,,,,
156.2839,,,78.24557,51.84531,,,,,,,
156.3143,,,78.99893,51.82677,,,,,,,
156.3753,,,80.37391,52.4666,,,,,,,
156.4058,,,80.99652,53.12413,,,,,,,
156.4363,,,81.61941,53.78194,,,,,,,
156.4667,,,82.24327,54.44079,,,,,,,
156.5277,,,83.22217,55.42236,,,,,,,
156.5582,,,83.57818,55.74616,,,,,,,
156.5887,,,83.93433,56.0701,,,,,,,
156.6191,,,84.29105,56.39455,,,,,,,
156.6801,,,84.66891,57.49957,,,,,,,
156.7106,,,84.69073,58.2801,,,,,,,
156.7411,,,84.71261,59.06254,,,,,,,
156.7715,,,84.73444,59.84306,,,,,,,
156.8325,,,84.41774,60.50856,,,,,,,
156.863,,,84.07878,60.39325,,,,,,,
156.8935,,,83.74036,60.27813,,,,,,,
156.9239,,,83.40208,60.16306,,,,,,,
156.9849,,,83.47177,59.8059,,,,,,,
157.0154,,,83.88043,59.56351,,,,,,,
157.0459,,,84.28845,59.32149,,,,,,,
157.0763,,,84.6963,59.07958,,,,,,,
157.1373,,,85.39977,58.06132,,,,,,,
157.1678,,,85.69567,57.28384,,,,,,,
157.1983,,,85.99111,56.50758,,,,,,,
157.2287,,,86.28642,55.73166,,,,,,,
157.2897,,,86.53689,55.02475,,,,,,,
157.3202,,,86.49179,55.09437,,,,,,,
157.3507,,,86.44675,55.16388,,,,,,,
157.3811,,,86.40175,55.23336,,,,,,,
157.4421,,,87.31945,55.28429,,,,,,,
157.4726,,,88.28404,55.26565,,,,,,,
157.5031,,,89.24712,55.24703,,,,,,,
157.5335,,,90.20978,55.22842,,,,,,,
157.5945,,,91.96977,55.19489,,,,,,,
157.625,,,92.76466,55.18001,,,,,,,
157.6555,,,93.5599,55.16513,,,,,,,
157.6859,,,94.35478,55.15025,,,,,,,
157.7469,,,94.48438,54.87121,,,,,,,
157.7774,,,93.81942,54.60754,,,,,,,
157.8079,,,93.15417,54.34375,,,,,,,
157.8383,,,92.48921,54.08008,,,,,,,
157.8993,,,90.19485,53.14892,,,,,,,
157.9298,,,88.56893,52.48285,,,,,,,
157.9603,,,86.94231,51.81647,,,,,,,
157.9907,,,85.31313,51.14906,,,,,,,
158.0517,,,82.84158,50.47435,,,,,,,
158.0822,,,81.99622,50.46534,,,,,,,
158.1127,,,81.1505,50.45633,,,,,,,
158.1431,,,80.30345,50.4473,,,,,,,
158.2041,,,79.94691,50.10041,,,,,,,
158.2346,,,80.43472,49.76297,,,,,,,
158.2651,,,80.92274,49.42538,,,,,,,
158.2955,,,81.41153,49.08727,,,,,,,
158.3565,,,82.39782,49.17664,,,,,,,
158.387,,,82.89586,49.60286,,,,,,,
158.4175,,,83.39412,50.02927,,,,,,,
158.4479,,,83.89316,50.45635,,,,,,,
158.5089,,,83.92059,50.77014,,,,,,,
158.5394,,,83.45052,50.65787,,,,,,,
158.5699,,,82.98023,50.54555,,,,,,,
158.6003,,,82.50922,50.43305,,,,,,,
158.6613,,,81.20927,50.81201,,,,,,,
158.6918,,,80.38012,51.30283,,,,,,,
158.7223,,,79.54893,51.79485,,,,,,,
158.7527,,,78.71978,52.28567,,,,,,,
158.8137,,,77.86759,52.42895,,,,,,,
158.8442,,,77.8447,52.08084,,,,,,,
158.8747,,,77.82184,51.73328,,,,,,,
158.9051,,,77.79899,51.38588,,,,,,,
158.9661,,,78.0832,51.27128,,,,,,,
158.9966,,,78.39072,51.50455,,,,,,,
159.0271,,,78.69776,51.73747,,,,,,,
159.0575,,,79.00467,51.97028,,,,,,,
159.1185,,,79.42056,51.92238,,,,,,,
159.149,,,79.52957,51.6411,,,,,,,
159.1795,,,79.63841,51.36026,,,,,,,
159.2099,,,79.7472,51.07954,,,,,,,
159.2709,,,79.7998,51.16268,,,,,,,
159.3014,,,79.74343,51.52738,,,,,,,
159.3319,,,79.68716,51.89153,,,,,,,
159.3623,,,79.63091,52.2555,,,,,,,
159.4233,,,79.67314,52.46927,,,,,,,
159.4538,,,79.77188,52.31847,,,,,,,
159.4843,,,79.87047,52.1679,,,,,,,
159.5147,,,79.96901,52.0174,,,,,,,
159.5757,,,80.28902,51.91428,,,,,,,
159.6062,,,80.50998,51.96172,,,,,,,
159.6367,,,80.73104,52.00919,,,,,,,
159.6671,,,80.952,52.05664,,,,,,,
159.7281,,,80.75169,52.41452,,,,,,,
159.7586,,,80.33088,52.72437,,,,,,,
159.7891,,,79.90989,53.03435,,,,,,,
159.8195,,,79.48909,53.3442,,,,,,,
159.8805,,,78.53576,53.72741,,,,,,,
159.911,,,78.0046,53.80025,,,,,,,
159.9415,,,77.47322,53.87312,,,,,,,
159.9719,,,76.941,53.94611,,,,,,,
160.0329,,,76.82279,53.72477,,,,,,,
160.0634,,,77.23487,53.43105,,,,,,,
160.0939,,,77.64712,53.1372,,,,,,,
160.1243,,,78.06002,52.84288,,,,,,,
160.1853,,,79.00272,51.46485,,,,,,,
160.2158,,,79.53285,50.38179,,,,,,,
160.2463,,,80.06322,49.29826,,,,,,,
160.2767,,,80.59441,48.21303,,,,,,,
160.3377,,,80.90596,46.80398,,,,,,,
160.3682,,,80.68775,46.4781,,,,,,,
160.3987,,,80.46944,46.15208,,,,,,,
160.4291,,,80.25079,45.82555,,,,,,,
160.4901,,,79.95222,45.68655,,,,,,,
160.5206,,,79.87192,45.87324,,,,,,,
160.5511,,,79.7914,46.06038,,,,,,,
160.5815,,,79.7111,46.24706,,,,,,,
160.6425,,,80.15447,47.36745,,,,,,,
160.673,,,80.67775,48.30042,,,,,,,
160.7035,,,81.2023,49.23567,,,,,,,
160.7339,,,81.72558,50.16864,,,,,,,
160.7949,,,82.84065,51.02243,,,,,,,
160.8254,,,83.43314,50.94292,,,,,,,
160.8559,,,84.0247,50.86353,,,,,,,
160.8863,,,84.61601,50.78417,,,,,,,
160.9473,,,85.41072,51.40694,,,,,,,
160.9778,,,85.6142,52.11017,,,,,,,
161.0083,,,85.81736,52.81231,,,,,,,
161.0387,,,86.02042,53.51414,,,,,,,
161.0997,,,86.09254,54.67675,,,,,,,
161.1302,,,85.96125,55.13792,,,,,,,
161.1606,,,85.83015,55.59838,,,,,,,
161.1911,,,85.69913,56.05862,,,,,,,
161.2521,,,85.45229,57.16502,,,,,,,
161.2826,,,85.33638,57.81203,,,,,,,
161.313,,,85.22064,58.45803,,,,,,,
161.3435,,,85.10496,59.10374,,,,,,,
161.4045,,,85.30138,58.83503,,,,,,,
161.435,,,85.61298,57.92186,,,,,,,
161.4654,,,85.92471,57.00829,,,,,,,
161.4959,,,86.2363,56.09512,,,,,,,
161.5569,,,86.94914,54.49363,,,,,,,
161.5874,,,87.34933,53.80753,,,,,,,
161.6178,,,87.74969,53.12113,,,,,,,
161.6483,,,88.14988,52.43503,,,,,,,
161.7093,,,88.43844,51.34403,,,,,,,
161.7398,,,88.32652,50.94063,,,,,,,
161.7702,,,88.21456,50.53706,,,,,,,
161.8007,,,88.10264,50.13365,,,,,,,
161.8617,,,87.58371,49.52871,,,,,,,
161.8922,,,87.17747,49.32801,,,,,,,
161.9226,,,86.77105,49.12722,,,,,,,
161.9531,,,86.36401,48.92612,,,,,,,
162.0141,,,85.48766,48.68548,,,,,,,
162.0446,,,85.01798,48.64548,,,,,,,
162.075,,,84.5481,48.60547,,,,,,,
162.1055,,,84.0775,48.5654,,,,,,,
162.1665,,,83.21057,48.69807,,,,,,,
162.197,,,82.81364,48.87051,,,,,,,
162.2274,,,82.41653,49.04303,,,,,,,
162.2579,,,82.01881,49.21581,,,,,,,
162.3189,,,81.2956,49.62178,,,,,,,
162.3494,,,80.9696,49.85509,,,,,,,
162.3798,,,80.64346,50.0885,,,,,,,
162.4103,,,80.3168,50.32228,,,,,,,
162.4713,,,79.38754,50.35585,,,,,,,
162.5018,,,78.78481,50.15628,,,,,,,
162.5322,,,78.18061,49.95623,,,,,,,
162.5627,,,77.57788,49.75666,,,,,,,
162.6237,,,76.50294,49.09929,,,,,,,
162.6542,,,76.03116,48.64184,,,,,,,
162.6846,,,75.55823,48.18328,,,,,,,
162.7151,,,75.08645,47.72583,,,,,,,
162.7761,,,74.89595,47.26049,,,,,,,
162.8066,,,75.17777,47.25271,,,,,,,
162.837,,,75.45915,47.24495,,,,,,,
162.8675,,,75.74042,47.23719,,,,,,,
162.9285,,,76.57674,47.2171,,,,,,,
162.959,,,77.13255,47.20476,,,,,,,
162.9894,,,77.68749,47.19244,,,,,,,
163.0199,,,78.2422,47.18013,,,,,,,
163.0809,,,79.07508,47.24151,,,,,,,
163.1114,,,79.3534,47.31535,,,,,,,
163.1418,,,79.63129,47.38907,,,,,,,
163.1723,,,79.90906,47.46276,,,,,,,
163.2333,,,80.53655,47.69501,,,,,,,
163.2638,,,80.88673,47.85381,,,,,,,
163.2942,,,81.23637,48.01237,,,,,,,
163.3247,,,81.58585,48.17086,,,,,,,
163.3857,,,82.00557,48.37121,,,,,,,
163.4162,,,82.07536,48.41284,,,,,,,
163.4466,,,82.14516,48.45449,,,,,,,
163.4771,,,82.21495,48.49612,,,,,,,
163.5381,,,81.66426,48.9807,,,,,,,
163.5686,,,81.04483,49.42282,,,,,,,
163.599,,,80.42513,49.86512,,,,,,,
163.6295,,,79.80569,50.30724,,,,,,,
163.6905,,,79.08028,50.8075,,,,,,,
163.721,,,78.97524,50.86499,,,,,,,
163.7514,,,78.87017,50.92251,,,,,,,
163.7819,,,78.76493,50.98012,,,,,,,
163.8429,,,79.30064,51.10519,,,,,,,
163.8734,,,79.94035,51.1727,,,,,,,
163.9038,,,80.58037,51.24023,,,,,,,
163.9343,,,81.22137,51.30787,,,,,,,
163.9953,,,82.0714,51.27965,,,,,,,
164.0258,,,82.28169,51.18407,,,,,,,
164.0562,,,82.49208,51.08845,,,,,,,
164.0867,,,82.7028,50.99269,,,,,,,
164.1477,,,82.65144,50.98566,,,,,,,
164.1782,,,82.39012,51.07409,,,,,,,
164.2086,,,82.12868,51.16254,,,,,,,
164.2391,,,81.86685,51.25115,,,,,,,
164.3001,,,81.80025,51.47758,,,,,,,
164.3306,,,81.99472,51.61546,,,,,,,
164.361,,,82.18928,51.7534,,,,,,,
164.3915,,,82.38414,51.89156,,,,,,,
164.4525,,,82.70364,51.81636,,,,,,,
164.483,,,82.82854,51.60344,,,,,,,
164.5134,,,82.95377,51.39001,,,,,,,
164.5439,,,83.07867,51.1771,,,,,,,
164.6049,,,82.6682,51.00585,,,,,,,
164.6354,,,82.13209,51.04762,,,,,,,
164.6658,,,81.59682,51.08931,,,,,,,
164.6963,,,81.06178,51.13099,,,,,,,
164.7573,,,80.2113,51.59259,,,,,,,
164.7878,,,79.89558,52.01312,,,,,,,
164.8182,,,79.58035,52.433,,,,,,,
164.8487,,,79.26526,52.85269,,,,,,,
164.9097,,,79.31264,53.85475,,,,,,,
164.9402,,,79.67585,54.43785,,,,,,,
164.9706,,,80.0385,55.02005,,,,,,,
165.0011,,,80.40099,55.60199,,,,,,,
165.0621,,,81.50488,56.57164,,,,,,,
165.0926,,,82.24738,56.95966,,,,,,,
165.123,,,82.9887,57.34707,,,,,,,
165.1535,,,83.72971,57.73432,,,,,,,
165.2145,,,84.71925,58.47092,,,,,,,
165.245,,,84.96766,58.82064,,,,,,,
165.2754,,,85.21568,59.16981,,,,,,,
165.3059,,,85.46359,59.51883,,,,,,,
165.3669,,,85.39957,59.94208,,,,,,,
165.3974,,,85.08799,60.01584,,,,,,,
165.4278,,,84.77627,60.08962,,,,,,,
165.4583,,,84.46468,60.16338,,,,,,,
165.5193,,,84.78242,59.53803,,,,,,,
165.5498,,,85.41098,58.84006,,,,,,,
165.5802,,,86.03983,58.14178,,,,,,,
165.6107,,,86.66839,57.44381,,,,,,,
165.6717,,,88.6526,55.58517,,,,,,,
165.7022,,,90.00527,54.42725,,,,,,,
165.7326,,,91.35854,53.26882,,,,,,,
165.7631,,,92.71393,52.10858,,,,,,,
165.8241,,,94.53395,50.10113,,,,,,,
165.8546,,,95.00137,49.25218,,,,,,,
165.885,,,95.469,48.40287,,,,,,,
165.9155,,,95.93736,47.55222,,,,,,,
165.9765,,,95.97029,46.65336,,,,,,,
166.007,,,95.53653,46.60319,,,,,,,
166.0374,,,95.10258,46.55299,,,,,,,
166.0679,,,94.66795,46.50272,,,,,,,
166.1289,,,93.38834,46.91479,,,,,,,
166.1594,,,92.54333,47.37651,,,,,,,
166.1898,,,91.69794,47.83844,,,,,,,
166.2203,,,90.85123,48.30108,,,,,,,
166.2813,,,89.14477,49.67952,,,,,,,
166.3118,,,88.28407,50.59541,,,,,,,
166.3422,,,87.42299,51.5117,,,,,,,
166.3727,,,86.56057,52.42942,,,,,,,
166.4337,,,85.38105,53.93922,,,,,,,
166.4642,,,85.06255,54.53258,,,,,,,
166.4946,,,84.74326,55.1274,,,,,,,
166.5251,,,84.42477,55.72076,,,,,,,
166.5861,,,84.22324,56.54288,,,,,,,
166.6166,,,84.34044,56.77181,,,,,,,
166.647,,,84.45745,57.00037,,,,,,,
166.6775,,,84.57442,57.22884,,,,,,,
166.7385,,,84.43794,56.68404,,,,,,,
166.769,,,84.18407,55.90949,,,,,,,
166.7994,,,83.93058,55.13615,,,,,,,
166.8299,,,83.67722,54.36315,,,,,,,
166.8909,,,82.81686,53.31085,,,,,,,
166.9214,,,82.209,53.03151,,,,,,,
166.9518,,,81.60208,52.7526,,,,,,,
166.9823,,,80.99544,52.47382,,,,,,,
167.0433,,,80.27734,51.68111,,,,,,,
167.0738,,,80.16612,51.16645,,,,,,,
167.1042,,,80.05508,50.65259,,,,,,,
167.1347,,,79.94408,50.13895,,,,,,,
167.1957,,,79.57467,50.03088,,,,,,,
167.2262,,,79.31584,50.43771,,,,,,,
167.2566,,,79.05741,50.8439,,,,,,,
167.2871,,,78.7991,51.24991,,,,,,,
167.3481,,,77.83453,51.25069,,,,,,,
167.3786,,,77.12984,50.84579,,,,,,,
167.409,,,76.42484,50.44072,,,,,,,
167.4395,,,75.72015,50.03583,,,,,,,
167.5005,,,75.09507,49.83354,,,,,,,
167.531,,,75.17538,50.03629,,,,,,,
167.5614,,,75.25571,50.23913,,,,,,,
167.5919,,,75.33602,50.44188,,,,,,,
167.6529,,,76.22246,50.78079,,,,,,,
167.6834,,,77.02723,50.91648,,,,,,,
167.7138,,,77.83235,51.05223,,,,,,,
167.7443,,,78.63873,51.18819,,,,,,,
167.8053,,,80.03352,51.73882,,,,,,,
167.8358,,,80.62312,52.15327,,,,,,,
167.8662,,,81.21297,52.56789,,,,,,,
167.8967,,,81.80376,52.98317,,,,,,,
167.9577,,,82.45564,54.06077,,,,,,,
167.9882,,,82.51804,54.72327,,,,,,,
168.0186,,,82.58048,55.38606,,,,,,,
168.0491,,,82.64301,56.04989,,,,,,,
168.1101,,,82.63173,56.74483,,,,,,,
168.1406,,,82.55814,56.77736,,,,,,,
168.171,,,82.48452,56.80991,,,,,,,
168.2015,,,82.41079,56.84249,,,,,,,
168.2625,,,82.2318,57.09224,,,,,,,
168.293,,,82.1265,57.30925,,,,,,,
168.3234,,,82.02094,57.5268,,,,,,,
168.3539,,,81.91563,57.74382,,,,,,,
168.4149,,,81.51096,57.97291,,,,,,,
168.4454,,,81.21183,57.98495,,,,,,,
168.4758,,,80.91197,57.99702,,,,,,,
168.5063,,,80.61284,58.00906,,,,,,,
168.5673,,,80.55683,58.18191,,,,,,,
168.5978,,,80.80039,58.34295,,,,,,,
168.6282,,,81.04356,58.50374,,,,,,,
168.6587,,,81.28663,58.66446,,,,,,,
168.7197,,,82.20017,58.67905,,,,,,,
168.7502,,,82.87159,58.53263,,,,,,,
168.7806,,,83.54196,58.38644,,,,,,,
168.8111,,,84.21204,58.24031,,,,,,,
168.8721,,,84.79417,57.49655,,,,,,,
168.9026,,,84.70568,56.89798,,,,,,,
168.933,,,84.61732,56.30033,,,,,,,
168.9635,,,84.52901,55.70296,,,,,,,
169.0245,,,83.79571,54.23674,,,,,,,
169.055,,,83.14957,53.36671,,,,,,,
169.0854,,,82.50444,52.49805,,,,,,,
169.1159,,,81.85959,51.62976,,,,,,,
169.1769,,,81.24525,50.74495,,,,,,,
169.2074,,,81.27628,50.72926,,,,,,,
169.2378,,,81.30733,50.71355,,,,,,,
169.2683,,,81.33836,50.69786,,,,,,,
169.3293,,,81.76793,51.15393,,,,,,,
169.3598,,,82.16571,51.62487,,,,,,,
169.3902,,,82.56367,52.09602,,,,,,,
169.4207,,,82.96146,52.56695,,,,,,,
169.4817,,,83.11431,53.69661,,,,,,,
169.5122,,,82.86929,54.35367,,,,,,,
169.5426,,,82.62418,55.01101,,,,,,,
169.5731,,,82.37917,55.66807,,,,,,,
169.6341,,,81.88844,56.28383,,,,,,,
169.6646,,,81.64342,56.24169,,,,,,,
169.695,,,81.39831,56.19952,,,,,,,
169.7255,,,81.1528,56.15729,,,,,,,
169.7865,,,81.47182,56.07859,,,,,,,
169.817,,,82.03498,56.04207,,,,,,,
169.8474,,,82.5984,56.00554,,,,,,,
169.8779,,,83.1627,55.96894,,,,,,,
169.9389,,,83.75848,56.44775,,,,,,,
169.9694,,,83.79122,56.96246,,,,,,,
169.9998,,,83.82397,57.47739,,,,,,,
170.0303,,,83.85677,57.99313,,,,,,,
170.0913,,,83.03032,59.04989,,,,,,,
170.1218,,,82.17201,59.59147,,,,,,,
170.1522,,,81.31332,60.13328,,,,,,,
170.1827,,,80.45329,60.67594,,,,,,,
170.2437,,,79.65537,61.5326,,,,,,,
170.2742,,,79.71573,61.8474,,,,,,,
170.3046,,,79.77624,62.16297,,,,,,,
170.3351,,,79.83659,62.47777,,,,,,,
170.3961,,,80.19282,62.83184,,,,,,,
170.4266,,,80.48847,62.87102,,,,,,,
170.457,,,80.78484,62.9103,,,,,,,
170.4875,,,81.0805,62.94949,,,,,,,
170.5485,,,80.90541,62.89218,,,,,,,
170.579,,,80.43388,62.79553,,,,,,,
170.6094,,,79.96308,62.69904,,,,,,,
170.6399,,,79.49249,62.60258,,,,,,,
170.7009,,,78.89784,62.54541,,,,,,,
170.7314,,,78.77381,62.58481,,,,,,,
170.7618,,,78.64996,62.62415,,,,,,,
170.7923,,,78.52618,62.66347,,,,,,,
170.8533,,,78.99989,62.69997,,,,,,,
170.8838,,,79.59853,62.69713,,,,,,,
170.9142,,,80.19624,62.69429,,,,,,,
170.9447,,,80.79368,62.69146,,,,,,,
171.0057,,,81.96424,63.01387,,,,,,,
171.0362,,,82.53799,63.33976,,,,,,,
171.0666,,,83.11083,63.66513,,,,,,,
171.0971,,,83.68343,63.99037,,,,,,,
171.1581,,,84.40081,64.11272,,,,,,,
171.1886,,,84.54477,63.9099,,,,,,,
171.219,,,84.68878,63.70701,,,,,,,
171.2495,,,84.83273,63.5042,,,,,,,
171.3105,,,85.33037,63.27243,,,,,,,
171.341,,,85.68326,63.24375,,,,,,,
171.3714,,,86.0363,63.21507,,,,,,,
171.4019,,,86.3892,63.18639,,,,,,,
171.4629,,,87.3911,63.07817,,,,,,,
171.4934,,,88.03862,62.9988,,,,,,,
171.5238,,,88.68642,62.91939,,,,,,,
171.5543,,,89.33524,62.83986,,,,,,,
171.6153,,,90.25014,62.76445,,,,,,,
171.6458,,,90.51749,62.76835,,,,,,,
171.6762,,,90.78494,62.77226,,,,,,,
171.7067,,,91.05283,62.77618,,,,,,,
171.7677,,,90.69865,62.47881,,,,,,,
171.7982,,,90.07802,62.17791,,,,,,,
171.8286,,,89.45712,61.87689,,,,,,,
171.8591,,,88.83524,61.57539,,,,,,,
171.9201,,,87.23669,61.12801,,,,,,,
171.9506,,,86.25971,60.98161,,,,,,,
171.981,,,85.2823,60.83514,,,,,,,
172.0115,,,84.30336,60.68844,,,,,,,
172.0725,,,83.0377,60.42713,,,,,,,
172.103,,,82.74921,60.31233,,,,,,,
172.1334,,,82.46058,60.19748,,,,,,,
172.1639,,,82.17151,60.08244,,,,,,,
172.2249,,,81.89079,60.05911,,,,,,,
172.2554,,,81.89856,60.15052,,,,,,,
172.2858,,,81.90636,60.24214,,,,,,,
172.3163,,,81.91412,60.33355,,,,,,,
172.3773,,,82.11531,60.55122,,,,,,,
172.4078,,,82.30898,60.67764,,,,,,,
172.4382,,,82.50235,60.80385,,,,,,,
172.4687,,,82.69563,60.93001,,,,,,,
172.5297,,,83.04326,61.20642,,,,,,,
172.5602,,,83.19777,61.35685,,,,,,,
172.5906,,,83.35204,61.50704,,,,,,,
172.6211,,,83.50625,61.65716,,,,,,,
172.6821,,,83.29219,61.8021,,,,,,,
172.7126,,,82.92323,61.79681,,,,,,,
172.743,,,82.55486,61.79155,,,,,,,
172.7735,,,82.18664,61.78627,,,,,,,
172.8345,,,81.76154,61.70596,,,,,,,
172.865,,,81.70483,61.63079,,,,,,,
172.8954,,,81.64819,61.55573,,,,,,,
172.9259,,,81.59158,61.48071,,,,,,,
172.9869,,,81.92095,61.60566,,,,,,,
173.0174,,,82.30774,61.8061,,,,,,,
173.0478,,,82.69394,62.00622,,,,,,,
173.0783,,,83.07996,62.20626,,,,,,,
173.1393,,,83.42366,62.70449,,,,,,,
173.1698,,,83.38103,63.00192,,,,,,,
173.2002,,,83.33839,63.29948,,,,,,,
173.2307,,,83.29576,63.59692,,,,,,,
173.2917,,,82.93917,63.84656,,,,,,,
173.3222,,,82.62579,63.7985,,,,,,,
173.3526,,,82.31226,63.75042,,,,,,,
173.3831,,,81.99888,63.70237,,,,,,,
173.4441,,,81.70421,63.20233,,,,,,,
173.4746,,,81.7233,62.75111,,,,,,,
173.505,,,81.74242,62.29969,,,,,,,
173.5355,,,81.76154,61.84756,,,,,,,
173.5965,,,81.859,61.43077,,,,,,,
173.627,,,81.93726,61.46492,,,,,,,
173.6574,,,82.01555,61.49908,,,,,,,
173.6879,,,82.09397,61.53329,,,,,,,
173.7489,,,82.28709,61.74613,,,,,,,
173.7794,,,82.40184,61.92461,,,,,,,
173.8098,,,82.51664,62.10318,,,,,,,
173.8403,,,82.63162,62.28202,,,,,,,
173.9013,,,82.91891,62.57127,,,,,,,
173.9318,,,83.09129,62.68195,,,,,,,
173.9622,,,83.26374,62.79267,,,,,,,
173.9927,,,83.43646,62.90358,,,,,,,
174.0537,,,83.43391,62.55909,,,,,,,
174.0842,,,83.25915,62.10434,,,,,,,
174.1146,,,83.0843,61.64939,,,,,,,
174.1451,,,82.90918,61.19373,,,,,,,
174.2061,,,82.49995,60.05379,,,,,,,
174.2366,,,82.26569,59.36918,,,,,,,
174.267,,,82.03084,58.6829,,,,,,,
174.2975,,,81.79657,57.99828,,,,,,,
174.3585,,,81.64276,57.81104,,,,,,,
174.389,,,81.7234,58.3093,,,,,,,
174.4194,,,81.8039,58.80678,,,,,,,
174.4499,,,81.88438,59.30405,,,,,,,
174.5109,,,82.06792,60.0189,,,,,,,
174.5414,,,82.17111,60.2366,,,,,,,
174.5718,,,82.27414,60.45397,,,,,,,
174.6023,,,82.37713,60.67124,,,,,,,
174.6633,,,82.37341,61.65014,,,,,,,
174.6938,,,82.26646,62.41293,,,,,,,
174.7242,,,82.15968,63.17455,,,,,,,
174.7547,,,82.05294,63.93582,,,,,,,
174.8157,,,81.70501,64.4265,,,,,,,
174.8462,,,81.46343,64.15481,,,,,,,
174.8766,,,81.22224,63.88356,,,,,,,
174.9071,,,80.98115,63.61242,,,,,,,
174.9681,,,80.67368,62.95731,,,,,,,
174.9986,,,80.6074,62.5728,,,,,,,
175.029,,,80.54121,62.18889,,,,,,,
175.0595,,,80.47506,61.80515,,,,,,,
175.1205,,,80.41764,61.24552,,,,,,,
175.151,,,80.42644,61.07036,,,,,,,
175.1814,,,80.43525,60.89512,,,,,,,
175.2119,,,80.44405,60.71996,,,,,,,
175.2729,,,80.41965,60.70494,,,,,,,
175.3034,,,80.38651,60.86503,,,,,,,
175.3338,,,80.35334,61.02519,,,,,,,
175.3643,,,80.3202,61.18528,,,,,,,
175.4253,,,80.26897,61.63035,,,,,,,
175.4558,,,80.25097,61.91469,,,,,,,
175.4862,,,80.23296,62.19915,,,,,,,
175.5167,,,80.21492,62.48406,,,,,,,
175.5777,,,80.2383,62.55542,,,,,,,
175.6082,,,80.27963,62.34285,,,,,,,
175.6386,,,80.32098,62.1302,,,,,,,
175.6691,,,80.3624,61.91721,,,,,,,
175.7301,,,80.85027,61.3016,,,,,,,
175.7606,,,81.29631,60.89896,,,,,,,
175.791,,,81.74254,60.49615,,,,,,,
175.8215,,,82.18947,60.0927,,,,,,,
175.8825,,,82.50231,59.67146,,,,,,,
175.913,,,82.36932,59.65282,,,,,,,
175.9434,,,82.23627,59.63417,,,,,,,
175.9739,,,82.10301,59.6155,,,,,,,
176.0349,,,81.40994,59.66117,,,,,,,
176.0654,,,80.85035,59.72543,,,,,,,
176.0958,,,80.28939,59.78985,,,,,,,
176.1263,,,79.7298,59.85411,,,,,,,
176.1873,,,79.5704,59.73393,,,,,,,
176.2178,,,79.9704,59.5496,,,,,,,
176.2482,,,80.37138,59.36483,,,,,,,
176.2787,,,80.77137,59.1805,,,,,,,
176.3397,,,81.41751,58.89451,,,,,,,
176.3702,,,81.66386,58.79275,,,,,,,
176.4006,,,81.90984,58.69115,,,,,,,
176.4311,,,82.1557,58.58959,,,,,,,
176.4921,,,81.78047,58.00997,,,,,,,
176.5226,,,81.15826,57.53117,,,,,,,
176.553,,,80.53701,57.05313,,,,,,,
176.5835,,,79.91604,56.57529,,,,,,,
176.6445,,,79.02958,56.1158,,,,,,,
176.675,,,78.76402,56.13449,,,,,,,
176.7054,,,78.49887,56.15315,,,,,,,
176.7359,,,78.23384,56.1718,,,,,,,
176.7969,,,78.34264,55.77271,,,,,,,
176.8274,,,78.71741,55.35413,,,,,,,
176.8578,,,79.09159,54.93621,,,,,,,
176.8883,,,79.46561,54.51848,,,,,,,
176.9493,,,79.87968,54.3341,,,,,,,
176.9798,,,79.9193,54.56741,,,,,,,
177.0102,,,79.95895,54.80083,,,,,,,
177.0407,,,79.99857,55.03414,,,,,,,
177.1017,,,79.63589,55.33963,,,,,,,
177.1322,,,79.23426,55.41142,,,,,,,
177.1626,,,78.83245,55.48325,,,,,,,
177.1931,,,78.43081,55.55503,,,,,,,
177.2541,,,77.88162,56.09549,,,,,,,
177.2846,,,77.73482,56.5633,,,,,,,
177.315,,,77.58795,57.03133,,,,,,,
177.3455,,,77.44115,57.49915,,,,,,,
177.4065,,,77.19981,58.13496,,,,,,,
177.437,,,77.10561,58.30205,,,,,,,
177.4674,,,77.01138,58.46921,,,,,,,
177.4979,,,76.917,58.63663,,,,,,,
177.5589,,,76.37002,58.60012,,,,,,,
177.5894,,,75.91777,58.39685,,,,,,,
177.6198,,,75.46532,58.1935,,,,,,,
177.6503,,,75.01218,57.98982,,,,,,,
177.7113,,,74.32967,57.44434,,,,,,,
177.7418,,,74.09957,57.10246,,,,,,,
177.7722,,,73.86935,56.76042,,,,,,,
177.8027,,,73.63879,56.41786,,,,,,,
177.8637,,,73.894,55.78178,,,,,,,
177.8942,,,74.37881,55.48784,,,,,,,
177.9246,,,74.86383,55.19377,,,,,,,
177.9551,,,75.34962,54.89923,,,,,,,
178.0161,,,76.7061,54.64346,,,,,,,
178.0466,,,77.57703,54.68161,,,,,,,
178.077,,,78.45009,54.71986,,,,,,,
178.1075,,,79.32102,54.75801,,,,,,,
178.1685,,,80.47024,54.62426,,,,,,,
178.199,,,80.74816,54.45247,,,,,,,
178.2294,,,81.02676,54.28026,,,,,,,
178.2599,,,81.30468,54.10847,,,,,,,
178.3209,,,81.28895,53.64122,,,,,,,
178.3514,,,80.99475,53.34538,,,,,,,
178.3818,,,80.70103,53.05001,,,,,,,
178.4123,,,80.40742,52.75477,,,,,,,
178.4733,,,80.66405,52.44431,,,,,,,
178.5038,,,81.21537,52.42922,,,,,,,
178.5342,,,81.76582,52.41416,,,,,,,
178.5647,,,82.31604,52.39911,,,,,,,
178.6257,,,83.64819,52.89373,,,,,,,
178.6562,,,84.43118,53.40434,,,,,,,
178.6866,,,85.21293,53.91415,,,,,,,
178.7171,,,85.99435,54.42374,,,,,,,
178.7781,,,86.73125,55.16691,,,,,,,
178.8086,,,86.68597,55.40052,,,,,,,
178.839,,,86.64077,55.63375,,,,,,,
178.8695,,,86.59558,55.86689,,,,,,,
178.9305,,,86.36416,56.40187,,,,,,,
178.961,,,86.17831,56.70292,,,,,,,
178.9914,,,85.99238,57.00409,,,,,,,
179.0219,,,85.80653,57.30514,,,,,,,
179.0829,,,85.64233,57.52824,,,,,,,
179.1134,,,85.66415,57.45008,,,,,,,
179.1438,,,85.68599,57.37189,,,,,,,
179.1743,,,85.70781,57.29373,,,,,,,
179.2353,,,85.38573,57.40439,,,,,,,
179.2658,,,85.04234,57.59303,,,,,,,
179.2962,,,84.69879,57.78175,,,,,,,
179.3267,,,84.35471,57.97076,,,,,,,
179.3877,,,83.02816,57.59625,,,,,,,
179.4182,,,82.0462,57.03397,,,,,,,
179.4486,,,81.06381,56.47146,,,,,,,
179.4791,,,80.07989,55.90806,,,,,,,
179.5401,,,78.53079,55.08574,,,,,,,
179.5706,,,77.964,54.82579,,,,,,,
179.601,,,77.39698,54.56574,,,,,,,
179.6315,,,76.82906,54.30528,,,,,,,
179.6925,,,76.55146,54.08985,,,,,,,
179.723,,,76.84023,54.13425,,,,,,,
179.7534,,,77.12911,54.17868,,,,,,,
179.7839,,,77.41846,54.22317,,,,,,,
179.8449,,,77.99419,54.4457,,,,,,,
179.8754,,,78.28091,54.62367,,,,,,,
179.9058,,,78.56775,54.80171,,,,,,,
179.9363,,,78.85504,54.98003,,,,,,,
179.9973,,,78.88611,55.1342,,,,,,,
180.0278,,,78.63063,55.1104,,,,,,,
180.0582,,,78.37453,55.08655,,,,,,,
180.0887,,,78.11904,55.06275,,,,,,,
180.1497,,,77.672,54.93424,,,,,,,
180.1802,,,77.48025,54.8294,,,,,,,
180.2106,,,77.28879,54.72471,,,,,,,
180.2411,,,77.09742,54.62007,,,,,,,
180.3021,,,76.80499,54.56824,,,,,,,
180.3326,,,76.70384,54.62117,,,,,,,
180.363,,,76.60287,54.67402,,,,,,,
180.3935,,,76.50193,54.72685,,,,,,,
180.4545,,,76.23721,54.62012,,,,,,,
180.485,,,76.07319,54.46025,,,,,,,
180.5154,,,75.90944,54.30064,,,,,,,
180.5459,,,75.74575,54.1411,,,,,,,
180.6069,,,76.36977,53.32693,,,,,,,
180.6374,,,77.15907,52.67119,,,,,,,
180.6678,,,77.94714,52.01648,,,,,,,
180.6983,,,78.73487,51.36206,,,,,,,
180.7593,,,79.82918,50.9482,,,,,,,
180.7898,,,80.13567,51.18985,,,,,,,
180.8202,,,80.44169,51.43112,,,,,,,
180.8507,,,80.74757,51.67228,,,,,,,
180.9117,,,80.1114,51.75589,,,,,,,
180.9422,,,79.17073,51.59837,,,,,,,
180.9726,,,78.22966,51.44078,,,,,,,
181.0031,,,77.28899,51.28326,,,,,,,
181.0641,,,75.94498,51.65039,,,,,,,
181.0946,,,75.54345,52.17435,,,,,,,
181.125,,,75.14173,52.69855,,,,,,,
181.1555,,,74.7402,53.22252,,,,,,,
181.2165,,,74.25154,53.24173,,,,,,,
181.247,,,74.16509,52.73703,,,,,,,
181.2774,,,74.07861,52.23209,,,,,,,
181.3079,,,73.992,51.72638,,,,,,,
181.3689,,,74.12021,52.30209,,,,,,,
181.3994,,,74.33453,53.38081,,,,,,,
181.4298,,,74.54894,54.46001,,,,,,,
181.4603,,,74.76369,55.5409,,,,,,,
181.5213,,,75.5423,56.65948,,,,,,,
181.5518,,,76.10599,56.69962,,,,,,,
181.5822,,,76.66991,56.73979,,,,,,,
181.6127,,,77.23473,56.78001,,,,,,,
181.6737,,,77.91016,57.25705,,,,,,,
181.7042,,,78.02187,57.6935,,,,,,,
181.7346,,,78.13363,58.13013,,,,,,,
181.7651,,,78.24556,58.56746,,,,,,,
181.8261,,,78.294,58.51561,,,,,,,
181.8566,,,78.23077,58.02773,,,,,,,
181.887,,,78.16752,57.53964,,,,,,,
181.9175,,,78.10417,57.05079,,,,,,,
181.9785,,,78.14004,57.05968,,,,,,,
182.009,,,78.23907,57.55618,,,,,,,
182.0394,,,78.33834,58.05388,,,,,,,
182.0699,,,78.43737,58.55037,,,,,,,
182.1309,,,78.60234,59.27048,,,,,,,
182.1614,,,78.66836,59.49427,,,,,,,
182.1918,,,78.73428,59.7177,,,,,,,
182.2223,,,78.80016,59.94104,,,,,,,
182.2833,,,78.63847,59.77882,,,,,,,
182.3138,,,78.41048,59.39252,,,,,,,
182.3442,,,78.18287,59.00684,,,,,,,
182.3747,,,77.95535,58.62133,,,,,,,
182.4357,,,77.89346,58.16769,,,,,,,
182.4662,,,78.05951,58.09969,,,,,,,
182.4966,,,78.22531,58.0318,,,,,,,
182.5271,,,78.39104,57.96393,,,,,,,
182.5881,,,79.32275,57.81942,,,,,,,
182.6186,,,80.09007,57.74268,,,,,,,
182.649,,,80.85619,57.66607,,,,,,,
182.6795,,,81.62196,57.58949,,,,,,,
182.7405,,,82.92275,58.20016,,,,,,,
182.771,,,83.45812,58.88893,,,,,,,
182.8014,,,83.99267,59.57663,,,,,,,
182.8319,,,84.52696,60.26402,,,,,,,
182.8929,,,85.02003,61.14416,,,,,,,
182.9234,,,84.97828,61.33581,,,,,,,
182.9538,,,84.9365,61.52755,,,,,,,
182.9843,,,84.89474,61.7192,,,,,,,
183.0453,,,84.32842,62.15897,,,,,,,
183.0758,,,83.80476,62.40646,,,,,,,
183.1062,,,83.28085,62.65405,,,,,,,
183.1367,,,82.75719,62.90153,,,,,,,
183.1977,,,81.98006,63.08654,,,,,,,
183.2282,,,81.72771,63.0238,,,,,,,
183.2586,,,81.47526,62.96103,,,,,,,
183.2891,,,81.22241,62.89817,,,,,,,
183.3501,,,81.67151,62.65564,,,,,,,
183.3806,,,82.37193,62.47606,,,,,,,
183.411,,,83.07266,62.2964,,,,,,,
183.4415,,,83.7745,62.11647,,,,,,,
183.5025,,,85.2736,61.67452,,,,,,,
183.533,,,86.07156,61.4124,,,,,,,
183.5634,,,86.86986,61.15016,,,,,,,
183.5939,,,87.66941,60.88752,,,,,,,
183.6549,,,88.77243,60.59113,,,,,,,
183.6854,,,89.07729,60.55686,,,,,,,
183.7158,,,89.38229,60.52258,,,,,,,
183.7463,,,89.68777,60.48824,,,,,,,
183.8073,,,90.90524,60.49031,,,,,,,
183.8378,,,91.81709,60.52661,,,,,,,
183.8682,,,92.73117,60.56301,,,,,,,
183.8987,,,93.64302,60.59931,,,,,,,
183.9597,,,95.22593,60.68411,,,,,,,
183.9902,,,95.89634,60.73257,,,,,,,
184.0206,,,96.56841,60.78115,,,,,,,
184.0511,,,97.23882,60.82961,,,,,,,
184.1121,,,96.73958,60.94368,,,,,,,
184.1426,,,95.56792,61.00936,,,,,,,
184.173,,,94.3981,61.07494,,,,,,,
184.2035,,,93.22879,61.1405,,,,,,,
184.2645,,,90.71927,61.08257,,,,,,,
184.295,,,89.37746,60.95884,,,,,,,
184.3254,,,88.03773,60.83531,,,,,,,
184.3559,,,86.69861,60.71184,,,,,,,
184.4169,,,84.85821,60.3853,,,,,,,
184.4474,,,84.35695,60.18195,,,,,,,
184.4778,,,83.85647,59.97893,,,,,,,
184.5083,,,83.35622,59.77599,,,,,,,
184.5693,,,82.53055,59.37958,,,,,,,
184.5998,,,82.20492,59.1859,,,,,,,
184.6302,,,81.8798,58.99252,,,,,,,
184.6607,,,81.55482,58.79923,,,,,,,
184.7217,,,81.59371,58.46302,,,,,,,
184.7522,,,81.95723,58.32058,,,,,,,
184.7826,,,82.3209,58.17807,,,,,,,
184.8131,,,82.68441,58.03562,,,,,,,
184.8741,,,84.10934,58.064,,,,,,,
184.9046,,,85.1685,58.2347,,,,,,,
184.935,,,86.22813,58.40546,,,,,,,
184.9655,,,87.28729,58.57616,,,,,,,
185.0265,,,88.23804,58.69084,,,,,,,
185.057,,,88.12841,58.63468,,,,,,,
185.0874,,,88.01873,58.57849,,,,,,,
185.1179,,,87.9091,58.52233,,,,,,,
185.1789,,,87.10455,58.73093,,,,,,,
185.2094,,,86.41077,58.99541,,,,,,,
185.2398,,,85.7167,59.26,,,,,,,
185.2703,,,85.02153,59.52501,,,,,,,
185.3313,,,84.39033,59.54739,,,,,,,
185.3618,,,84.45255,59.30571,,,,,,,
185.3922,,,84.51482,59.06392,,,,,,,
185.4227,,,84.57716,58.82175,,,,,,,
185.4837,,,83.81548,58.42937,,,,,,,
185.5142,,,82.99246,58.2788,,,,,,,
185.5446,,,82.16908,58.12815,,,,,,,
185.5751,,,81.34441,57.97727,,,,,,,
185.6361,,,79.57733,57.31051,,,,,,,
185.6666,,,78.63411,56.79482,,,,,,,
185.697,,,77.69048,56.27889,,,,,,,
185.7275,,,76.74537,55.76216,,,,,,,
185.7885,,,76.4624,55.24007,,,,,,,
185.819,,,77.12225,55.23375,,,,,,,
185.8494,,,77.78371,55.22742,,,,,,,
185.8799,,,78.44355,55.2211,,,,,,,
185.9409,,,79.83685,55.13601,,,,,,,
185.9714,,,80.56967,55.05728,,,,,,,
186.0018,,,81.30428,54.97837,,,,,,,
186.0323,,,82.0371,54.89964,,,,,,,
186.0933,,,82.50549,54.80658,,,,,,,
186.1238,,,82.24034,54.79224,,,,,,,
186.1542,,,81.9756,54.77793,,,,,,,
186.1847,,,81.71098,54.76362,,,,,,,
186.2457,,,81.33023,54.97735,,,,,,,
186.2762,,,81.21406,55.20579,,,,,,,
186.3066,,,81.09805,55.43387,,,,,,,
186.3371,,,80.98212,55.66185,,,,,,,
186.3981,,,81.06936,56.2748,,,,,,,
186.4286,,,81.273,56.66032,,,,,,,
186.459,,,81.47633,57.04524,,,,,,,
186.4895,,,81.67957,57.42999,,,,,,,
186.5505,,,81.64858,58.09512,,,,,,,
186.581,,,81.4137,58.37573,,,,,,,
186.6114,,,81.17918,58.6559,,,,,,,
186.6419,,,80.94476,58.93595,,,,,,,
186.7029,,,80.63821,59.23655,,,,,,,
186.7334,,,80.56645,59.25678,,,,,,,
186.7638,,,80.49467,59.27702,,,,,,,
186.7943,,,80.42291,59.29724,,,,,,,
186.8553,,,80.60484,59.29778,,,,,,,
186.8858,,,80.85818,59.27809,,,,,,,
186.9162,,,81.11163,59.25839,,,,,,,
186.9467,,,81.36497,59.2387,,,,,,,
187.0077,,,81.07117,59.92805,,,,,,,
187.0382,,,80.52452,60.63605,,,,,,,
187.0686,,,79.97762,61.34435,,,,,,,
187.0991,,,79.42987,62.05376,,,,,,,
187.1601,,,78.4355,63.00387,,,,,,,
187.1906,,,77.98814,63.246,,,,,,,
187.221,,,77.54057,63.48823,,,,,,,
187.2515,,,77.09231,63.73084,,,,,,,
187.3125,,,77.11559,63.65585,,,,,,,
187.343,,,77.58553,63.33919,,,,,,,
187.3734,,,78.05568,63.0224,,,,,,,
187.4039,,,78.52657,62.7051,,,,,,,
187.4649,,,79.26624,61.99673,,,,,,,
187.4954,,,79.53577,61.60537,,,,,,,
187.5258,,,79.80541,61.21384,,,,,,,
187.5563,,,80.07549,60.8217,,,,,,,
187.6173,,,81.36006,60.24094,,,,,,,
187.6478,,,82.37421,60.0517,,,,,,,
187.6782,,,83.38881,59.86238,,,,,,,
187.7087,,,84.405,59.67276,,,,,,,
187.7697,,,87.17151,59.66427,,,,,,,
187.8002,,,88.92243,59.84492,,,,,,,
187.8306,,,90.67764,60.026,,,,,,,
187.8611,,,92.42857,60.20665,,,,,,,
187.9221,,,94.24125,60.15798,,,,,,,
187.9526,,,94.30254,59.92828,,,,,,,
187.983,,,94.36375,59.69894,,,,,,,
188.0135,,,94.42493,59.4697,,,,,,,
188.0745,,,93.29056,59.3149,,,,,,,
188.105,,,92.09307,59.38957,,,,,,,
188.1354,,,90.89746,59.46412,,,,,,,
188.1659,,,89.70237,59.53864,,,,,,,
188.2269,,,87.59991,59.29111,,,,,,,
188.2574,,,86.6917,58.96845,,,,,,,
188.2878,,,85.7849,58.64629,,,,,,,
188.3183,,,84.87851,58.32428,,,,,,,
188.3488,,,83.97172,58.00212,,,,1.014266,,,
188.3793,,,83.50282,57.80941,,,,,,,
188.4098,,,83.03334,57.61644,,,,,,,
188.4402,,,82.56459,57.42378,,,,,,,
188.4707,,,82.09605,57.2312,,,,,,,
188.5012,,,81.6273,57.03854,,,,1.603396,,,
188.5317,,,81.76005,56.7077,,,,,,,
188.5622,,,81.8933,56.37626,,,,,,,
188.5926,,,82.02636,56.04535,,,,,,,
188.6231,,,82.15935,55.71458,,,,,,,
188.6536,,,82.29239,55.38366,,,,1.086405,,,
188.6841,,,82.32117,55.43948,,,,,,,
188.7146,,,82.34982,55.49541,,,,,,,
188.745,,,82.37849,55.55136,,,,,,,
188.7755,,,82.40714,55.60729,,,,,,,
188.806,,,82.43579,55.66325,,,,1.509915,,,
188.8365,,,81.92996,55.86812,,,,,,,
188.867,,,81.42493,56.07261,,,,,,,
188.8974,,,80.91968,56.27719,,,,,,,
188.9279,,,80.41465,56.48168,,,,,,,
188.9584,,,79.90842,56.68676,,,,1.574018,,,
188.9889,,,79.439,56.98007,,,,,,,
189.0194,,,78.96976,57.27324,,,,,,,
189.0498,,,78.50034,57.56655,,,,,,,
189.0803,,,78.03017,57.86031,,,,,,,
189.1108,,,77.56091,58.1537,,,,1.472693,,,
189.1413,,,77.28526,58.54574,,,,,,,
189.1718,,,77.00973,58.9376,,,,,,,
189.2022,,,76.73408,59.32964,,,,,,,
189.2327,,,76.458,59.72229,,,,,,,
189.2632,,,76.18259,60.1141,,,,0.9323433,,,
189.2937,,,76.25389,60.19455,,,,,,,
189.3242,,,76.32516,60.27497,,,,,,,
189.3546,,,76.39647,60.35542,,,,,,,
189.3851,,,76.46788,60.436,,,,,,,
189.4156,,,76.53921,60.51638,,,,1.455035,,,
189.4461,,,76.66407,60.46623,,,,,,,
189.4766,,,76.78887,60.4161,,,,,,,
189.507,,,76.91373,60.36594,,,,,,,
189.5375,,,77.0388,60.31572,,,,,,,
189.568,,,77.16373,60.26559,,,,1.735338,,,
189.5985,,,77.48203,60.29747,,,,,,,
189.629,,,77.80019,60.32934,,,,,,,
189.6594,,,78.11849,60.36122,,,,,,,
189.6899,,,78.43728,60.39315,,,,,,,
189.7204,,,78.75559,60.42502,,,,1.245426,,,
189.7509,,,79.10378,,,,,,,,
189.7814,,,79.45181,,,,,,,,
189.8118,,,79.80068,,,,,,,,
189.8423,,,80.14871,,,,,,,,
189.8728,,,80.49684,,,,,1.910803,,,
189.9033,,,80.22174,,,,,,,,
189.9338,,,79.94621,,,,,,,,
189.9642,,,79.67109,,,,,,,,
189.9947,,,79.3961,,,,,,,,
190.0252,,,79.121,,,,,1.450527,,,
190.0557,,,79.19344,,,,,,,,
190.0862,,,79.26601,,,,,,,,
190.1166,,,79.33847,,,,,,,,
190.1471,,,79.4109,,,,,,,,
190.1776,,,79.48336,,,,,1.786985,,,
190.2081,,,80.14076,,,,,,,,
190.2386,,,80.79933,,,,,,,,
190.269,,,81.45688,,,,,,,,
190.2995,,,82.11413,,,,,,,,
190.33,,,82.77168,,,,,1.721813,,,
190.3605,,,83.34348,,,,,,,,
190.391,,,83.91616,,,,,,,,
190.4214,,,84.48793,,,,,,,,
190.4519,,,85.05946,,,,,,,,
190.4824,,,85.63124,,,,,1.63848,,,
190.5129,,,85.87978,,,,,,,,
190.5434,,,86.12852,,,,,,,,
190.5738,,,86.37689,,,,,,,,
190.6043,,,86.62514,,,,,,,,
190.6348,,,86.8735,,,,,1.426883,,,
190.6653,,,86.77188,,,,,,,,
190.6958,,,86.67027,,,,,,,,
190.7262,,,86.5686,,,,,,,,
190.7567,,,86.46699,,,,,,,,
190.7872,,,86.36568,,,,,1.168644,,,
190.8177,,,86.75459,,,,,,,,
190.8482,,,87.14333,,,,,,,,
190.8786,,,87.53225,,,,,,,,
190.9091,,,87.921,,,,,,,,
190.9396,,,88.31137,,,,,0.8979962,,,
190.9701,,,89.39317,,,,,,,,
191.0006,,,90.4745,,,,,,,,
191.031,,,91.55631,,,,,,,,
191.0615,,,92.63981,,,,,,,,
191.092,,,93.72076,,,,,1.148772,,,
191.1225,,,93.75726,,,,,,,,
191.153,,,93.79375,,,,,,,,
191.1834,,,93.83025,,,,,,,,
191.2139,,,93.86681,,,,,,,,
191.2444,,,93.90276,,,,,1.119354,,,
191.2749,,,93.11128,,,,,,,,
191.3054,,,92.32014,,,,,,,,
191.3358,,,91.52866,,,,,,,,
191.3663,,,90.73595,,,,,,,,
191.3968,,,89.94463,,,,,1.059834,,,
191.4273,,,89.4851,,,,,,,,
191.4578,,,89.02576,,,,,,,,
191.4882,,,88.56623,,,,,,,,
191.5187,,,88.10597,,,,,,,,
191.5492,,,87.64642,,,,,1.126521,,,
191.5797,,,87.14185,,,,,,,,
191.6102,,,86.6375,,,,,,,,
191.6406,,,86.13193,,,,,,,,
191.6711,,,85.62758,,,,,,,,
191.7016,,,85.1231,,,,,1.309749,,,
191.7321,,,85.10979,,,,,,,,
191.7626,,,85.09649,,,,,,,,
191.793,,,85.08317,,,,,,,,
191.8235,,,85.06987,,,,,,,,
191.854,,,85.05656,,,,,1.392285,,,
191.8845,,,84.68708,,,,,,,,
191.915,,,84.31703,,,,,,,,
191.9454,,,83.94756,,,,,,,,
191.9759,,,83.57824,,,,,,,,
192.0064,,,83.20877,,,,,1.424292,,,
192.0369,,,82.04826,,,,,,,,
192.0674,,,80.88583,,,,,,,,
192.0978,,,79.72523,,,,,,,,
192.1283,,,78.56512,,,,,,,,
192.1588,,,77.40451,,,,,1.281565,,,
192.1893,,,77.16476,,,,,,,,
192.2198,,,76.9249,,,,,,,,
192.2502,,,76.6854,,,,,,,,
192.2807,,,76.44601,,,,,,,,
192.3112,,,76.20653,,,,,1.5788,,,
192.3417,,,76.69337,,,,,,,,
192.3722,,,77.1813,,,,,,,,
192.4026,,,77.66848,,,,,,,,
192.4331,,,78.15543,,,,,,,,
192.4636,,,78.64261,,,,,1.569317,,,
192.4941,,,78.67979,,,,,,,,
192.5246,,,78.71662,,,,,,,,
192.555,,,78.75347,,,,,,,,
192.5855,,,78.79029,,,,,,,,
192.616,,,78.82713,,,,,1.661281,,,
192.6465,,,78.51769,,,,,,,,
192.677,,,78.20874,,,,,,,,
192.7074,,,77.89965,,,,,,,,
192.7379,,,77.59071,,,,,,,,
192.7684,,,77.28186,,,,,1.835591,,,
192.7989,,,77.77006,,,,,,,,
192.8294,,,78.25803,,,,,,,,
192.8598,,,78.74623,,,,,,,,
192.8903,,,79.23421,,,,,,,,
192.9208,,,79.72332,,,,,1.263976,,,
192.9513,,,80.15216,,,,,,,,
192.9818,,,80.5808,,,,,,,,
193.0122,,,81.00964,,,,,,,,
193.0427,,,81.43914,,,,,,,,
193.0732,,,81.8673,,,,,1.626045,,,
193.1037,,,81.42346,,,,,,,,
193.1342,,,80.97981,,,,,,,,
193.1646,,,80.53596,,,,,,,,
193.1951,,,80.09143,,,,,,,,
193.2256,,,79.64825,,,,,1.599545,,,
193.2561,,,80.29133,,,,,,,,
193.2866,,,80.93413,,,,,,,,
193.317,,,81.5772,,,,,,,,
193.3475,,,82.22128,,,,,,,,
193.378,,,82.86459,,,,,1.653774,,,
193.4085,,,84.02691,,,,,,,,
193.439,,,85.18873,,,,,,,,
193.4694,,,86.35104,,,,,,,,
193.4999,,,87.51518,,,,,,,,
193.5304,,,88.6771,,,,,1.659415,,,
193.5609,,,88.48434,,,,,,,,
193.5914,,,88.29167,,,,,,,,
193.6218,,,88.09853,,,,,,,,
193.6523,,,87.90586,,,,,,,,
193.6828,,,87.71304,,,,,1.431442,,,
193.7133,,,86.98658,,,,,,,,
193.7438,,,86.26044,,,,,,,,
193.7742,,,85.53253,,,,,,,,
193.8047,,,84.80639,,,,,,,,
193.8352,,,84.07994,,,,,1.182663,,,
193.8657,,,84.18656,,,,,,,,
193.8962,,,84.29337,,,,,,,,
193.9266,,,84.40002,,,,,,,,
193.9571,,,84.50662,,,,,,,,
193.9876,,,84.61327,,,,,1.405524,,,
194.0181,,,85.00295,,,,,,,,
194.0486,,,85.3933,,,,,,,,
194.079,,,85.78304,,,,,,,,
194.1095,,,86.1726,,,,,,,,
194.14,,,86.56234,,,,,1.37395,,,
194.1705,,,86.1965,,,,,,,,
194.201,,,85.82983,,,,,,,,
194.2314,,,85.46374,,,,,,,,
194.2619,,,85.0978,,,,,,,,
194.2924,,,84.73171,,,,,1.69754,,,
194.3229,,,84.01077,,,,,,,,
194.3534,,,83.28854,,,,,,,,
194.3838,,,82.56744,,,,,,,,
194.4143,,,81.84664,,,,,,,,
194.4448,,,81.12553,,,,,1.378247,,,
194.4753,,,80.67149,,,,,,,,
194.5058,,,80.21872,,,,,,,,
194.5362,,,79.76576,,,,,,,,
194.5667,,,79.313,,,,,,,,
194.5972,,,78.86004,,,,,1.055328,,,
194.6277,,,78.66113,,,,,,,,
194.6582,,,78.46291,,,,,,,,
194.6886,,,78.26461,,,,,,,,
194.7191,,,78.06639,,,,,,,,
194.7496,,,77.86838,,,,,1.485718,,,
194.7801,,,78.32867,,,,,,,,
194.8106,,,78.78876,,,,,,,,
194.841,,,79.24905,,,,,,,,
194.8715,,,79.71007,,,,,,,,
194.902,,,80.17029,,,,,1.266981,,,
194.9325,,,80.54522,,,,,,,,
194.963,,,80.91998,,,,,,,,
194.9934,,,81.29491,,,,,,,,
195.0239,,,81.67043,,,,,,,,
195.0544,,,82.04498,,,,,1.1075,,,
195.0849,,,81.89966,,,,,,,,
195.1154,,,81.75439,,,,,,,,
195.1458,,,81.60905,,,,,,,,
195.1763,,,81.46349,,,,,,,,
195.2068,,,81.31839,,,,,1.232407,,,
195.2373,,,81.57289,,,,,,,,
195.2678,,,81.82728,,,,,,,,
195.2982,,,82.08177,,,,,,,,
195.3287,,,82.33668,,,,,,,,
195.3592,,,82.59103,,,,,1.0434,,,
195.3897,,,82.49825,,,,,,,,
195.4202,,,82.40549,,,,,,,,
195.4506,,,82.3127,,,,,,,,
195.4811,,,82.21976,,,,,,,,
195.5116,,,82.12688,,,,,1.05106,,,
195.5421,,,81.66973,,,,,,,,
195.5726,,,81.21278,,,,,,,,
195.603,,,80.75471,,,,,,,,
195.6335,,,80.29777,,,,,,,,
195.664,,,79.84066,,,,,1.117652,,,
195.6945,,,79.84066,,,,,,,,
195.725,,,79.84066,,,,,,,,
195.7554,,,79.84066,,,,,,,,
195.7859,,,79.84066,,,,,,,,
195.8164,,,79.84066,,,,,1.541731,,,
195.8469,,,80.09447,,,,,,,,
195.8774,,,80.34869,,,,,,,,
195.9078,,,80.6025,,,,,,,,
195.9383,,,80.85621,,,,,,,,
195.9688,,,81.11003,,,,,1.87728,,,
195.9993,,,80.91772,,,,,,,,
196.0298,,,80.72501,,,,,,,,
196.0602,,,80.53259,,,,,,,,
196.0907,,,80.34026,,,,,,,,
196.1212,,,80.14785,,,,,1.015676,,,
196.1517,,,80.18051,,,,,,,,
196.1822,,,80.21332,,,,,,,,
196.2126,,,80.24607,,,,,,,,
196.2431,,,80.27881,,,,,,,,
196.2736,,,80.31156,,,,,1.029816,,,
196.3041,,,80.6788,,,,,,,,
196.3346,,,81.0468,,,,,,,,
196.365,,,81.41423,,,,,,,,
196.3955,,,81.78149,,,,,,,,
196.426,,,82.14891,,,,,1.446861,,,
196.4565,,,81.61422,,,,,,,,
196.487,,,81.08021,,,,,,,,
196.5174,,,80.54596,,,,,,,,
196.5479,,,80.01195,,,,,,,,
196.5784,,,79.47769,,,,,1.496466,,,
196.6089,,,79.24977,,,,,,,,
196.6394,,,79.02266,,,,,,,,
196.6698,,,78.79544,,,,,,,,
196.7003,,,78.56834,,,,,,,,
196.7308,,,78.34142,,,,,1.35355,,,
196.7613,,,78.8685,,,,,,,,
196.7918,,,79.39536,,,,,,,,
196.8222,,,79.92244,,,,,,,,
196.8527,,,80.45035,,,,,,,,
196.8832,,,80.97729,,,,,1.437791,,,
196.9137,,,81.32595,,,,,,,,
196.9442,,,81.67445,,,,,,,,
196.9746,,,82.02312,,,,,,,,
197.0051,,,82.37232,,,,,,,,
197.0356,,,82.72106,,,,,1.997809,,,
197.0661,,,83.18606,,,,,,,,
197.0966,,,83.65085,,,,,,,,
197.127,,,84.11584,,,,,,,,
197.1575,,,84.58157,,,,,,,,
197.188,,,85.04671,,,,,1.238222,,,
197.2185,,,85.78326,,,,,,,,
197.249,,,86.51949,,,,,,,,
197.2794,,,87.25604,,,,,,,,
197.3099,,,87.99374,,,,,,,,
197.3404,,,88.73016,,,,,1.01791,,,
197.3709,,,89.06313,,,,,,,,
197.4014,,,89.39595,,,,,,,,
197.4318,,,89.72891,,,,,,,,
197.4623,,,90.0624,,,,,,,,
197.4928,,,90.39523,,,,,1.248575,,,
197.5233,,,90.02542,,,,,,,,
197.5538,,,89.65577,,,,,,,,
197.5842,,,89.28522,,,,,,,,
197.6147,,,88.91557,,,,,,,,
197.6452,,,88.54575,,,,,1.258028,,,
197.6757,,,88.13824,,,,,,,,
197.7062,,,87.73009,,,,,,,,
197.7366,,,87.32259,,,,,,,,
197.7671,,,86.91525,,,,,,,,
197.7976,,,86.50774,,,,,1.069873,,,
197.8281,,,86.07201,,,,,,,,
197.8586,,,85.63558,,,,,,,,
197.889,,,85.19984,,,,,,,,
197.9195,,,84.76429,,,,,,,,
197.95,,,84.32855,,,,,1.048478,,,
197.9805,,,84.07801,,,,,,,,
198.011,,,83.82713,,,,,,,,
198.0414,,,83.57663,,,,,,,,
198.0719,,,83.32625,,,,,,,,
198.1024,,,83.07575,,,,,1.267729,,,
198.1329,,,82.92449,,,,,,,,
198.1634,,,82.77304,,,,,,,,
198.1938,,,82.62183,,,,,,,,
198.2243,,,82.47067,,,,,,,,
198.2548,,,82.31946,,,,,1.112762,,,
198.2853,,,81.72646,,,,,,,,
198.3158,,,81.13228,,,,,,,,
198.3462,,,80.53903,,,,,,,,
198.3767,,,79.94604,,,,,,,,
198.4072,,,79.35278,,,,,1.176827,,,
198.4377,,,79.17653,,,,,,,,
198.4682,,,79.00101,,,,,,,,
198.4986,,,78.82542,,,,,,,,
198.5291,,,78.64989,,,,,,,,
198.5596,,,78.47401,,,,,0.8850583,,,
198.5901,,,78.34631,,,,,,,,
198.6206,,,78.21867,,,,,,,,
198.651,,,78.09098,,,,,,,,
198.6815,,,77.96335,,,,,,,,
198.712,,,77.83495,,,,,1.477404,,,
198.7425,,,77.22503,,,,,,,,
198.773,,,76.61537,,,,,,,,
198.8034,,,76.00546,,,,,,,,
198.8339,,,75.39458,,,,,,,,
198.8644,,,74.7852,,,,,1.317702,,,
198.8949,,,74.86469,,,,,,,,
198.9254,,,74.94415,,,,,,,,
198.9558,,,75.02363,,,,,,,,
198.9863,,,75.10324,,,,,,,,
199.0168,,,75.18317,,,,,1.577226,,,
199.0473,,,75.96613,,,,,,,,
199.0778,,,76.74873,,,,,,,,
199.1082,,,77.53169,,,,,,,,
199.1387,,,78.31586,,,,,,,,
199.1692,,,79.09877,,,,,1.697776,,,
199.1997,,,79.77734,,,,,,,,
199.2302,,,80.45559,,,,,,,,
199.2606,,,81.13415,,,,,,,,
199.2911,,,81.81377,,,,,,,,
199.3216,,,82.49234,,,,,1.570269,,,
199.3521,,,83.20443,,,,,,,,
199.3826,,,83.91621,,,,,,,,
199.413,,,84.62973,,,,,,,,
199.4435,,,85.34151,,,,,,,,
199.474,,,86.05363,,,,,1.045384,,,
199.5045,,,86.92607,,,,,,,,
199.535,,,87.79813,,,,,,,,
199.5654,,,88.67232,,,,,,,,
199.5959,,,89.54437,,,,,,,,
199.6264,,,90.41681,,,,,0.8832923,,,
199.6569,,,90.36145,,,,,,,,
199.6874,,,90.30599,,,,,,,,
199.7178,,,90.25062,,,,,,,,
199.7483,,,90.19527,,,,,,,,
199.7788,,,90.1399,,,,,1.290027,,,
199.8093,,,88.7754,,,,,,,,
199.8398,,,87.40854,,,,,,,,
199.8702,,,86.0438,,,,,,,,
199.9007,,,84.67968,,,,,,,,
199.9312,,,83.31495,,,,,1.364071,,,
199.9617,,,82.19759,,,,,,,,
199.9922,,,81.07855,,,,,,,,
200.0226,,,79.96127,,,,,,,,
200.0531,,,78.84447,,,,,,,,
200.0836,,,77.7272,,,,,1.488158,,,
200.1141,,,77.82384,,,,,,,,
200.1446,,,77.92122,,,,,,,,
200.175,,,78.01845,,,,,,,,
200.2055,,,78.11564,,,,,,,,
200.236,,,78.21287,,,,,1.75875,,,
200.2665,,,78.44762,,,,,,,,
200.297,,,78.6819,,,,,,,,
200.3274,,,78.91627,,,,,,,,
200.3579,,,79.15054,,,,,,,,
200.3884,,,79.38491,,,,,1.070444,,,
200.4189,,,78.91118,,,,,,,,
200.4494,,,78.43803,,,,,,,,
200.4798,,,77.96468,,,,,,,,
200.5103,,,77.49153,,,,,,,,
200.5408,,,77.01706,,,,,1.588025,,,
200.5713,,,76.37995,,,,,,,,
200.6018,,,75.74312,,,,,,,,
200.6322,,,75.106,,,,,,,,
200.6627,,,74.46918,,,,,,,,
200.6932,,,73.83108,,,,,1.334563,,,
200.7237,,,73.50954,,,,,,,,
200.7542,,,73.18814,,,,,,,,
200.7846,,,72.8666,,,,,,,,
200.8151,,,72.54456,,,,,,,,
200.8456,,,72.22363,,,,,1.595194,,,
200.8761,,,72.72666,,,,,,,,
200.9066,,,73.22948,,,,,,,,
200.937,,,73.73251,,,,,,,,
200.9675,,,74.23633,,,,,,,,
200.998,,,74.73979,,,,,1.508932,,,
201.0285,,,75.99047,,,,,,,,
201.059,,,77.2406,,,,,,,,
201.0894,,,78.49127,,,,,,,,
201.1199,,,79.7439,,,,,,,,
201.1504,,,80.99422,,,,,1.24799,,,
201.1809,,,81.36642,,,,,,,,
201.2114,,,81.73846,,,,,,,,
201.2418,,,82.11065,,,,,,,,
201.2723,,,82.48344,,,,,,,,
201.3028,,,82.85525,,,,,1.097729,,,
201.3333,,,81.73319,,,,,,,,
201.3638,,,80.61162,,,,,,,,
201.3942,,,79.48731,,,,,,,,
201.4247,,,78.36575,,,,,,,,
201.4552,,,77.24369,,,,,1.343248,,,
201.4857,,,76.19314,,,,,,,,
201.5162,,,75.14304,,,,,,,,
201.5466,,,74.09039,,,,,,,,
201.5771,,,73.04029,,,,,,,,
201.6076,,,71.98974,,,,,1.34986,,,
201.6381,,,71.91368,,,,,,,,
201.6686,,,71.83756,,,,,,,,
201.699,,,71.76157,,,,,,,,
201.7295,,,71.6856,,,,,,,,
201.76,,,71.6096,,,,,1.498467,,,
201.7905,,,71.97011,,,,,,,,
201.821,,,72.33128,,,,,,,,
201.8514,,,72.69189,,,,,,,,
201.8819,,,73.05235,,,,,,,,
201.9124,,,73.41296,,,,,1.468622,,,
201.9429,,,73.18111,,,,,,,,
201.9734,,,72.94869,,,,,,,,
202.0038,,,72.71663,,,,,,,,
202.0343,,,72.48467,,,,,,,,
202.0648,,,72.2526,,,,,1.50344,,,
202.0953,,,71.67192,,,,,,,,
202.1258,,,71.09016,,,,,,,,
202.1562,,,70.50929,,,,,,,,
202.1867,,,69.9287,,,,,,,,
202.2172,,,69.34783,,,,,1.481351,,,
202.2477,,,69.58142,,,,,,,,
202.2782,,,69.81502,,,,,,,,
202.3086,,,70.04871,,,,,,,,
202.3391,,,70.2823,,,,,,,,
202.3696,,,70.51599,,,,,1.612796,,,
202.4001,,,70.43046,,,,,,,,
202.4306,,,70.34486,,,,,,,,
202.461,,,70.25924,,,,,,,,
202.4915,,,70.17365,,,,,,,,
202.522,,,70.08785,,,,,1.320677,,,
202.5525,,,70.00768,,,,,,,,
202.583,,,69.92754,,,,,,,,
202.6134,,,69.84737,,,,,,,,
202.6439,,,69.76707,,,,,,,,
202.6744,,,69.68806,,,,,1.584538,,,
202.7049,,,70.98219,,,,,,,,
202.7354,,,72.27577,,,,,,,,
202.7658,,,73.5699,,,,,,,,
202.7963,,,74.86607,,,,,,,,
202.8268,,,76.15966,,,,,1.210041,,,
202.8573,,,76.65482,,,,,,,,
202.8878,,,77.14975,,,,,,,,
202.9182,,,77.64491,,,,,,,,
202.9487,,,78.14083,,,,,,,,
202.9792,,,78.63543,,,,,1.059534,,,
203.0097,,,78.06966,,,,,,,,
203.0402,,,77.50414,,,,,,,,
203.0706,,,76.93836,,,,,,,,
203.1011,,,76.3717,,,,,,,,
203.1316,,,75.80619,,,,,0.945132,,,
203.1621,,,75.95603,,,,,,,,
203.1926,,,76.1058,,,,,,,,
203.223,,,76.25564,,,,,,,,
203.2535,,,76.4057,,,,,,,,
203.284,,,76.55558,,,,,0.7740293,,,
203.3145,,,76.88432,,,,,,,,
203.345,,,77.21291,,,,,,,,
203.3754,,,77.5423,,,,,,,,
203.4059,,,77.8709,,,,,,,,
203.4364,,,78.19962,,,,,1.047334,,,
203.4669,,,78.14927,,,,,,,,
203.4974,,,78.09894,,,,,,,,
203.5278,,,78.04848,,,,,,,,
203.5583,,,77.99815,,,,,,,,
203.5888,,,77.94779,,,,,0.8043858,,,
203.6193,,,77.59589,,,,,,,,
203.6498,,,77.2434,,,,,,,,
203.6802,,,76.89146,,,,,,,,
203.7107,,,76.53968,,,,,,,,
203.7412,,,76.18774,,,,,0.8889247,,,
203.7717,,,75.75518,,,,,,,,
203.8022,,,75.32191,,,,,,,,
203.8326,,,74.88934,,,,,,,,
203.8631,,,74.45693,,,,,,,,
203.8936,,,74.02435,,,,,,,,
203.9241,,,74.21799,,,,,,,,
203.9546,,,74.41221,,,,,,,,
203.985,,,74.60612,,,,,,,,
204.0155,,,74.79996,,,,,,,,
204.046,,,74.99387,,,,,,,,
204.0765,,,75.39031,,,,,,,,
204.107,,,75.78749,,,,,,,,
204.1374,,,76.18405,,,,,,,,
204.1679,,,76.58044,,,,,,,,
204.1984,,,76.977,,,,,,,,
204.2289,,,76.52373,,,,,,,,
204.2594,,,76.07095,,,,,,,,
204.2898,,,75.61795,,,,,,,,
204.3203,,,75.16516,,,,,,,,
204.3508,,,74.71217,,,,,,,,
0.0332,,,,,,,,,,1.4732,
0.1856,,,,,,,,,,1.4699,
0.338,,,,,,,,,,1.4648,
0.4904,,,,,,,,,,1.4632,
0.6428,,,,,,,,,,1.4631,
0.7952,,,,,,,,,,1.4632,
0.9476,,,,,,,,,,1.4648,
1.1,,,,,,,,,,1.4699,
1.2524,,,,,,,,,,1.4732,
1.4048,,,,,,,,,,1.4784,
1.5572,,,,,,,,,,1.4818,
1.7096,,,,,,,,,,1.4889,
1.862,,,,,,,,,,1.4994,
2.0144,,,,,,,,,,1.5172,
2.1668,,,,,,,,,,1.5409,
2.3192,,,,,,,,,,1.5596,
2.4716,,,,,,,,,,1.5692,
2.624,,,,,,,,,,1.5693,
2.7764,,,,,,,,,,1.5617,
2.9288,,,,,,,,,,1.5542,
3.0812,,,,,,,,,,1.5542,
3.2336,,,,,,,,,,1.5599,
3.386,,,,,,,,,,1.5636,
3.5384,,,,,,,,,,1.5694,
3.6908,,,,,,,,,,1.5712,
3.8432,,,,,,,,,,1.5694,
3.9956,,,,,,,,,,1.5637,
4.148,,,,,,,,,,1.5637,
4.3004,,,,,,,,,,1.5693,
4.4528,,,,,,,,,,1.5693,
4.6052,,,,,,,,,,1.5636,
4.7576,,,,,,,,,,1.5618,
4.91,,,,,,,,,,1.5618,
5.0624,,,,,,,,,,1.5637,
5.2148,,,,,,,,,,1.5713,
5.3672,,,,,,,,,,1.5791,
5.5196,,,,,,,,,,1.583,
5.672,,,,,,,,,,1.589,
5.8244,,,,,,,,,,1.5909,
5.9768,,,,,,,,,,1.5929,
6.1292,,,,,,,,,,1.599,
6.2816,,,,,,,,,,1.6029,
6.434,,,,,,,,,,1.6089,
6.5864,,,,,,,,,,1.6089,
6.7388,,,,,,,,,,1.6009,
6.8912,,,,,,,,,,1.5911,
7.0436,,,,,,,,,,1.5852,
7.196,,,,,,,,,,1.591,
7.3484,,,,,,,,,,1.5989,
7.5008,,,,,,,,,,1.6009,
7.6532,,,,,,,,,,1.6009,
7.8056,,,,,,,,,,1.6009,
7.958,,,,,,,,,,1.6009,
8.1104,,,,,,,,,,1.601,
8.2628,,,,,,,,,,1.603,
8.4152,,,,,,,,,,1.6111,
8.5676,,,,,,,,,,1.6212,
8.72,,,,,,,,,,1.6271,
8.8724,,,,,,,,,,1.615,
9.0248,,,,,,,,,,1.5891,
9.1772,,,,,,,,,,1.5834,
9.3296,,,,,,,,,,1.591,
9.482,,,,,,,,,,1.6008,
9.6344,,,,,,,,,,1.6068,
9.7868,,,,,,,,,,1.6007,
9.9392,,,,,,,,,,1.5889,
10.0916,,,,,,,,,,1.5715,
10.244,,,,,,,,,,1.5582,
10.3964,,,,,,,,,,1.5658,
10.5488,,,,,,,,,,1.5889,
10.7012,,,,,,,,,,1.6088,
10.8536,,,,,,,,,,1.619,
11.006,,,,,,,,,,1.6191,
11.1584,,,,,,,,,,1.611,
11.3108,,,,,,,,,,1.6009,
11.4632,,,,,,,,,,1.591,
11.6156,,,,,,,,,,1.5831,
11.768,,,,,,,,,,1.5792,
11.9204,,,,,,,,,,1.5753,
12.0728,,,,,,,,,,1.5815,
12.2252,,,,,,,,,,1.5934,
12.3776,,,,,,,,,,1.605,
12.53,,,,,,,,,,1.6008,
12.6824,,,,,,,,,,1.5929,
12.8348,,,,,,,,,,1.5869,
12.9872,,,,,,,,,,1.5714,
13.1396,,,,,,,,,,1.558,
13.292,,,,,,,,,,1.56,
13.4444,,,,,,,,,,1.5656,
13.5968,,,,,,,,,,1.5792,
13.7492,,,,,,,,,,1.5909,
13.9016,,,,,,,,,,1.6009,
14.054,,,,,,,,,,1.611,
14.2064,,,,,,,,,,1.6192,
14.3588,,,,,,,,,,1.6233,
14.5112,,,,,,,,,,1.6295,
14.6636,,,,,,,,,,1.6294,
14.816,,,,,,,,,,1.6213,
14.9684,,,,,,,,,,1.613,
15.1208,,,,,,,,,,1.607,
15.2732,,,,,,,,,,1.595,
15.4256,,,,,,,,,,1.5932,
15.578,,,,,,,,,,1.603,
15.7304,,,,,,,,,,1.6192,
15.8828,,,,,,,,,,1.6315,
16.0352,,,,,,,,,,1.6399,
16.1876,,,,,,,,,,1.6399,
16.34,,,,,,,,,,1.6316,
16.4924,,,,,,,,,,1.6214,
16.6448,,,,,,,,,,1.6132,
16.7972,,,,,,,,,,1.6132,
16.9496,,,,,,,,,,1.6214,
17.102,,,,,,,,,,1.6316,
17.2544,,,,,,,,,,1.64,
17.4068,,,,,,,,,,1.6422,
17.5592,,,,,,,,,,1.6443,
17.7116,,,,,,,,,,1.6507,
17.864,,,,,,,,,,1.6527,
18.0164,,,,,,,,,,1.6507,
18.1688,,,,,,,,,,1.6442,
18.3212,,,,,,,,,,1.638,
18.4736,,,,,,,,,,1.6254,
18.626,,,,,,,,,,1.6193,
18.7784,,,,,,,,,,1.6111,
18.9308,,,,,,,,,,1.603,
19.0832,,,,,,,,,,1.6011,
19.2356,,,,,,,,,,1.6051,
19.388,,,,,,,,,,1.6192,
19.5404,,,,,,,,,,1.6296,
19.6928,,,,,,,,,,1.6358,
19.8452,,,,,,,,,,1.6486,
19.9976,,,,,,,,,,1.6535,
20.15,,,,,,,,,,1.6555,
20.3024,,,,,,,,,,1.6559,
20.4548,,,,,,,,,,1.6635,
20.6072,,,,,,,,,,1.6679,
20.7596,,,,,,,,,,1.6571,
20.912,,,,,,,,,,1.653,
21.0644,,,,,,,,,,1.6551,
21.2168,,,,,,,,,,1.6658,
21.3692,,,,,,,,,,1.6811,
21.5216,,,,,,,,,,1.6854,
21.674,,,,,,,,,,1.6832,
21.8264,,,,,,,,,,1.6723,
21.9788,,,,,,,,,,1.6571,
22.1312,,,,,,,,,,1.6507,
22.2836,,,,,,,,,,1.642,
22.436,,,,,,,,,,1.6295,
22.5884,,,,,,,,,,1.611,
22.7408,,,,,,,,,,1.5932,
22.8932,,,,,,,,,,1.5872,
23.0456,,,,,,,,,,1.5991,
23.198,,,,,,,,,,1.6109,
23.3504,,,,,,,,,,1.6191,
23.5028,,,,,,,,,,1.6187,
23.6552,,,,,,,,,,1.6006,
23.8076,,,,,,,,,,1.5542,
23.96,,,,,,,,,,1.5157,
24.1124,,,,,,,,,,1.5104,
24.2648,,,,,,,,,,1.5265,
24.4172,,,,,,,,,,1.5462,
24.5696,,,,,,,,,,1.5607,
24.722,,,,,,,,,,1.571,
24.8744,,,,,,,,,,1.5799,
25.0268,,,,,,,,,,1.5769,
25.1792,,,,,,,,,,1.5695,
25.3316,,,,,,,,,,1.5615,
25.484,,,,,,,,,,1.5561,
25.6364,,,,,,,,,,1.5598,
25.7888,,,,,,,,,,1.5596,
25.9412,,,,,,,,,,1.5502,
26.0936,,,,,,,,,,1.5355,
26.246,,,,,,,,,,1.5282,
26.3984,,,,,,,,,,1.5337,
26.5508,,,,,,,,,,1.5428,
26.7032,,,,,,,,,,1.5523,
26.8556,,,,,,,,,,1.5656,
27.008,,,,,,,,,,1.5888,
27.1604,,,,,,,,,,1.6047,
27.3128,,,,,,,,,,1.6007,
27.4652,,,,,,,,,,1.591,
27.6176,,,,,,,,,,1.5833,
27.77,,,,,,,,,,1.5874,
27.9224,,,,,,,,,,1.6151,
28.0748,,,,,,,,,,1.6503,
28.2272,,,,,,,,,,1.6526,
28.3796,,,,,,,,,,1.6487,
28.532,,,,,,,,,,1.6615,
28.6844,,,,,,,,,,1.6706,
28.8368,,,,,,,,,,1.6625,
28.9892,,,,,,,,,,1.6366,
29.1416,,,,,,,,,,1.6117,
29.294,,,,,,,,,,1.6044,
29.4464,,,,,,,,,,1.6132,
29.5988,,,,,,,,,,1.6297,
29.7512,,,,,,,,,,1.6464,
29.9036,,,,,,,,,,1.6723,
30.056,,,,,,,,,,1.6918,
30.2084,,,,,,,,,,1.6897,
30.3608,,,,,,,,,,1.6655,
30.5132,,,,,,,,,,1.638,
30.6656,,,,,,,,,,1.6052,
30.818,,,,,,,,,,1.5891,
30.9704,,,,,,,,,,1.5991,
31.1228,,,,,,,,,,1.6074,
31.2752,,,,,,,,,,1.5982,
31.4276,,,,,,,,,,1.5988,
31.58,,,,,,,,,,1.6067,
31.7324,,,,,,,,,,1.6255,
31.8848,,,,,,,,,,1.6359,
32.0372,,,,,,,,,,1.6572,
32.1896,,,,,,,,,,1.6899,
32.342,,,,,,,,,,1.7055,
32.4944,,,,,,,,,,1.7056,
32.6468,,,,,,,,,,1.6922,
32.7992,,,,,,,,,,1.6681,
32.9516,,,,,,,,,,1.6551,
33.104,,,,,,,,,,1.6506,
33.2564,,,,,,,,,,1.64,
33.4088,,,,,,,,,,1.6236,
33.5612,,,,,,,,,,1.6176,
33.7136,,,,,,,,,,1.6338,
33.866,,,,,,,,,,1.6569,
34.0184,,,,,,,,,,1.6611,
34.1708,,,,,,,,,,1.6527,
34.3232,,,,,,,,,,1.6401,
34.4756,,,,,,,,,,1.6256,
34.628,,,,,,,,,,1.6236,
34.7804,,,,,,,,,,1.6317,
34.9328,,,,,,,,,,1.6401,
35.0852,,,,,,,,,,1.6442,
35.2376,,,,,,,,,,1.6507,
35.39,,,,,,,,,,1.6528,
35.5424,,,,,,,,,,1.6528,
35.6948,,,,,,,,,,1.6507,
35.8472,,,,,,,,,,1.6443,
35.9996,,,,,,,,,,1.6423,
36.152,,,,,,,,,,1.6422,
36.3044,,,,,,,,,,1.6423,
36.4568,,,,,,,,,,1.6443,
36.6092,,,,,,,,,,1.6507,
36.7616,,,,,,,,,,1.6528,
36.914,,,,,,,,,,1.6529,
37.0664,,,,,,,,,,1.655,
37.2188,,,,,,,,,,1.6614,
37.3712,,,,,,,,,,1.6636,
37.5236,,,,,,,,,,1.6658,
37.676,,,,,,,,,,1.6723,
37.8284,,,,,,,,,,1.6745,
37.9808,,,,,,,,,,1.6745,
38.1332,,,,,,,,,,1.6746,
38.2856,,,,,,,,,,1.6767,
38.438,,,,,,,,,,1.6834,
38.5904,,,,,,,,,,1.6855,
38.7428,,,,,,,,,,1.6856,
38.8952,,,,,,,,,,1.6856,
39.0476,,,,,,,,,,1.6856,
39.2,,,,,,,,,,1.6856,
39.3524,,,,,,,,,,1.6855,
39.5048,,,,,,,,,,1.6834,
39.6572,,,,,,,,,,1.6768,
39.8096,,,,,,,,,,1.6746,
39.962,,,,,,,,,,1.6745,
40.1144,,,,,,,,,,1.6746,
40.2668,,,,,,,,,,1.6767,
40.4192,,,,,,,,,,1.6834,
40.5716,,,,,,,,,,1.6878,
40.724,,,,,,,,,,1.6946,
40.8764,,,,,,,,,,1.6968,
41.0288,,,,,,,,,,1.6968,
41.1812,,,,,,,,,,1.6944,
41.3336,,,,,,,,,,1.6833,
41.486,,,,,,,,,,1.6659,
41.6384,,,,,,,,,,1.6551,
41.7908,,,,,,,,,,1.653,
41.9432,,,,,,,,,,1.6572,
42.0956,,,,,,,,,,1.6724,
42.248,,,,,,,,,,1.6855,
42.4004,,,,,,,,,,1.6945,
42.5528,,,,,,,,,,1.6967,
42.7052,,,,,,,,,,1.6946,
42.8576,,,,,,,,,,1.6878,
43.01,,,,,,,,,,1.6857,
43.1624,,,,,,,,,,1.6857,
43.3148,,,,,,,,,,1.6878,
43.4672,,,,,,,,,,1.6946,
43.6196,,,,,,,,,,1.6968,
43.772,,,,,,,,,,1.6992,
43.9244,,,,,,,,,,1.7082,
44.0768,,,,,,,,,,1.7172,
44.2292,,,,,,,,,,1.7172,
44.3816,,,,,,,,,,1.7059,
44.534,,,,,,,,,,1.6902,
44.6864,,,,,,,,,,1.6857,
44.8388,,,,,,,,,,1.6833,
44.9912,,,,,,,,,,1.6746,
45.1436,,,,,,,,,,1.668,
45.296,,,,,,,,,,1.6701,
45.4484,,,,,,,,,,1.6635,
45.6008,,,,,,,,,,1.6551,
45.7532,,,,,,,,,,1.6551,
45.9056,,,,,,,,,,1.6636,
46.058,,,,,,,,,,1.6723,
46.2104,,,,,,,,,,1.6745,
46.3628,,,,,,,,,,1.6745,
46.5152,,,,,,,,,,1.6723,
46.6676,,,,,,,,,,1.6658,
46.82,,,,,,,,,,1.6637,
46.9724,,,,,,,,,,1.6637,
47.1248,,,,,,,,,,1.6658,
47.2772,,,,,,,,,,1.6724,
47.4296,,,,,,,,,,1.6767,
47.582,,,,,,,,,,1.6855,
47.7344,,,,,,,,,,1.6922,
47.8868,,,,,,,,,,1.6855,
48.0392,,,,,,,,,,1.6768,
48.1916,,,,,,,,,,1.6747,
48.344,,,,,,,,,,1.6768,
48.4964,,,,,,,,,,1.6856,
48.6488,,,,,,,,,,1.6943,
48.8012,,,,,,,,,,1.6922,
48.9536,,,,,,,,,,1.679,
49.106,,,,,,,,,,1.6748,
49.2584,,,,,,,,,,1.679,
49.4108,,,,,,,,,,1.6923,
49.5632,,,,,,,,,,1.6967,
49.7156,,,,,,,,,,1.6968,
49.868,,,,,,,,,,1.6968,
50.0204,,,,,,,,,,1.6946,
50.1728,,,,,,,,,,1.6878,
50.3252,,,,,,,,,,1.6856,
50.4776,,,,,,,,,,1.6834,
50.63,,,,,,,,,,1.6767,
50.7824,,,,,,,,,,1.6746,
50.9348,,,,,,,,,,1.6745,
51.0872,,,,,,,,,,1.6745,
51.2396,,,,,,,,,,1.6723,
51.392,,,,,,,,,,1.6635,
51.5444,,,,,,,,,,1.6529,
51.6968,,,,,,,,,,1.6444,
51.8492,,,,,,,,,,1.6444,
52.0016,,,,,,,,,,1.6507,
52.154,,,,,,,,,,1.6528,
52.3064,,,,,,,,,,1.6528,
52.4588,,,,,,,,,,1.6528,
52.6112,,,,,,,,,,1.6529,
52.7636,,,,,,,,,,1.655,
52.916,,,,,,,,,,1.6614,
53.0684,,,,,,,,,,1.6635,
53.2208,,,,,,,,,,1.6635,
53.3732,,,,,,,,,,1.6614,
53.5256,,,,,,,,,,1.655,
53.678,,,,,,,,,,1.6528,
53.8304,,,,,,,,,,1.6507,
53.9828,,,,,,,,,,1.6444,
54.1352,,,,,,,,,,1.6444,
54.2876,,,,,,,,,,1.653,
54.44,,,,,,,,,,1.6658,
54.5924,,,,,,,,,,1.6834,
54.7448,,,,,,,,,,1.6967,
54.8972,,,,,,,,,,1.7081,
55.0496,,,,,,,,,,1.7173,
55.202,,,,,,,,,,1.7197,
55.3544,,,,,,,,,,1.7221,
55.5068,,,,,,,,,,1.7315,
55.6592,,,,,,,,,,1.7432,
55.8116,,,,,,,,,,1.7551,
55.964,,,,,,,,,,1.7623,
56.1164,,,,,,,,,,1.7552,
56.2688,,,,,,,,,,1.7456,
56.4212,,,,,,,,,,1.7409,
56.5736,,,,,,,,,,1.7338,
56.726,,,,,,,,,,1.7314,
56.8784,,,,,,,,,,1.7291,
57.0308,,,,,,,,,,1.7245,
57.1832,,,,,,,,,,1.7315,
57.3356,,,,,,,,,,1.7408,
57.488,,,,,,,,,,1.7431,
57.6404,,,,,,,,,,1.7408,
57.7928,,,,,,,,,,1.7338,
57.9452,,,,,,,,,,1.7315,
58.0976,,,,,,,,,,1.7314,
58.25,,,,,,,,,,1.7314,
58.4024,,,,,,,,,,1.7314,
58.5548,,,,,,,,,,1.7313,
58.7072,,,,,,,,,,1.729,
58.8596,,,,,,,,,,1.722,
59.012,,,,,,,,,,1.7175,
59.1644,,,,,,,,,,1.7104,
59.3168,,,,,,,,,,1.7059,
59.4692,,,,,,,,,,1.6967,
59.6216,,,,,,,,,,1.6855,
59.774,,,,,,,,,,1.6724,
59.9264,,,,,,,,,,1.6571,
60.0788,,,,,,,,,,1.6509,
60.2312,,,,,,,,,,1.6464,
60.3836,,,,,,,,,,1.6507,
60.536,,,,,,,,,,1.6528,
60.6884,,,,,,,,,,1.6528,
60.8408,,,,,,,,,,1.6528,
60.9932,,,,,,,,,,1.6528,
61.1456,,,,,,,,,,1.6528,
61.298,,,,,,,,,,1.6528,
61.4504,,,,,,,,,,1.6528,
61.6028,,,,,,,,,,1.6528,
61.7552,,,,,,,,,,1.6528,
61.9076,,,,,,,,,,1.6528,
62.06,,,,,,,,,,1.6528,
62.2124,,,,,,,,,,1.6528,
62.3648,,,,,,,,,,1.6528,
62.5172,,,,,,,,,,1.6528,
62.6696,,,,,,,,,,1.6507,
62.822,,,,,,,,,,1.6443,
62.9744,,,,,,,,,,1.6423,
63.1268,,,,,,,,,,1.6443,
63.2792,,,,,,,,,,1.6507,
63.4316,,,,,,,,,,1.6528,
63.584,,,,,,,,,,1.6549,
63.7364,,,,,,,,,,1.6592,
63.8888,,,,,,,,,,1.6526,
64.0412,,,,,,,,,,1.6401,
64.1936,,,,,,,,,,1.6234,
64.346,,,,,,,,,,1.6134,
64.4984,,,,,,,,,,1.6135,
64.6508,,,,,,,,,,1.6214,
64.8032,,,,,,,,,,1.6295,
64.9556,,,,,,,,,,1.6317,
65.108,,,,,,,,,,1.6338,
65.2604,,,,,,,,,,1.6401,
65.4128,,,,,,,,,,1.6421,
65.5652,,,,,,,,,,1.6422,
65.7176,,,,,,,,,,1.6422,
65.87,,,,,,,,,,1.6422,
66.0224,,,,,,,,,,1.6422,
66.1748,,,,,,,,,,1.6422,
66.3272,,,,,,,,,,1.6422,
66.4796,,,,,,,,,,1.6422,
66.632,,,,,,,,,,1.6422,
66.7844,,,,,,,,,,1.6422,
66.9368,,,,,,,,,,1.6422,
67.0892,,,,,,,,,,1.6422,
67.2416,,,,,,,,,,1.6422,
67.394,,,,,,,,,,1.6422,
67.5464,,,,,,,,,,1.6421,
67.6988,,,,,,,,,,1.6401,
67.8512,,,,,,,,,,1.6359,
68.0036,,,,,,,,,,1.6401,
68.156,,,,,,,,,,1.6421,
68.3084,,,,,,,,,,1.6422,
68.4608,,,,,,,,,,1.6422,
68.6132,,,,,,,,,,1.6422,
68.7656,,,,,,,,,,1.6422,
68.918,,,,,,,,,,1.6422,
69.0704,,,,,,,,,,1.6422,
69.2228,,,,,,,,,,1.6423,
69.3752,,,,,,,,,,1.6443,
69.5276,,,,,,,,,,1.6507,
69.68,,,,,,,,,,1.6528,
69.8324,,,,,,,,,,1.6528,
69.9848,,,,,,,,,,1.6528,
70.1372,,,,,,,,,,1.6528,
70.2896,,,,,,,,,,1.6528,
70.442,,,,,,,,,,1.6528,
70.5944,,,,,,,,,,1.6528,
70.7468,,,,,,,,,,1.6507,
70.8992,,,,,,,,,,1.6443,
71.0516,,,,,,,,,,1.6423,
71.204,,,,,,,,,,1.6422,
71.3564,,,,,,,,,,1.6422,
71.5088,,,,,,,,,,1.6422,
71.6612,,,,,,,,,,1.6422,
71.8136,,,,,,,,,,1.6422,
71.966,,,,,,,,,,1.6422,
72.1184,,,,,,,,,,1.6422,
72.2708,,,,,,,,,,1.6421,
72.4232,,,,,,,,,,1.6401,
72.5756,,,,,,,,,,1.6338,
72.728,,,,,,,,,,1.6317,
72.8804,,,,,,,,,,1.6317,
73.0328,,,,,,,,,,1.6338,
73.1852,,,,,,,,,,1.6401,
73.3376,,,,,,,,,,1.6421,
73.49,,,,,,,,,,1.6422,
73.6424,,,,,,,,,,1.6422,
73.7948,,,,,,,,,,1.6422,
73.9472,,,,,,,,,,1.6422,
74.0996,,,,,,,,,,1.6422,
74.252,,,,,,,,,,1.6422,
74.4044,,,,,,,,,,1.6423,
74.5568,,,,,,,,,,1.6443,
74.7092,,,,,,,,,,1.6507,
74.8616,,,,,,,,,,1.6528,
75.014,,,,,,,,,,1.655,
75.1664,,,,,,,,,,1.6614,
75.3188,,,,,,,,,,1.6636,
75.4712,,,,,,,,,,1.6658,
75.6236,,,,,,,,,,1.6723,
75.776,,,,,,,,,,1.6745,
75.9284,,,,,,,,,,1.6745,
76.0808,,,,,,,,,,1.6745,
76.2332,,,,,,,,,,1.6745,
76.3856,,,,,,,,,,1.6745,
76.538,,,,,,,,,,1.6745,
76.6904,,,,,,,,,,1.6745,
76.8428,,,,,,,,,,1.6745,
76.9952,,,,,,,,,,1.6745,
77.1476,,,,,,,,,,1.6745,
77.3,,,,,,,,,,1.6745,
77.4524,,,,,,,,,,1.6745,
77.6048,,,,,,,,,,1.6745,
77.7572,,,,,,,,,,1.6745,
77.9096,,,,,,,,,,1.6745,
78.062,,,,,,,,,,1.6723,
78.2144,,,,,,,,,,1.6657,
78.3668,,,,,,,,,,1.6615,
78.5192,,,,,,,,,,1.655,
78.6716,,,,,,,,,,1.6528,
78.824,,,,,,,,,,1.6507,
78.9764,,,,,,,,,,1.6444,
79.1288,,,,,,,,,,1.6444,
79.2812,,,,,,,,,,1.6507,
79.4336,,,,,,,,,,1.6528,
79.586,,,,,,,,,,1.6528,
79.7384,,,,,,,,,,1.6528,
79.8908,,,,,,,,,,1.6528,
80.0432,,,,,,,,,,1.6528,
80.1956,,,,,,,,,,1.6528,
80.348,,,,,,,,,,1.6528,
80.5004,,,,,,,,,,1.6528,
80.6528,,,,,,,,,,1.6528,
80.8052,,,,,,,,,,1.6507,
80.9576,,,,,,,,,,1.6442,
81.11,,,,,,,,,,1.6401,
81.2624,,,,,,,,,,1.6338,
81.4148,,,,,,,,,,1.6338,
81.5672,,,,,,,,,,1.6401,
81.7196,,,,,,,,,,1.6421,
81.872,,,,,,,,,,1.6422,
82.0244,,,,,,,,,,1.6422,
82.1768,,,,,,,,,,1.6422,
82.3292,,,,,,,,,,1.6422,
82.4816,,,,,,,,,,1.6422,
82.634,,,,,,,,,,1.6422,
82.7864,,,,,,,,,,1.6422,
82.9388,,,,,,,,,,1.6422,
83.0912,,,,,,,,,,1.6422,
83.2436,,,,,,,,,,1.6422,
83.396,,,,,,,,,,1.6423,
83.5484,,,,,,,,,,1.6443,
83.7008,,,,,,,,,,1.6507,
83.8532,,,,,,,,,,1.6528,
84.0056,,,,,,,,,,1.655,
84.158,,,,,,,,,,1.6614,
84.3104,,,,,,,,,,1.6635,
84.4628,,,,,,,,,,1.6636,
84.6152,,,,,,,,,,1.6636,
84.7676,,,,,,,,,,1.6636,
84.92,,,,,,,,,,1.6637,
85.0724,,,,,,,,,,1.6658,
85.2248,,,,,,,,,,1.6723,
85.3772,,,,,,,,,,1.6745,
85.5296,,,,,,,,,,1.6767,
85.682,,,,,,,,,,1.6834,
85.8344,,,,,,,,,,1.6855,
85.9868,,,,,,,,,,1.6855,
86.1392,,,,,,,,,,1.6834,
86.2916,,,,,,,,,,1.6768,
86.444,,,,,,,,,,1.6745,
86.5964,,,,,,,,,,1.6723,
86.7488,,,,,,,,,,1.6636,
86.9012,,,,,,,,,,1.6551,
87.0536,,,,,,,,,,1.6551,
87.206,,,,,,,,,,1.6636,
87.3584,,,,,,,,,,1.6722,
87.5108,,,,,,,,,,1.6723,
87.6632,,,,,,,,,,1.6657,
87.8156,,,,,,,,,,1.6616,
87.968,,,,,,,,,,1.6572,
88.1204,,,,,,,,,,1.6636,
88.2728,,,,,,,,,,1.67,
88.4252,,,,,,,,,,1.6635,
88.5776,,,,,,,,,,1.6551,
88.73,,,,,,,,,,1.6529,
88.8824,,,,,,,,,,1.6528,
89.0348,,,,,,,,,,1.6528,
89.1872,,,,,,,,,,1.6528,
89.3396,,,,,,,,,,1.6528,
89.492,,,,,,,,,,1.6507,
89.6444,,,,,,,,,,1.6464,
89.7968,,,,,,,,,,1.6507,
89.9492,,,,,,,,,,1.6528,
90.1016,,,,,,,,,,1.6529,
90.254,,,,,,,,,,1.655,
90.4064,,,,,,,,,,1.6614,
90.5588,,,,,,,,,,1.6635,
90.7112,,,,,,,,,,1.6636,
90.8636,,,,,,,,,,1.6637,
91.016,,,,,,,,,,1.6657,
91.1684,,,,,,,,,,1.6701,
91.3208,,,,,,,,,,1.6658,
91.4732,,,,,,,,,,1.6659,
91.6256,,,,,,,,,,1.6723,
91.778,,,,,,,,,,1.6744,
91.9304,,,,,,,,,,1.6723,
92.0828,,,,,,,,,,1.6635,
92.2352,,,,,,,,,,1.6528,
92.3876,,,,,,,,,,1.6423,
92.54,,,,,,,,,,1.636,
92.6924,,,,,,,,,,1.6423,
92.8448,,,,,,,,,,1.6507,
92.9972,,,,,,,,,,1.655,
93.1496,,,,,,,,,,1.6637,
93.302,,,,,,,,,,1.6745,
93.4544,,,,,,,,,,1.6834,
93.6068,,,,,,,,,,1.6878,
93.7592,,,,,,,,,,1.6969,
93.9116,,,,,,,,,,1.7082,
94.064,,,,,,,,,,1.7196,
94.2164,,,,,,,,,,1.7287,
94.3688,,,,,,,,,,1.724,
94.5212,,,,,,,,,,1.6902,
94.6736,,,,,,,,,,1.6359,
94.826,,,,,,,,,,1.5926,
94.9784,,,,,,,,,,1.564,
95.1308,,,,,,,,,,1.5626,
95.2832,,,,,,,,,,1.5713,
95.4356,,,,,,,,,,1.5792,
95.588,,,,,,,,,,1.5851,
95.7404,,,,,,,,,,1.6009,
95.8928,,,,,,,,,,1.6172,
96.0452,,,,,,,,,,1.6256,
96.1976,,,,,,,,,,1.6467,
96.35,,,,,,,,,,1.6835,
96.5024,,,,,,,,,,1.7219,
96.6548,,,,,,,,,,1.7625,
96.8072,,,,,,,,,,1.7934,
96.9596,,,,,,,,,,1.8265,
97.112,,,,,,,,,,1.8571,
97.2644,,,,,,,,,,1.8359,
97.4168,,,,,,,,,,1.7566,
97.5692,,,,,,,,,,1.6809,
97.7216,,,,,,,,,,1.668,
97.874,,,,,,,,,,1.712,
98.0264,,,,,,,,,,1.7213,
98.1788,,,,,,,,,,1.664,
98.3312,,,,,,,,,,1.6282,
98.4836,,,,,,,,,,1.624,
98.636,,,,,,,,,,1.6426,
98.7884,,,,,,,,,,1.6943,
98.9408,,,,,,,,,,1.7355,
99.0932,,,,,,,,,,1.7242,
99.2456,,,,,,,,,,1.7176,
99.398,,,,,,,,,,1.7344,
99.5504,,,,,,,,,,1.7446,
99.7028,,,,,,,,,,1.7877,
99.8552,,,,,,,,,,1.8648,
100.0076,,,,,,,,,,1.925,
100.16,,,,,,,,,,1.9266,
100.3124,,,,,,,,,,1.895,
100.4648,,,,,,,,,,1.7996,
100.6172,,,,,,,,,,1.7266,
100.7696,,,,,,,,,,1.7107,
100.922,,,,,,,,,,1.723,
101.0744,,,,,,,,,,1.7037,
101.2268,,,,,,,,,,1.6498,
101.3792,,,,,,,,,,1.5968,
101.5316,,,,,,,,,,1.5886,
101.684,,,,,,,,,,1.6051,
101.8364,,,,,,,,,,1.612,
101.9888,,,,,,,,,,1.6248,
102.1412,,,,,,,,,,1.6669,
102.2936,,,,,,,,,,1.7213,
102.446,,,,,,,,,,1.7426,
102.5984,,,,,,,,,,1.7399,
102.7508,,,,,,,,,,1.7153,
102.9032,,,,,,,,,,1.6765,
103.0556,,,,,,,,,,1.6383,
103.208,,,,,,,,,,1.6033,
103.3604,,,,,,,,,,1.6036,
103.5128,,,,,,,,,,1.6257,
103.6652,,,,,,,,,,1.6637,
103.8176,,,,,,,,,,1.7055,
103.97,,,,,,,,,,1.7334,
104.1224,,,,,,,,,,1.7336,
104.2748,,,,,,,,,,1.7339,
104.4272,,,,,,,,,,1.7432,
104.5796,,,,,,,,,,1.7527,
104.732,,,,,,,,,,1.7551,
104.8844,,,,,,,,,,1.7528,
105.0368,,,,,,,,,,1.7457,
105.1892,,,,,,,,,,1.7457,
105.3416,,,,,,,,,,1.7529,
105.494,,,,,,,,,,1.7574,
105.6464,,,,,,,,,,1.7597,
105.7988,,,,,,,,,,1.7381,
105.9512,,,,,,,,,,1.6993,
106.1036,,,,,,,,,,1.6728,
106.256,,,,,,,,,,1.6771,
106.4084,,,,,,,,,,1.6968,
106.5608,,,,,,,,,,1.7149,
106.7132,,,,,,,,,,1.7196,
106.8656,,,,,,,,,,1.722,0.3755
107.018,,,,,,,,,,1.7264,0.3746
107.1704,,,,,,,,,,1.7148,0.3701
107.3228,,,,,,,,,,1.6879,0.3627
107.4752,,,,,,,,,,1.6662,0.3562
107.6276,,,,,,,,,,1.6595,0.3519
107.78,,,,,,,,,,1.6702,0.3495
107.9324,,,,,,,,,,1.6745,0.3499
108.0848,,,,,,,,,,1.6768,0.3502
108.2372,,,,,,,,,,1.6834,0.3517
108.3896,,,,,,,,,,1.6878,0.353
108.542,,,,,,,,,,1.6945,0.3541
108.6944,,,,,,,,,,1.6946,0.3543
108.8468,,,,,,,,,,1.6901,0.3553
108.9992,,,,,,,,,,1.6946,0.3572
109.1516,,,,,,,,,,1.6968,0.3599
109.304,,,,,,,,,,1.6968,0.3626
109.4564,,,,,,,,,,1.6968,0.3655
109.6088,,,,,,,,,,1.6968,0.367
109.7612,,,,,,,,,,1.6968,0.3673
109.9136,,,,,,,,,,1.6968,0.3688
110.066,,,,,,,,,,1.6968,0.3691
110.2184,,,,,,,,,,1.6968,0.3683
110.3708,,,,,,,,,,1.6968,0.3677
110.5232,,,,,,,,,,1.6946,0.3678
110.6756,,,,,,,,,,1.6901,0.3666
110.828,,,,,,,,,,1.6946,0.3655
110.9804,,,,,,,,,,1.6968,0.3647
111.1328,,,,,,,,,,1.6968,0.3652
111.2852,,,,,,,,,,1.6968,0.3662
111.4376,,,,,,,,,,1.6969,0.3689
111.59,,,,,,,,,,1.6991,0.371
111.7424,,,,,,,,,,1.7059,0.3714
111.8948,,,,,,,,,,1.7082,0.3727
112.0472,,,,,,,,,,1.7107,0.3735
112.1996,,,,,,,,,,1.7226,0.3757
112.352,,,,,,,,,,1.746,0.3801
112.5044,,,,,,,,,,1.7743,0.3859
112.6568,,,,,,,,,,1.7906,0.3923
112.8092,,,,,,,,,,1.7621,0.3956
112.9616,,,,,,,,,,1.7152,0.3929
113.114,,,,,,,,,,1.6861,0.3846
113.2664,,,,,,,,,,1.6703,0.3772
113.4188,,,,,,,,,,1.6725,0.3711
113.5712,,,,,,,,,,1.6745,0.3664
113.7236,,,,,,,,,,1.6768,0.3639
113.876,,,,,,,,,,1.6833,0.3635
114.0284,,,,,,,,,,1.6833,0.3646
114.1808,,,,,,,,,,1.6767,0.3651
114.3332,,,,,,,,,,1.6746,0.3651
114.4856,,,,,,,,,,1.6745,0.3658
114.638,,,,,,,,,,1.6745,0.3681
114.7904,,,,,,,,,,1.6746,0.3695
114.9428,,,,,,,,,,1.6767,0.3714
115.0952,,,,,,,,,,1.6834,0.3739
115.2476,,,,,,,,,,1.6855,0.3734
115.4,,,,,,,,,,1.6857,0.3727
115.5524,,,,,,,,,,1.6878,0.3732
115.7048,,,,,,,,,,1.6945,0.3733
115.8572,,,,,,,,,,1.6945,0.3736
116.0096,,,,,,,,,,1.6878,0.3729
116.162,,,,,,,,,,1.6858,0.3706
116.3144,,,,,,,,,,1.6878,0.3696
116.4668,,,,,,,,,,1.6922,0.3701
116.6192,,,,,,,,,,1.6833,0.3695
116.7716,,,,,,,,,,1.666,0.3688
116.924,,,,,,,,,,1.6553,0.3684
117.0764,,,,,,,,,,1.6573,0.3695
117.2288,,,,,,,,,,1.6725,0.3697
117.3812,,,,,,,,,,1.6878,0.3717
117.5336,,,,,,,,,,1.706,0.375
117.686,,,,,,,,,,1.7219,0.3807
117.8384,,,,,,,,,,1.7383,0.388
117.9908,,,,,,,,,,1.7407,0.3953
118.1432,,,,,,,,,,1.7338,0.4038
118.2956,,,,,,,,,,1.7316,0.4085
118.448,,,,,,,,,,1.7337,0.4086
118.6004,,,,,,,,,,1.7385,0.4076
118.7528,,,,,,,,,,1.7361,0.4074
118.9052,,,,,,,,,,1.7408,0.4088
119.0576,,,,,,,,,,1.7407,0.4081
119.21,,,,,,,,,,1.7316,0.4037
119.3624,,,,,,,,,,1.7269,0.4008
119.5148,,,,,,,,,,1.7408,0.3979
119.6672,,,,,,,,,,1.7501,0.3984
119.8196,,,,,,,,,,1.7407,0.401
119.972,,,,,,,,,,1.722,0.4024
120.1244,,,,,,,,,,1.7083,0.4011
120.2768,,,,,,,,,,1.6969,0.3981
120.4292,,,,,,,,,,1.6879,0.3967
120.5816,,,,,,,,,,1.6857,0.3944
120.734,,,,,,,,,,1.6856,0.3927
120.8864,,,,,,,,,,1.6856,0.3914
121.0388,,,,,,,,,,1.6857,0.3888
121.1912,,,,,,,,,,1.6879,0.3831
121.3436,,,,,,,,,,1.6968,0.3779
121.496,,,,,,,,,,1.7058,0.3732
121.6484,,,,,,,,,,1.7081,0.3675
121.8008,,,,,,,,,,1.7082,0.3644
121.9532,,,,,,,,,,1.7082,0.3641
122.1056,,,,,,,,,,1.7082,0.3631
122.258,,,,,,,,,,1.7082,0.3622
122.4104,,,,,,,,,,1.7082,0.3634
122.5628,,,,,,,,,,1.708,0.3634
122.7152,,,,,,,,,,1.7035,0.3618
122.8676,,,,,,,,,,1.6879,0.3604
123.02,,,,,,,,,,1.677,0.3594
123.1724,,,,,,,,,,1.6768,0.3608
123.3248,,,,,,,,,,1.6834,0.3628
123.4772,,,,,,,,,,1.6856,0.365
123.6296,,,,,,,,,,1.6879,0.3678
123.782,,,,,,,,,,1.6946,0.3691
123.9344,,,,,,,,,,1.6968,0.3704
124.0868,,,,,,,,,,1.6968,0.3708
124.2392,,,,,,,,,,1.6968,0.373
124.3916,,,,,,,,,,1.6969,0.3764
124.544,,,,,,,,,,1.6992,0.3804
124.6964,,,,,,,,,,1.7083,0.3866
124.8488,,,,,,,,,,1.7196,0.39
125.0012,,,,,,,,,,1.7288,0.3902
125.1536,,,,,,,,,,1.7265,0.3899
125.306,,,,,,,,,,1.7093,0.389
125.4584,,,,,,,,,,1.6937,0.3889
125.6108,,,,,,,,,,1.6914,0.3916
125.7632,,,,,,,,,,1.7058,0.392
125.9156,,,,,,,,,,1.7124,0.3896
126.068,,,,,,,,,,1.6967,0.3848
126.2204,,,,,,,,,,1.677,0.3783
126.3728,,,,,,,,,,1.6683,0.3733
126.5252,,,,,,,,,,1.6768,0.3722
126.6776,,,,,,,,,,1.6922,0.3729
126.83,,,,,,,,,,1.6967,0.373
126.9824,,,,,,,,,,1.6968,0.3719
127.1348,,,,,,,,,,1.6968,0.3715
127.2872,,,,,,,,,,1.6968,0.3723
127.4396,,,,,,,,,,1.6968,0.3735
127.592,,,,,,,,,,1.6968,0.3736
127.7444,,,,,,,,,,1.6946,0.3727
127.8968,,,,,,,,,,1.6878,0.3726
128.0492,,,,,,,,,,1.6857,0.3746
128.2016,,,,,,,,,,1.6857,0.3754
128.354,,,,,,,,,,1.6879,0.3782
128.5064,,,,,,,,,,1.6968,0.3821
128.6588,,,,,,,,,,1.7058,0.3844
128.8112,,,,,,,,,,1.7082,0.3869
128.9636,,,,,,,,,,1.7106,0.3903
129.116,,,,,,,,,,1.7197,0.3945
129.2684,,,,,,,,,,1.729,0.3987
129.4208,,,,,,,,,,1.7338,0.4036
129.5732,,,,,,,,,,1.7432,0.4063
129.7256,,,,,,,,,,1.7527,0.4101
129.878,,,,,,,,,,1.7552,0.4119
130.0304,,,,,,,,,,1.7553,0.4166
130.1828,,,,,,,,,,1.7578,0.422
130.3352,,,,,,,,,,1.7698,0.4261
130.4876,,,,,,,,,,1.7844,0.4257
130.64,,,,,,,,,,1.7772,0.4247
130.7924,,,,,,,,,,1.7625,0.4257
130.9448,,,,,,,,,,1.7627,0.4257
131.0972,,,,,,,,,,1.7597,0.4255
131.2496,,,,,,,,,,1.7553,0.4262
131.402,,,,,,,,,,1.7316,0.4285
131.5544,,,,,,,,,,1.7364,0.4322
131.7068,,,,,,,,,,1.7573,0.4327
131.8592,,,,,,,,,,1.7498,0.4296
132.0116,,,,,,,,,,1.7175,0.4251
132.164,,,,,,,,,,1.6839,0.4201
132.3164,,,,,,,,,,1.684,0.4177
132.4688,,,,,,,,,,1.7199,0.4148
132.6212,,,,,,,,,,1.7648,0.4144
132.7736,,,,,,,,,,1.8021,0.418
132.926,,,,,,,,,,1.8265,0.4242
133.0784,,,,,,,,,,1.8338,0.4368
133.2308,,,,,,,,,,1.8209,0.452
133.3832,,,,,,,,,,1.7727,0.4628
133.5356,,,,,,,,,,1.7073,0.4666
133.688,,,,,,,,,,1.6736,0.4617
133.8404,,,,,,,,,,1.676,0.4511
133.9928,,,,,,,,,,1.7193,0.4382
134.1452,,,,,,,,,,1.7519,0.4264
134.2976,,,,,,,,,,1.7102,0.4173
134.45,,,,,,,,,,1.6665,0.4103
134.6024,,,,,,,,,,1.6689,0.4032
134.7548,,,,,,,,,,1.7061,0.395
134.9072,,,,,,,,,,1.7696,0.39
135.0596,,,,,,,,,,1.8124,0.3879
135.212,,,,,,,,,,1.8387,0.3901
135.3644,,,,,,,,,,1.8791,0.3965
135.5168,,,,,,,,,,1.9008,0.4057
135.6692,,,,,,,,,,1.8706,0.419
135.8216,,,,,,,,,,1.8027,0.4312
135.974,,,,,,,,,,1.766,0.4308
136.1264,,,,,,,,,,1.7771,0.4248
136.2788,,,,,,,,,,1.8157,0.4193
136.4312,,,,,,,,,,1.8285,0.4184
136.5836,,,,,,,,,,1.8299,0.4256
136.736,,,,,,,,,,1.8173,0.4368
136.8884,,,,,,,,,,1.767,0.4479
137.0408,,,,,,,,,,1.7088,0.4595
137.1932,,,,,,,,,,1.671,
137.3456,,,,,,,,,,1.6905,
137.498,,,,,,,,,,1.7335,
137.6504,,,,,,,,,,1.7522,
137.8028,,,,,,,,,,1.7503,
137.9552,,,,,,,,,,1.7357,
138.1076,,,,,,,,,,1.7199,
138.26,,,,,,,,,,1.6884,
138.4124,,,,,,,,,,1.6994,
138.5648,,,,,,,,,,1.7479,
138.7172,,,,,,,,,,1.7595,
138.8696,,,,,,,,,,1.7655,
139.022,,,,,,,,,,1.7825,
139.1744,,,,,,,,,,1.8387,
139.3268,,,,,,,,,,1.8851,
139.4792,,,,,,,,,,1.8825,
139.6316,,,,,,,,,,1.8426,
139.784,,,,,,,,,,1.7782,
139.9364,,,,,,,,,,1.7112,
140.0888,,,,,,,,,,1.6712,
140.2412,,,,,,,,,,1.6954,
140.3936,,,,,,,,,,1.7638,
140.546,,,,,,,,,,1.829,
140.6984,,,,,,,,,,1.8571,
140.8508,,,,,,,,,,1.8348,
141.0032,,,,,,,,,,1.7695,
141.1556,,,,,,,,,,1.6815,
141.308,,,,,,,,,,1.6223,
141.4604,,,,,,,,,,1.6139,
141.6128,,,,,,,,,,1.6531,
141.7652,,,,,,,,,,1.7034,
141.9176,,,,,,,,,,1.7405,
142.07,,,,,,,,,,1.7625,
142.2224,,,,,,,,,,1.7685,
142.3748,,,,,,,,,,1.7667,
142.5272,,,,,,,,,,1.7562,
142.6796,,,,,,,,,,1.7581,
142.832,,,,,,,,,,1.7988,
142.9844,,,,,,,,,,1.8012,
143.1368,,,,,,,,,,1.701,
143.2892,,,,,,,,,,1.6343,
143.4416,,,,,,,,,,1.6292,
143.594,,,,,,,,,,1.6502,
143.7464,,,,,,,,,,1.6376,
143.8988,,,,,,,,,,1.6073,
144.0512,,,,,,,,,,1.5975,
144.2036,,,,,,,,,,1.6154,
144.356,,,,,,,,,,1.6505,
144.5084,,,,,,,,,,1.6773,
144.6608,,,,,,,,,,1.6834,
144.8132,,,,,,,,,,1.6953,
144.9656,,,,,,,,,,1.7007,
145.118,,,,,,,,,,1.6763,
145.2704,,,,,,,,,,1.6236,
145.4228,,,,,,,,,,1.5857,
145.5752,,,,,,,,,,1.5935,
145.7276,,,,,,,,,,1.6235,
145.88,,,,,,,,,,1.6635,
146.0324,,,,,,,,,,1.7011,
146.1848,,,,,,,,,,1.7194,
146.3372,,,,,,,,,,1.729,
146.4896,,,,,,,,,,1.7314,
146.642,,,,,,,,,,1.7337,
146.7944,,,,,,,,,,1.7385,
146.9468,,,,,,,,,,1.7337,
147.0992,,,,,,,,,,1.7315,
147.2516,,,,,,,,,,1.7315,
147.404,,,,,,,,,,1.7336,
147.5564,,,,,,,,,,1.736,
147.7088,,,,,,,,,,1.722,
147.8612,,,,,,,,,,1.7107,
148.0136,,,,,,,,,,1.7106,
148.166,,,,,,,,,,1.7196,
148.3184,,,,,,,,,,1.7242,
148.4708,,,,,,,,,,1.7105,
148.6232,,,,,,,,,,1.7017,
148.7756,,,,,,,,,,1.7108,
148.928,,,,,,,,,,1.7338,
149.0804,,,,,,,,,,1.7648,
149.2328,,,,,,,,,,1.787,
149.3852,,,,,,,,,,1.7918,
149.5376,,,,,,,,,,1.7844,
149.69,,,,,,,,,,1.7526,
149.8424,,,,,,,,,,1.713,
149.9948,,,,,,,,,,1.6903,
150.1472,,,,,,,,,,1.6833,
150.2996,,,,,,,,,,1.6703,
150.452,,,,,,,,,,1.655,
150.6044,,,,,,,,,,1.672,
150.7568,,,,,,,,,,1.6884,
150.9092,,,,,,,,,,1.6825,
151.0616,,,,,,,,,,1.659,
151.214,,,,,,,,,,1.6214,
151.3664,,,,,,,,,,1.5873,
151.5188,,,,,,,,,,1.5738,
151.6712,,,,,,,,,,1.5788,
151.8236,,,,,,,,,,1.6082,
151.976,,,,,,,,,,1.6475,
152.1284,,,,,,,,,,1.6955,
152.2808,,,,,,,,,,1.7579,
152.4332,,,,,,,,,,1.791,
152.5856,,,,,,,,,,1.7668,
152.738,,,,,,,,,,1.7038,
152.8904,,,,,,,,,,1.6619,
153.0428,,,,,,,,,,1.651,
153.1952,,,,,,,,,,1.6464,
153.3476,,,,,,,,,,1.6506,
153.5,,,,,,,,,,1.6485,
153.6524,,,,,,,,,,1.6381,
153.8048,,,,,,,,,,1.6446,
153.9572,,,,,,,,,,1.6655,
154.1096,,,,,,,,,,1.6957,
154.262,,,,,,,,,,1.7251,
154.4144,,,,,,,,,,1.7304,
154.5668,,,,,,,,,,1.7179,
154.7192,,,,,,,,,,1.7017,
154.8716,,,,,,,,,,1.6977,
155.024,,,,,,,,,,1.7019,
155.1764,,,,,,,,,,1.727,
155.3288,,,,,,,,,,1.7766,
155.4812,,,,,,,,,,1.8184,
155.6336,,,,,,,,,,1.827,
155.786,,,,,,,,,,1.807,
155.9384,,,,,,,,,,1.755,
156.0908,,,,,,,,,,1.6983,
156.2432,,,,,,,,,,1.6564,
156.3956,,,,,,,,,,1.6487,
156.548,,,,,,,,,,1.6731,
156.7004,,,,,,,,,,1.7228,
156.8528,,,,,,,,,,1.7763,
157.0052,,,,,,,,,,1.777,
157.1576,,,,,,,,,,1.7278,
157.31,,,,,,,,,,1.6874,
157.4624,,,,,,,,,,1.665,
157.6148,,,,,,,,,,1.6597,
157.7672,,,,,,,,,,1.6785,
157.9196,,,,,,,,,,1.6962,
158.072,,,,,,,,,,1.6852,
158.2244,,,,,,,,,,1.6703,
158.3768,,,,,,,,,,1.6723,
158.5292,,,,,,,,,,1.6679,
158.6816,,,,,,,,,,1.6508,
158.834,,,,,,,,,,1.653,
158.9864,,,,,,,,,,1.6615,
159.1388,,,,,,,,,,1.6681,
159.2912,,,,,,,,,,1.6857,
159.4436,,,,,,,,,,1.7058,
159.596,,,,,,,,,,1.7197,
159.7484,,,,,,,,,,1.7336,
159.9008,,,,,,,,,,1.7484,
160.0532,,,,,,,,,,1.7611,
160.2056,,,,,,,,,,,
160.358,,,,,,,,,,,
160.5104,,,,,,,,,,,
160.6628,,,,,,,,,,,
160.8152,,,,,,,,,,,
160.9676,,,,,,,,,,,
161.12,,,,,,,,,,,
161.2724,,,,,,,,,,,
161.4248,,,,,,,,,,,
161.5772,,,,,,,,,,,
161.7296,,,,,,,,,,,
161.882,,,,,,,,,,,
162.0344,,,,,,,,,,,
162.1868,,,,,,,,,,,
162.3392,,,,,,,,,,,
162.4916,,,,,,,,,,,
162.644,,,,,,,,,,,
162.7964,,,,,,,,,,,
162.9488,,,,,,,,,,,
163.1012,,,,,,,,,,,
163.2536,,,,,,,,,,,
163.406,,,,,,,,,,,
163.5584,,,,,,,,,,,
163.7108,,,,,,,,,,,
163.8632,,,,,,,,,,,
164.0156,,,,,,,,,,,
164.168,,,,,,,,,,,
164.3204,,,,,,,,,,,
164.4728,,,,,,,,,,,
164.6252,,,,,,,,,,,
164.7776,,,,,,,,,,,
164.93,,,,,,,,,,,
165.0824,,,,,,,,,,,
165.2348,,,,,,,,,,,
165.3872,,,,,,,,,,,
165.5396,,,,,,,,,,,
165.692,,,,,,,,,,,
165.8444,,,,,,,,,,,
165.9968,,,,,,,,,,,
166.1492,,,,,,,,,,,
166.3016,,,,,,,,,,,
166.454,,,,,,,,,,,
166.6064,,,,,,,,,,,
166.7588,,,,,,,,,,,
166.9112,,,,,,,,,,,
167.0636,,,,,,,,,,,
167.216,,,,,,,,,,,
167.3684,,,,,,,,,,,
167.5208,,,,,,,,,,,
167.6732,,,,,,,,,,,
167.8256,,,,,,,,,,,
167.978,,,,,,,,,,,
168.1304,,,,,,,,,,,
168.2828,,,,,,,,,,,
168.4352,,,,,,,,,,,
168.5876,,,,,,,,,,,
168.74,,,,,,,,,,1.652,
168.8924,,,,,,,,,,1.6556,
169.0448,,,,,,,,,,1.6721,
169.1972,,,,,,,,,,1.6872,
169.3496,,,,,,,,,,1.6923,
169.502,,,,,,,,,,1.6806,
169.6544,,,,,,,,,,1.6695,
169.8068,,,,,,,,,,1.6748,
169.9592,,,,,,,,,,1.6878,
170.1116,,,,,,,,,,1.7035,
170.264,,,,,,,,,,1.7056,
170.4164,,,,,,,,,,1.6943,
170.5688,,,,,,,,,,1.672,
170.7212,,,,,,,,,,1.6399,
170.8736,,,,,,,,,,1.6057,
171.026,,,,,,,,,,1.5905,
171.1784,,,,,,,,,,1.6036,
171.3308,,,,,,,,,,1.6322,
171.4832,,,,,,,,,,1.67,
171.6356,,,,,,,,,,1.7066,
171.788,,,,,,,,,,1.7294,
171.9404,,,,,,,,,,1.7406,
172.0928,,,,,,,,,,1.7406,
172.2452,,,,,,,,,,1.729,
172.3976,,,,,,,,,,1.7129,
172.55,,,,,,,,,,1.7083,
172.7024,,,,,,,,,,1.7081,
172.8548,,,,,,,,,,1.7059,
173.0072,,,,,,,,,,1.699,
173.1596,,,,,,,,,,1.6946,
173.312,,,,,,,,,,1.6878,
173.4644,,,,,,,,,,1.6858,
173.6168,,,,,,,,,,1.6878,
173.7692,,,,,,,,,,1.6946,
173.9216,,,,,,,,,,1.699,
174.074,,,,,,,,,,1.7058,
174.2264,,,,,,,,,,1.7057,
174.3788,,,,,,,,,,1.6946,
174.5312,,,,,,,,,,1.6791,
174.6836,,,,,,,,,,1.6771,
174.836,,,,,,,,,,1.6902,
174.9884,,,,,,,,,,1.7151,
175.1408,,,,,,,,,,1.731,
175.2932,,,,,,,,,,1.7359,
175.4456,,,,,,,,,,1.7219,
175.598,,,,,,,,,,1.7083,
175.7504,,,,,,,,,,1.6991,
175.9028,,,,,,,,,,1.6946,
176.0552,,,,,,,,,,1.6858,
176.2076,,,,,,,,,,1.6836,
176.36,,,,,,,,,,1.7037,
176.5124,,,,,,,,,,1.7174,
176.6648,,,,,,,,,,1.7269,
176.8172,,,,,,,,,,1.7555,
176.9696,,,,,,,,,,1.792,
177.122,,,,,,,,,,1.8235,
177.2744,,,,,,,,,,1.8321,
177.4268,,,,,,,,,,1.8401,
177.5792,,,,,,,,,,1.8991,
177.7316,,,,,,,,,,1.9294,
177.884,,,,,,,,,,1.8958,
178.0364,,,,,,,,,,1.8266,
178.1888,,,,,,,,,,1.7602,
178.3412,,,,,,,,,,1.7314,
178.4936,,,,,,,,,,1.6831,
178.646,,,,,,,,,,1.6279,
178.7984,,,,,,,,,,1.5973,
178.9508,,,,,,,,,,1.5913,
179.1032,,,,,,,,,,1.5951,
179.2556,,,,,,,,,,1.6132,
179.408,,,,,,,,,,1.64,
179.5604,,,,,,,,,,1.6612,
179.7128,,,,,,,,,,1.6722,
179.8652,,,,,,,,,,1.6744,
180.0176,,,,,,,,,,1.6726,
180.17,,,,,,,,,,1.675,
180.3224,,,,,,,,,,1.7132,
180.4748,,,,,,,,,,1.7762,
180.6272,,,,,,,,,,1.8371,
180.7796,,,,,,,,,,1.8853,
180.932,,,,,,,,,,1.9007,
181.0844,,,,,,,,,,1.8964,
181.2368,,,,,,,,,,1.8602,
181.3892,,,,,,,,,,1.775,
181.5416,,,,,,,,,,1.6841,
181.694,,,,,,,,,,1.6351,
181.8464,,,,,,,,,,1.6185,
181.9988,,,,,,,,,,1.6031,
182.1512,,,,,,,,,,1.59,
182.3036,,,,,,,,,,1.5732,
182.456,,,,,,,,,,1.5574,
182.6084,,,,,,,,,,1.5539,
182.7608,,,,,,,,,,1.5715,
182.9132,,,,,,,,,,1.5851,
183.0656,,,,,,,,,,1.5888,
183.218,,,,,,,,,,1.6336,
183.3704,,,,,,,,,,1.7265,
183.5228,,,,,,,,,,1.7921,
183.6752,,,,,,,,,,1.7572,
183.8276,,,,,,,,,,1.682,
183.98,,,,,,,,,,1.6574,
184.1324,,,,,,,,,,1.6636,
184.2848,,,,,,,,,,1.6744,
184.4372,,,,,,,,,,1.6811,
184.5896,,,,,,,,,,1.679,
184.742,,,,,,,,,,1.6856,
184.8944,,,,,,,,,,1.6919,
185.0468,,,,,,,,,,1.6888,
185.1992,,,,,,,,,,1.7025,
185.3516,,,,,,,,,,1.748,
185.504,,,,,,,,,,1.8181,
185.6564,,,,,,,,,,1.8902,
185.8088,,,,,,,,,,1.9315,
185.9612,,,,,,,,,,1.9403,
186.1136,,,,,,,,,,1.8855,
186.266,,,,,,,,,,1.7815,
186.4184,,,,,,,,,,1.6938,
186.5708,,,,,,,,,,1.6523,
186.7232,,,,,,,,,,1.6263,
186.8756,,,,,,,,,,1.5962,
187.028,,,,,,,,,,1.5904,
187.1804,,,,,,,,,,1.6278,
187.3328,,,,,,,,,,1.6324,
187.4852,,,,,,,,,,1.589,
187.6376,,,,,,,,,,1.5715,
187.79,,,,,,,,,,1.5924,
187.9424,,,,,,,,,,1.6361,
188.0948,,,,,,,,,,1.6478,
188.2472,,,,,,,,,,1.6565,
188.3996,,,,,,,,,,1.6545,
188.552,,,,,,,,,,1.6486,
188.7044,,,,,,,,,,1.6358,
188.8568,,,,,,,,,,1.6297,
189.0092,,,,,,,,,,1.6232,
189.1616,,,,,,,,,,1.6174,
189.314,,,,,,,,,,1.6091,
189.4664,,,,,,,,,,1.6194,
189.6188,,,,,,,,,,1.6315,
189.7712,,,,,,,,,,1.6401,
189.9236,,,,,,,,,,1.6467,
190.076,,,,,,,,,,1.6681,
190.2284,,,,,,,,,,1.7034,
190.3808,,,,,,,,,,1.7236,
190.5332,,,,,,,,,,1.7086,
190.6856,,,,,,,,,,1.6607,
190.838,,,,,,,,,,1.6198,
190.9904,,,,,,,,,,1.5967,
191.1428,,,,,,,,,,1.5852,
191.2952,,,,,,,,,,1.5866,
191.4476,,,,,,,,,,1.605,
191.6,,,,,,,,,,1.6337,
191.7524,,,,,,,,,,1.6394,
191.9048,,,,,,,,,,1.6172,
192.0572,,,,,,,,,,1.6255,
192.2096,,,,,,,,,,1.6224,
192.362,,,,,,,,,,1.5891,
192.5144,,,,,,,,,,1.555,
192.6668,,,,,,,,,,1.5395,
192.8192,,,,,,,,,,1.5396,
192.9716,,,,,,,,,,1.5555,
193.124,,,,,,,,,,1.5954,
193.2764,,,,,,,,,,1.6174,
193.4288,,,,,,,,,,1.5881,
193.5812,,,,,,,,,,1.5349,
193.7336,,,,,,,,,,1.5122,
193.886,,,,,,,,,,1.5137,
194.0384,,,,,,,,,,1.5173,
194.1908,,,,,,,,,,1.531,
194.3432,,,,,,,,,,1.5745,
194.4956,,,,,,,,,,1.648,
194.648,,,,,,,,,,1.7033,
194.8004,,,,,,,,,,1.7489,
194.9528,,,,,,,,,,1.7629,
195.1052,,,,,,,,,,1.7375,
195.2576,,,,,,,,,,1.7241,
195.41,,,,,,,,,,1.7125,
195.5624,,,,,,,,,,1.7128,
195.7148,,,,,,,,,,1.7109,
195.8672,,,,,,,,,,1.7034,
196.0196,,,,,,,,,,1.6758,
196.172,,,,,,,,,,1.6117,
196.3244,,,,,,,,,,1.5633,
